2026-03-26 00:01:04 INFO  [] o.h.validator.internal.util.Version - HV000001: Hibernate Validator 8.0.3.Final
2026-03-26 00:01:04 INFO  [] c.s.snatchmart.SnatchMartApplication - Starting SnatchMartApplication using Java 21.0.9 with PID 5961 (/Users/pulkitgiddu/Documents/Code/Backend/snatchMart/target/classes started by pulkitgiddu in /Users/pulkitgiddu/Documents/Code/Backend/snatchMart)
2026-03-26 00:01:04 DEBUG [] c.s.snatchmart.SnatchMartApplication - Running with Spring Boot v3.5.6, Spring v6.2.11
2026-03-26 00:01:04 INFO  [] c.s.snatchmart.SnatchMartApplication - The following 1 profile is active: "local"
2026-03-26 00:01:04 INFO  [] o.s.b.d.e.DevToolsPropertyDefaultsPostProcessor - Devtools property defaults active! Set 'spring.devtools.add-properties' to 'false' to disable
2026-03-26 00:01:04 INFO  [] o.s.b.d.e.DevToolsPropertyDefaultsPostProcessor - For additional web related logging consider setting the 'logging.level.web' property to 'DEBUG'
2026-03-26 00:01:04 INFO  [] o.s.d.r.c.RepositoryConfigurationDelegate - Multiple Spring Data modules found, entering strict repository configuration mode
2026-03-26 00:01:04 INFO  [] o.s.d.r.c.RepositoryConfigurationDelegate - Bootstrapping Spring Data JPA repositories in DEFAULT mode.
2026-03-26 00:01:04 INFO  [] o.s.d.r.c.RepositoryConfigurationDelegate - Finished Spring Data repository scanning in 58 ms. Found 12 JPA repository interfaces.
2026-03-26 00:01:05 INFO  [] o.s.b.w.e.tomcat.TomcatWebServer - Tomcat initialized with port 8081 (http)
2026-03-26 00:01:05 INFO  [] o.a.coyote.http11.Http11NioProtocol - Initializing ProtocolHandler ["http-nio-0.0.0.0-8081"]
2026-03-26 00:01:05 INFO  [] o.a.catalina.core.StandardService - Starting service [Tomcat]
2026-03-26 00:01:05 INFO  [] o.a.catalina.core.StandardEngine - Starting Servlet engine: [Apache Tomcat/10.1.46]
2026-03-26 00:01:05 INFO  [] o.a.c.c.C.[Tomcat].[localhost].[/] - Initializing Spring embedded WebApplicationContext
2026-03-26 00:01:05 INFO  [] o.s.b.w.s.c.ServletWebServerApplicationContext - Root WebApplicationContext: initialization completed in 583 ms
2026-03-26 00:01:05 INFO  [] o.h.jpa.internal.util.LogHelper - HHH000204: Processing PersistenceUnitInfo [name: default]
2026-03-26 00:01:05 INFO  [] org.hibernate.Version - HHH000412: Hibernate ORM core version 6.6.29.Final
2026-03-26 00:01:05 INFO  [] o.h.c.i.RegionFactoryInitiator - HHH000026: Second-level cache disabled
2026-03-26 00:01:05 INFO  [] o.s.o.j.p.SpringPersistenceUnitInfo - No LoadTimeWeaver setup: ignoring JPA class transformer
2026-03-26 00:01:05 INFO  [] com.zaxxer.hikari.HikariDataSource - HikariPool-1 - Starting...
2026-03-26 00:01:06 WARN  [] o.h.e.jdbc.spi.SqlExceptionHelper - SQL Error: 0, SQLState: 08001
2026-03-26 00:01:06 ERROR [] o.h.e.jdbc.spi.SqlExceptionHelper - Connection to localhost:5432 refused. Check that the hostname and port are correct and that the postmaster is accepting TCP/IP connections.
2026-03-26 00:01:06 WARN  [] o.h.e.j.e.i.JdbcEnvironmentInitiator - HHH000342: Could not obtain connection to query metadata
org.hibernate.exception.JDBCConnectionException: unable to obtain isolated JDBC connection [Connection to localhost:5432 refused. Check that the hostname and port are correct and that the postmaster is accepting TCP/IP connections.] [n/a]
	at org.hibernate.exception.internal.SQLStateConversionDelegate.convert(SQLStateConversionDelegate.java:100)
	at org.hibernate.exception.internal.StandardSQLExceptionConverter.convert(StandardSQLExceptionConverter.java:58)
	at org.hibernate.engine.jdbc.spi.SqlExceptionHelper.convert(SqlExceptionHelper.java:108)
	at org.hibernate.engine.jdbc.spi.SqlExceptionHelper.convert(SqlExceptionHelper.java:94)
	at org.hibernate.resource.transaction.backend.jdbc.internal.JdbcIsolationDelegate.delegateWork(JdbcIsolationDelegate.java:116)
	at org.hibernate.engine.jdbc.env.internal.JdbcEnvironmentInitiator.getJdbcEnvironmentUsingJdbcMetadata(JdbcEnvironmentInitiator.java:334)
	at org.hibernate.engine.jdbc.env.internal.JdbcEnvironmentInitiator.initiateService(JdbcEnvironmentInitiator.java:129)
	at org.hibernate.engine.jdbc.env.internal.JdbcEnvironmentInitiator.initiateService(JdbcEnvironmentInitiator.java:81)
	at org.hibernate.boot.registry.internal.StandardServiceRegistryImpl.initiateService(StandardServiceRegistryImpl.java:130)
	at org.hibernate.service.internal.AbstractServiceRegistryImpl.createService(AbstractServiceRegistryImpl.java:263)
	at org.hibernate.service.internal.AbstractServiceRegistryImpl.initializeService(AbstractServiceRegistryImpl.java:238)
	at org.hibernate.service.internal.AbstractServiceRegistryImpl.getService(AbstractServiceRegistryImpl.java:215)
	at org.hibernate.boot.model.relational.Database.<init>(Database.java:45)
	at org.hibernate.boot.internal.InFlightMetadataCollectorImpl.getDatabase(InFlightMetadataCollectorImpl.java:226)
	at org.hibernate.boot.internal.InFlightMetadataCollectorImpl.<init>(InFlightMetadataCollectorImpl.java:194)
	at org.hibernate.boot.model.process.spi.MetadataBuildingProcess.complete(MetadataBuildingProcess.java:171)
	at org.hibernate.jpa.boot.internal.EntityManagerFactoryBuilderImpl.metadata(EntityManagerFactoryBuilderImpl.java:1442)
	at org.hibernate.jpa.boot.internal.EntityManagerFactoryBuilderImpl.build(EntityManagerFactoryBuilderImpl.java:1513)
	at org.springframework.orm.jpa.vendor.SpringHibernateJpaPersistenceProvider.createContainerEntityManagerFactory(SpringHibernateJpaPersistenceProvider.java:66)
	at org.springframework.orm.jpa.LocalContainerEntityManagerFactoryBean.createNativeEntityManagerFactory(LocalContainerEntityManagerFactoryBean.java:390)
	at org.springframework.orm.jpa.AbstractEntityManagerFactoryBean.buildNativeEntityManagerFactory(AbstractEntityManagerFactoryBean.java:419)
	at org.springframework.orm.jpa.AbstractEntityManagerFactoryBean.afterPropertiesSet(AbstractEntityManagerFactoryBean.java:400)
	at org.springframework.orm.jpa.LocalContainerEntityManagerFactoryBean.afterPropertiesSet(LocalContainerEntityManagerFactoryBean.java:366)
	at org.springframework.beans.factory.support.AbstractAutowireCapableBeanFactory.invokeInitMethods(AbstractAutowireCapableBeanFactory.java:1873)
	at org.springframework.beans.factory.support.AbstractAutowireCapableBeanFactory.initializeBean(AbstractAutowireCapableBeanFactory.java:1822)
	at org.springframework.beans.factory.support.AbstractAutowireCapableBeanFactory.doCreateBean(AbstractAutowireCapableBeanFactory.java:607)
	at org.springframework.beans.factory.support.AbstractAutowireCapableBeanFactory.createBean(AbstractAutowireCapableBeanFactory.java:529)
	at org.springframework.beans.factory.support.AbstractBeanFactory.lambda$doGetBean$0(AbstractBeanFactory.java:339)
	at org.springframework.beans.factory.support.DefaultSingletonBeanRegistry.getSingleton(DefaultSingletonBeanRegistry.java:373)
	at org.springframework.beans.factory.support.AbstractBeanFactory.doGetBean(AbstractBeanFactory.java:337)
	at org.springframework.beans.factory.support.AbstractBeanFactory.getBean(AbstractBeanFactory.java:202)
	at org.springframework.beans.factory.support.BeanDefinitionValueResolver.resolveReference(BeanDefinitionValueResolver.java:365)
	at org.springframework.beans.factory.support.BeanDefinitionValueResolver.resolveValueIfNecessary(BeanDefinitionValueResolver.java:135)
	at org.springframework.beans.factory.support.ConstructorResolver.resolveConstructorArguments(ConstructorResolver.java:691)
	at org.springframework.beans.factory.support.ConstructorResolver.instantiateUsingFactoryMethod(ConstructorResolver.java:513)
	at org.springframework.beans.factory.support.AbstractAutowireCapableBeanFactory.instantiateUsingFactoryMethod(AbstractAutowireCapableBeanFactory.java:1375)
	at org.springframework.beans.factory.support.AbstractAutowireCapableBeanFactory.createBeanInstance(AbstractAutowireCapableBeanFactory.java:1205)
	at org.springframework.beans.factory.support.AbstractAutowireCapableBeanFactory.doCreateBean(AbstractAutowireCapableBeanFactory.java:569)
	at org.springframework.beans.factory.support.AbstractAutowireCapableBeanFactory.createBean(AbstractAutowireCapableBeanFactory.java:529)
	at org.springframework.beans.factory.support.AbstractBeanFactory.lambda$doGetBean$0(AbstractBeanFactory.java:339)
	at org.springframework.beans.factory.support.DefaultSingletonBeanRegistry.getSingleton(DefaultSingletonBeanRegistry.java:373)
	at org.springframework.beans.factory.support.AbstractBeanFactory.doGetBean(AbstractBeanFactory.java:337)
	at org.springframework.beans.factory.support.AbstractBeanFactory.getBean(AbstractBeanFactory.java:202)
	at org.springframework.beans.factory.support.BeanDefinitionValueResolver.resolveReference(BeanDefinitionValueResolver.java:365)
	at org.springframework.beans.factory.support.BeanDefinitionValueResolver.resolveValueIfNecessary(BeanDefinitionValueResolver.java:135)
	at org.springframework.beans.factory.support.AbstractAutowireCapableBeanFactory.applyPropertyValues(AbstractAutowireCapableBeanFactory.java:1725)
	at org.springframework.beans.factory.support.AbstractAutowireCapableBeanFactory.populateBean(AbstractAutowireCapableBeanFactory.java:1474)
	at org.springframework.beans.factory.support.AbstractAutowireCapableBeanFactory.doCreateBean(AbstractAutowireCapableBeanFactory.java:606)
	at org.springframework.beans.factory.support.AbstractAutowireCapableBeanFactory.createBean(AbstractAutowireCapableBeanFactory.java:529)
	at org.springframework.beans.factory.support.AbstractBeanFactory.lambda$doGetBean$0(AbstractBeanFactory.java:339)
	at org.springframework.beans.factory.support.DefaultSingletonBeanRegistry.getSingleton(DefaultSingletonBeanRegistry.java:373)
	at org.springframework.beans.factory.support.AbstractBeanFactory.doGetBean(AbstractBeanFactory.java:337)
	at org.springframework.beans.factory.support.AbstractBeanFactory.getBean(AbstractBeanFactory.java:202)
	at org.springframework.beans.factory.support.DefaultListableBeanFactory.doResolveDependency(DefaultListableBeanFactory.java:1698)
	at org.springframework.beans.factory.support.DefaultListableBeanFactory.resolveDependency(DefaultListableBeanFactory.java:1643)
	at org.springframework.beans.factory.support.ConstructorResolver.resolveAutowiredArgument(ConstructorResolver.java:913)
	at org.springframework.beans.factory.support.ConstructorResolver.createArgumentArray(ConstructorResolver.java:791)
	at org.springframework.beans.factory.support.ConstructorResolver.autowireConstructor(ConstructorResolver.java:240)
	at org.springframework.beans.factory.support.AbstractAutowireCapableBeanFactory.autowireConstructor(AbstractAutowireCapableBeanFactory.java:1395)
	at org.springframework.beans.factory.support.AbstractAutowireCapableBeanFactory.createBeanInstance(AbstractAutowireCapableBeanFactory.java:1232)
	at org.springframework.beans.factory.support.AbstractAutowireCapableBeanFactory.doCreateBean(AbstractAutowireCapableBeanFactory.java:569)
	at org.springframework.beans.factory.support.AbstractAutowireCapableBeanFactory.createBean(AbstractAutowireCapableBeanFactory.java:529)
	at org.springframework.beans.factory.support.AbstractBeanFactory.lambda$doGetBean$0(AbstractBeanFactory.java:339)
	at org.springframework.beans.factory.support.DefaultSingletonBeanRegistry.getSingleton(DefaultSingletonBeanRegistry.java:373)
	at org.springframework.beans.factory.support.AbstractBeanFactory.doGetBean(AbstractBeanFactory.java:337)
	at org.springframework.beans.factory.support.AbstractBeanFactory.getBean(AbstractBeanFactory.java:202)
	at org.springframework.beans.factory.config.DependencyDescriptor.resolveCandidate(DependencyDescriptor.java:254)
	at org.springframework.beans.factory.support.DefaultListableBeanFactory.doResolveDependency(DefaultListableBeanFactory.java:1760)
	at org.springframework.beans.factory.support.DefaultListableBeanFactory.resolveDependency(DefaultListableBeanFactory.java:1643)
	at org.springframework.beans.factory.support.ConstructorResolver.resolveAutowiredArgument(ConstructorResolver.java:913)
	at org.springframework.beans.factory.support.ConstructorResolver.createArgumentArray(ConstructorResolver.java:791)
	at org.springframework.beans.factory.support.ConstructorResolver.autowireConstructor(ConstructorResolver.java:240)
	at org.springframework.beans.factory.support.AbstractAutowireCapableBeanFactory.autowireConstructor(AbstractAutowireCapableBeanFactory.java:1395)
	at org.springframework.beans.factory.support.AbstractAutowireCapableBeanFactory.createBeanInstance(AbstractAutowireCapableBeanFactory.java:1232)
	at org.springframework.beans.factory.support.AbstractAutowireCapableBeanFactory.doCreateBean(AbstractAutowireCapableBeanFactory.java:569)
	at org.springframework.beans.factory.support.AbstractAutowireCapableBeanFactory.createBean(AbstractAutowireCapableBeanFactory.java:529)
	at org.springframework.beans.factory.support.AbstractBeanFactory.lambda$doGetBean$0(AbstractBeanFactory.java:339)
	at org.springframework.beans.factory.support.DefaultSingletonBeanRegistry.getSingleton(DefaultSingletonBeanRegistry.java:373)
	at org.springframework.beans.factory.support.AbstractBeanFactory.doGetBean(AbstractBeanFactory.java:337)
	at org.springframework.beans.factory.support.AbstractBeanFactory.getBean(AbstractBeanFactory.java:207)
	at org.springframework.boot.web.servlet.ServletContextInitializerBeans.getOrderedBeansOfType(ServletContextInitializerBeans.java:230)
	at org.springframework.boot.web.servlet.ServletContextInitializerBeans.addAsRegistrationBean(ServletContextInitializerBeans.java:184)
	at org.springframework.boot.web.servlet.ServletContextInitializerBeans.addAsRegistrationBean(ServletContextInitializerBeans.java:179)
	at org.springframework.boot.web.servlet.ServletContextInitializerBeans.addAdaptableBeans(ServletContextInitializerBeans.java:164)
	at org.springframework.boot.web.servlet.ServletContextInitializerBeans.<init>(ServletContextInitializerBeans.java:96)
	at org.springframework.boot.web.servlet.context.ServletWebServerApplicationContext.getServletContextInitializerBeans(ServletWebServerApplicationContext.java:271)
	at org.springframework.boot.web.servlet.context.ServletWebServerApplicationContext.selfInitialize(ServletWebServerApplicationContext.java:245)
	at org.springframework.boot.web.embedded.tomcat.TomcatStarter.onStartup(TomcatStarter.java:52)
	at org.apache.catalina.core.StandardContext.startInternal(StandardContext.java:4464)
	at org.apache.catalina.util.LifecycleBase.start(LifecycleBase.java:164)
	at org.apache.catalina.core.ContainerBase$StartChild.call(ContainerBase.java:1203)
	at org.apache.catalina.core.ContainerBase$StartChild.call(ContainerBase.java:1193)
	at java.base/java.util.concurrent.FutureTask.run(FutureTask.java:317)
	at org.apache.tomcat.util.threads.InlineExecutorService.execute(InlineExecutorService.java:81)
	at java.base/java.util.concurrent.AbstractExecutorService.submit(AbstractExecutorService.java:145)
	at org.apache.catalina.core.ContainerBase.startInternal(ContainerBase.java:749)
	at org.apache.catalina.core.StandardHost.startInternal(StandardHost.java:773)
	at org.apache.catalina.util.LifecycleBase.start(LifecycleBase.java:164)
	at org.apache.catalina.core.ContainerBase$StartChild.call(ContainerBase.java:1203)
	at org.apache.catalina.core.ContainerBase$StartChild.call(ContainerBase.java:1193)
	at java.base/java.util.concurrent.FutureTask.run(FutureTask.java:317)
	at org.apache.tomcat.util.threads.InlineExecutorService.execute(InlineExecutorService.java:81)
	at java.base/java.util.concurrent.AbstractExecutorService.submit(AbstractExecutorService.java:145)
	at org.apache.catalina.core.ContainerBase.startInternal(ContainerBase.java:749)
	at org.apache.catalina.core.StandardEngine.startInternal(StandardEngine.java:203)
	at org.apache.catalina.util.LifecycleBase.start(LifecycleBase.java:164)
	at org.apache.catalina.core.StandardService.startInternal(StandardService.java:412)
	at org.apache.catalina.util.LifecycleBase.start(LifecycleBase.java:164)
	at org.apache.catalina.core.StandardServer.startInternal(StandardServer.java:870)
	at org.apache.catalina.util.LifecycleBase.start(LifecycleBase.java:164)
	at org.apache.catalina.startup.Tomcat.start(Tomcat.java:438)
	at org.springframework.boot.web.embedded.tomcat.TomcatWebServer.initialize(TomcatWebServer.java:128)
	at org.springframework.boot.web.embedded.tomcat.TomcatWebServer.<init>(TomcatWebServer.java:107)
	at org.springframework.boot.web.embedded.tomcat.TomcatServletWebServerFactory.getTomcatWebServer(TomcatServletWebServerFactory.java:517)
	at org.springframework.boot.web.embedded.tomcat.TomcatServletWebServerFactory.getWebServer(TomcatServletWebServerFactory.java:219)
	at org.springframework.boot.web.servlet.context.ServletWebServerApplicationContext.createWebServer(ServletWebServerApplicationContext.java:193)
	at org.springframework.boot.web.servlet.context.ServletWebServerApplicationContext.onRefresh(ServletWebServerApplicationContext.java:167)
	at org.springframework.context.support.AbstractApplicationContext.refresh(AbstractApplicationContext.java:621)
	at org.springframework.boot.web.servlet.context.ServletWebServerApplicationContext.refresh(ServletWebServerApplicationContext.java:146)
	at org.springframework.boot.SpringApplication.refresh(SpringApplication.java:752)
	at org.springframework.boot.SpringApplication.refreshContext(SpringApplication.java:439)
	at org.springframework.boot.SpringApplication.run(SpringApplication.java:318)
	at org.springframework.boot.SpringApplication.run(SpringApplication.java:1361)
	at org.springframework.boot.SpringApplication.run(SpringApplication.java:1350)
	at com.snatchmart.snatchmart.SnatchMartApplication.main(SnatchMartApplication.java:14)
	at java.base/jdk.internal.reflect.DirectMethodHandleAccessor.invoke(DirectMethodHandleAccessor.java:103)
	at java.base/java.lang.reflect.Method.invoke(Method.java:580)
	at org.springframework.boot.devtools.restart.RestartLauncher.run(RestartLauncher.java:50)
Caused by: org.postgresql.util.PSQLException: Connection to localhost:5432 refused. Check that the hostname and port are correct and that the postmaster is accepting TCP/IP connections.
	at org.postgresql.core.v3.ConnectionFactoryImpl.openConnectionImpl(ConnectionFactoryImpl.java:373)
	at org.postgresql.core.ConnectionFactory.openConnection(ConnectionFactory.java:57)
	at org.postgresql.jdbc.PgConnection.<init>(PgConnection.java:277)
	at org.postgresql.Driver.makeConnection(Driver.java:448)
	at org.postgresql.Driver.connect(Driver.java:298)
	at com.zaxxer.hikari.util.DriverDataSource.getConnection(DriverDataSource.java:144)
	at com.zaxxer.hikari.pool.PoolBase.newConnection(PoolBase.java:370)
	at com.zaxxer.hikari.pool.PoolBase.newPoolEntry(PoolBase.java:207)
	at com.zaxxer.hikari.pool.HikariPool.createPoolEntry(HikariPool.java:488)
	at com.zaxxer.hikari.pool.HikariPool.checkFailFast(HikariPool.java:576)
	at com.zaxxer.hikari.pool.HikariPool.<init>(HikariPool.java:97)
	at com.zaxxer.hikari.HikariDataSource.getConnection(HikariDataSource.java:111)
	at org.hibernate.engine.jdbc.connections.internal.DatasourceConnectionProviderImpl.getConnection(DatasourceConnectionProviderImpl.java:126)
	at org.hibernate.engine.jdbc.env.internal.JdbcEnvironmentInitiator$ConnectionProviderJdbcConnectionAccess.obtainConnection(JdbcEnvironmentInitiator.java:485)
	at org.hibernate.resource.transaction.backend.jdbc.internal.JdbcIsolationDelegate.delegateWork(JdbcIsolationDelegate.java:61)
	... 123 common frames omitted
Caused by: java.net.ConnectException: Connection refused
	at java.base/sun.nio.ch.Net.pollConnect(Native Method)
	at java.base/sun.nio.ch.Net.pollConnectNow(Net.java:682)
	at java.base/sun.nio.ch.NioSocketImpl.timedFinishConnect(NioSocketImpl.java:542)
	at java.base/sun.nio.ch.NioSocketImpl.connect(NioSocketImpl.java:592)
	at java.base/java.net.SocksSocketImpl.connect(SocksSocketImpl.java:327)
	at java.base/java.net.Socket.connect(Socket.java:751)
	at org.postgresql.core.PGStream.createSocket(PGStream.java:261)
	at org.postgresql.core.PGStream.<init>(PGStream.java:122)
	at org.postgresql.core.v3.ConnectionFactoryImpl.tryConnect(ConnectionFactoryImpl.java:146)
	at org.postgresql.core.v3.ConnectionFactoryImpl.openConnectionImpl(ConnectionFactoryImpl.java:289)
	... 137 common frames omitted
2026-03-26 00:01:06 WARN  [] org.hibernate.orm.deprecation - HHH90000025: PostgreSQLDialect does not need to be specified explicitly using 'hibernate.dialect' (remove the property setting and it will be selected by default)
2026-03-26 00:01:06 INFO  [] o.hibernate.orm.connections.pooling - HHH10001005: Database info:
	Database JDBC URL [Connecting through datasource 'HikariDataSource (null)']
	Database driver: undefined/unknown
	Database version: 12.0
	Autocommit mode: undefined/unknown
	Isolation level: undefined/unknown
	Minimum pool size: undefined/unknown
	Maximum pool size: undefined/unknown
2026-03-26 00:01:06 INFO  [] o.h.e.t.j.p.i.JtaPlatformInitiator - HHH000489: No JTA platform available (set 'hibernate.transaction.jta.platform' to enable JTA platform integration)
2026-03-26 00:01:06 INFO  [] com.zaxxer.hikari.HikariDataSource - HikariPool-1 - Starting...
2026-03-26 00:01:07 WARN  [] o.h.e.jdbc.spi.SqlExceptionHelper - SQL Error: 0, SQLState: 08001
2026-03-26 00:01:07 ERROR [] o.h.e.jdbc.spi.SqlExceptionHelper - Connection to localhost:5432 refused. Check that the hostname and port are correct and that the postmaster is accepting TCP/IP connections.
2026-03-26 00:01:07 ERROR [] o.s.o.j.LocalContainerEntityManagerFactoryBean - Failed to initialize JPA EntityManagerFactory: [PersistenceUnit: default] Unable to build Hibernate SessionFactory; nested exception is org.hibernate.exception.JDBCConnectionException: Unable to open JDBC Connection for DDL execution [Connection to localhost:5432 refused. Check that the hostname and port are correct and that the postmaster is accepting TCP/IP connections.] [n/a]
2026-03-26 00:01:07 ERROR [] o.s.b.w.e.tomcat.TomcatStarter - Error starting Tomcat context. Exception: org.springframework.beans.factory.UnsatisfiedDependencyException. Message: Error creating bean with name 'jwtAuthenticationFilter' defined in file [/Users/pulkitgiddu/Documents/Code/Backend/snatchMart/target/classes/com/snatchmart/snatchmart/security/JwtAuthenticationFilter.class]: Unsatisfied dependency expressed through constructor parameter 1: Error creating bean with name 'userDetailsServiceImpl' defined in file [/Users/pulkitgiddu/Documents/Code/Backend/snatchMart/target/classes/com/snatchmart/snatchmart/security/UserDetailsServiceImpl.class]: Unsatisfied dependency expressed through constructor parameter 0: Error creating bean with name 'userRepository' defined in com.snatchmart.snatchmart.repository.UserRepository defined in @EnableJpaRepositories declared on JpaRepositoriesRegistrar.EnableJpaRepositoriesConfiguration: Cannot resolve reference to bean 'jpaSharedEM_entityManagerFactory' while setting bean property 'entityManager'
2026-03-26 00:01:07 INFO  [] o.a.catalina.core.StandardService - Stopping service [Tomcat]
2026-03-26 00:01:07 WARN  [] o.s.b.w.s.c.AnnotationConfigServletWebServerApplicationContext - Exception encountered during context initialization - cancelling refresh attempt: org.springframework.context.ApplicationContextException: Unable to start web server
2026-03-26 00:01:07 INFO  [] o.s.b.a.l.ConditionEvaluationReportLogger - 

Error starting ApplicationContext. To display the condition evaluation report re-run your application with 'debug' enabled.
2026-03-26 00:01:07 ERROR [] o.s.boot.SpringApplication - Application run failed
org.springframework.context.ApplicationContextException: Unable to start web server
	at org.springframework.boot.web.servlet.context.ServletWebServerApplicationContext.onRefresh(ServletWebServerApplicationContext.java:170)
	at org.springframework.context.support.AbstractApplicationContext.refresh(AbstractApplicationContext.java:621)
	at org.springframework.boot.web.servlet.context.ServletWebServerApplicationContext.refresh(ServletWebServerApplicationContext.java:146)
	at org.springframework.boot.SpringApplication.refresh(SpringApplication.java:752)
	at org.springframework.boot.SpringApplication.refreshContext(SpringApplication.java:439)
	at org.springframework.boot.SpringApplication.run(SpringApplication.java:318)
	at org.springframework.boot.SpringApplication.run(SpringApplication.java:1361)
	at org.springframework.boot.SpringApplication.run(SpringApplication.java:1350)
	at com.snatchmart.snatchmart.SnatchMartApplication.main(SnatchMartApplication.java:14)
	at java.base/jdk.internal.reflect.DirectMethodHandleAccessor.invoke(DirectMethodHandleAccessor.java:103)
	at java.base/java.lang.reflect.Method.invoke(Method.java:580)
	at org.springframework.boot.devtools.restart.RestartLauncher.run(RestartLauncher.java:50)
Caused by: org.springframework.boot.web.server.WebServerException: Unable to start embedded Tomcat
	at org.springframework.boot.web.embedded.tomcat.TomcatWebServer.initialize(TomcatWebServer.java:147)
	at org.springframework.boot.web.embedded.tomcat.TomcatWebServer.<init>(TomcatWebServer.java:107)
	at org.springframework.boot.web.embedded.tomcat.TomcatServletWebServerFactory.getTomcatWebServer(TomcatServletWebServerFactory.java:517)
	at org.springframework.boot.web.embedded.tomcat.TomcatServletWebServerFactory.getWebServer(TomcatServletWebServerFactory.java:219)
	at org.springframework.boot.web.servlet.context.ServletWebServerApplicationContext.createWebServer(ServletWebServerApplicationContext.java:193)
	at org.springframework.boot.web.servlet.context.ServletWebServerApplicationContext.onRefresh(ServletWebServerApplicationContext.java:167)
	... 11 common frames omitted
Caused by: org.springframework.beans.factory.UnsatisfiedDependencyException: Error creating bean with name 'jwtAuthenticationFilter' defined in file [/Users/pulkitgiddu/Documents/Code/Backend/snatchMart/target/classes/com/snatchmart/snatchmart/security/JwtAuthenticationFilter.class]: Unsatisfied dependency expressed through constructor parameter 1: Error creating bean with name 'userDetailsServiceImpl' defined in file [/Users/pulkitgiddu/Documents/Code/Backend/snatchMart/target/classes/com/snatchmart/snatchmart/security/UserDetailsServiceImpl.class]: Unsatisfied dependency expressed through constructor parameter 0: Error creating bean with name 'userRepository' defined in com.snatchmart.snatchmart.repository.UserRepository defined in @EnableJpaRepositories declared on JpaRepositoriesRegistrar.EnableJpaRepositoriesConfiguration: Cannot resolve reference to bean 'jpaSharedEM_entityManagerFactory' while setting bean property 'entityManager'
	at org.springframework.beans.factory.support.ConstructorResolver.createArgumentArray(ConstructorResolver.java:804)
	at org.springframework.beans.factory.support.ConstructorResolver.autowireConstructor(ConstructorResolver.java:240)
	at org.springframework.beans.factory.support.AbstractAutowireCapableBeanFactory.autowireConstructor(AbstractAutowireCapableBeanFactory.java:1395)
	at org.springframework.beans.factory.support.AbstractAutowireCapableBeanFactory.createBeanInstance(AbstractAutowireCapableBeanFactory.java:1232)
	at org.springframework.beans.factory.support.AbstractAutowireCapableBeanFactory.doCreateBean(AbstractAutowireCapableBeanFactory.java:569)
	at org.springframework.beans.factory.support.AbstractAutowireCapableBeanFactory.createBean(AbstractAutowireCapableBeanFactory.java:529)
	at org.springframework.beans.factory.support.AbstractBeanFactory.lambda$doGetBean$0(AbstractBeanFactory.java:339)
	at org.springframework.beans.factory.support.DefaultSingletonBeanRegistry.getSingleton(DefaultSingletonBeanRegistry.java:373)
	at org.springframework.beans.factory.support.AbstractBeanFactory.doGetBean(AbstractBeanFactory.java:337)
	at org.springframework.beans.factory.support.AbstractBeanFactory.getBean(AbstractBeanFactory.java:207)
	at org.springframework.boot.web.servlet.ServletContextInitializerBeans.getOrderedBeansOfType(ServletContextInitializerBeans.java:230)
	at org.springframework.boot.web.servlet.ServletContextInitializerBeans.addAsRegistrationBean(ServletContextInitializerBeans.java:184)
	at org.springframework.boot.web.servlet.ServletContextInitializerBeans.addAsRegistrationBean(ServletContextInitializerBeans.java:179)
	at org.springframework.boot.web.servlet.ServletContextInitializerBeans.addAdaptableBeans(ServletContextInitializerBeans.java:164)
	at org.springframework.boot.web.servlet.ServletContextInitializerBeans.<init>(ServletContextInitializerBeans.java:96)
	at org.springframework.boot.web.servlet.context.ServletWebServerApplicationContext.getServletContextInitializerBeans(ServletWebServerApplicationContext.java:271)
	at org.springframework.boot.web.servlet.context.ServletWebServerApplicationContext.selfInitialize(ServletWebServerApplicationContext.java:245)
	at org.springframework.boot.web.embedded.tomcat.TomcatStarter.onStartup(TomcatStarter.java:52)
	at org.apache.catalina.core.StandardContext.startInternal(StandardContext.java:4464)
	at org.apache.catalina.util.LifecycleBase.start(LifecycleBase.java:164)
	at org.apache.catalina.core.ContainerBase$StartChild.call(ContainerBase.java:1203)
	at org.apache.catalina.core.ContainerBase$StartChild.call(ContainerBase.java:1193)
	at java.base/java.util.concurrent.FutureTask.run(FutureTask.java:317)
	at org.apache.tomcat.util.threads.InlineExecutorService.execute(InlineExecutorService.java:81)
	at java.base/java.util.concurrent.AbstractExecutorService.submit(AbstractExecutorService.java:145)
	at org.apache.catalina.core.ContainerBase.startInternal(ContainerBase.java:749)
	at org.apache.catalina.core.StandardHost.startInternal(StandardHost.java:773)
	at org.apache.catalina.util.LifecycleBase.start(LifecycleBase.java:164)
	at org.apache.catalina.core.ContainerBase$StartChild.call(ContainerBase.java:1203)
	at org.apache.catalina.core.ContainerBase$StartChild.call(ContainerBase.java:1193)
	at java.base/java.util.concurrent.FutureTask.run(FutureTask.java:317)
	at org.apache.tomcat.util.threads.InlineExecutorService.execute(InlineExecutorService.java:81)
	at java.base/java.util.concurrent.AbstractExecutorService.submit(AbstractExecutorService.java:145)
	at org.apache.catalina.core.ContainerBase.startInternal(ContainerBase.java:749)
	at org.apache.catalina.core.StandardEngine.startInternal(StandardEngine.java:203)
	at org.apache.catalina.util.LifecycleBase.start(LifecycleBase.java:164)
	at org.apache.catalina.core.StandardService.startInternal(StandardService.java:412)
	at org.apache.catalina.util.LifecycleBase.start(LifecycleBase.java:164)
	at org.apache.catalina.core.StandardServer.startInternal(StandardServer.java:870)
	at org.apache.catalina.util.LifecycleBase.start(LifecycleBase.java:164)
	at org.apache.catalina.startup.Tomcat.start(Tomcat.java:438)
	at org.springframework.boot.web.embedded.tomcat.TomcatWebServer.initialize(TomcatWebServer.java:128)
	... 16 common frames omitted
Caused by: org.springframework.beans.factory.UnsatisfiedDependencyException: Error creating bean with name 'userDetailsServiceImpl' defined in file [/Users/pulkitgiddu/Documents/Code/Backend/snatchMart/target/classes/com/snatchmart/snatchmart/security/UserDetailsServiceImpl.class]: Unsatisfied dependency expressed through constructor parameter 0: Error creating bean with name 'userRepository' defined in com.snatchmart.snatchmart.repository.UserRepository defined in @EnableJpaRepositories declared on JpaRepositoriesRegistrar.EnableJpaRepositoriesConfiguration: Cannot resolve reference to bean 'jpaSharedEM_entityManagerFactory' while setting bean property 'entityManager'
	at org.springframework.beans.factory.support.ConstructorResolver.createArgumentArray(ConstructorResolver.java:804)
	at org.springframework.beans.factory.support.ConstructorResolver.autowireConstructor(ConstructorResolver.java:240)
	at org.springframework.beans.factory.support.AbstractAutowireCapableBeanFactory.autowireConstructor(AbstractAutowireCapableBeanFactory.java:1395)
	at org.springframework.beans.factory.support.AbstractAutowireCapableBeanFactory.createBeanInstance(AbstractAutowireCapableBeanFactory.java:1232)
	at org.springframework.beans.factory.support.AbstractAutowireCapableBeanFactory.doCreateBean(AbstractAutowireCapableBeanFactory.java:569)
	at org.springframework.beans.factory.support.AbstractAutowireCapableBeanFactory.createBean(AbstractAutowireCapableBeanFactory.java:529)
	at org.springframework.beans.factory.support.AbstractBeanFactory.lambda$doGetBean$0(AbstractBeanFactory.java:339)
	at org.springframework.beans.factory.support.DefaultSingletonBeanRegistry.getSingleton(DefaultSingletonBeanRegistry.java:373)
	at org.springframework.beans.factory.support.AbstractBeanFactory.doGetBean(AbstractBeanFactory.java:337)
	at org.springframework.beans.factory.support.AbstractBeanFactory.getBean(AbstractBeanFactory.java:202)
	at org.springframework.beans.factory.config.DependencyDescriptor.resolveCandidate(DependencyDescriptor.java:254)
	at org.springframework.beans.factory.support.DefaultListableBeanFactory.doResolveDependency(DefaultListableBeanFactory.java:1760)
	at org.springframework.beans.factory.support.DefaultListableBeanFactory.resolveDependency(DefaultListableBeanFactory.java:1643)
	at org.springframework.beans.factory.support.ConstructorResolver.resolveAutowiredArgument(ConstructorResolver.java:913)
	at org.springframework.beans.factory.support.ConstructorResolver.createArgumentArray(ConstructorResolver.java:791)
	... 57 common frames omitted
Caused by: org.springframework.beans.factory.BeanCreationException: Error creating bean with name 'userRepository' defined in com.snatchmart.snatchmart.repository.UserRepository defined in @EnableJpaRepositories declared on JpaRepositoriesRegistrar.EnableJpaRepositoriesConfiguration: Cannot resolve reference to bean 'jpaSharedEM_entityManagerFactory' while setting bean property 'entityManager'
	at org.springframework.beans.factory.support.BeanDefinitionValueResolver.resolveReference(BeanDefinitionValueResolver.java:377)
	at org.springframework.beans.factory.support.BeanDefinitionValueResolver.resolveValueIfNecessary(BeanDefinitionValueResolver.java:135)
	at org.springframework.beans.factory.support.AbstractAutowireCapableBeanFactory.applyPropertyValues(AbstractAutowireCapableBeanFactory.java:1725)
	at org.springframework.beans.factory.support.AbstractAutowireCapableBeanFactory.populateBean(AbstractAutowireCapableBeanFactory.java:1474)
	at org.springframework.beans.factory.support.AbstractAutowireCapableBeanFactory.doCreateBean(AbstractAutowireCapableBeanFactory.java:606)
	at org.springframework.beans.factory.support.AbstractAutowireCapableBeanFactory.createBean(AbstractAutowireCapableBeanFactory.java:529)
	at org.springframework.beans.factory.support.AbstractBeanFactory.lambda$doGetBean$0(AbstractBeanFactory.java:339)
	at org.springframework.beans.factory.support.DefaultSingletonBeanRegistry.getSingleton(DefaultSingletonBeanRegistry.java:373)
	at org.springframework.beans.factory.support.AbstractBeanFactory.doGetBean(AbstractBeanFactory.java:337)
	at org.springframework.beans.factory.support.AbstractBeanFactory.getBean(AbstractBeanFactory.java:202)
	at org.springframework.beans.factory.support.DefaultListableBeanFactory.doResolveDependency(DefaultListableBeanFactory.java:1698)
	at org.springframework.beans.factory.support.DefaultListableBeanFactory.resolveDependency(DefaultListableBeanFactory.java:1643)
	at org.springframework.beans.factory.support.ConstructorResolver.resolveAutowiredArgument(ConstructorResolver.java:913)
	at org.springframework.beans.factory.support.ConstructorResolver.createArgumentArray(ConstructorResolver.java:791)
	... 71 common frames omitted
Caused by: org.springframework.beans.factory.BeanCreationException: Error creating bean with name 'jpaSharedEM_entityManagerFactory': Cannot resolve reference to bean 'entityManagerFactory' while setting constructor argument
	at org.springframework.beans.factory.support.BeanDefinitionValueResolver.resolveReference(BeanDefinitionValueResolver.java:377)
	at org.springframework.beans.factory.support.BeanDefinitionValueResolver.resolveValueIfNecessary(BeanDefinitionValueResolver.java:135)
	at org.springframework.beans.factory.support.ConstructorResolver.resolveConstructorArguments(ConstructorResolver.java:691)
	at org.springframework.beans.factory.support.ConstructorResolver.instantiateUsingFactoryMethod(ConstructorResolver.java:513)
	at org.springframework.beans.factory.support.AbstractAutowireCapableBeanFactory.instantiateUsingFactoryMethod(AbstractAutowireCapableBeanFactory.java:1375)
	at org.springframework.beans.factory.support.AbstractAutowireCapableBeanFactory.createBeanInstance(AbstractAutowireCapableBeanFactory.java:1205)
	at org.springframework.beans.factory.support.AbstractAutowireCapableBeanFactory.doCreateBean(AbstractAutowireCapableBeanFactory.java:569)
	at org.springframework.beans.factory.support.AbstractAutowireCapableBeanFactory.createBean(AbstractAutowireCapableBeanFactory.java:529)
	at org.springframework.beans.factory.support.AbstractBeanFactory.lambda$doGetBean$0(AbstractBeanFactory.java:339)
	at org.springframework.beans.factory.support.DefaultSingletonBeanRegistry.getSingleton(DefaultSingletonBeanRegistry.java:373)
	at org.springframework.beans.factory.support.AbstractBeanFactory.doGetBean(AbstractBeanFactory.java:337)
	at org.springframework.beans.factory.support.AbstractBeanFactory.getBean(AbstractBeanFactory.java:202)
	at org.springframework.beans.factory.support.BeanDefinitionValueResolver.resolveReference(BeanDefinitionValueResolver.java:365)
	... 84 common frames omitted
Caused by: org.springframework.beans.factory.BeanCreationException: Error creating bean with name 'entityManagerFactory' defined in class path resource [org/springframework/boot/autoconfigure/orm/jpa/HibernateJpaConfiguration.class]: [PersistenceUnit: default] Unable to build Hibernate SessionFactory; nested exception is org.hibernate.exception.JDBCConnectionException: Unable to open JDBC Connection for DDL execution [Connection to localhost:5432 refused. Check that the hostname and port are correct and that the postmaster is accepting TCP/IP connections.] [n/a]
	at org.springframework.beans.factory.support.AbstractAutowireCapableBeanFactory.initializeBean(AbstractAutowireCapableBeanFactory.java:1826)
	at org.springframework.beans.factory.support.AbstractAutowireCapableBeanFactory.doCreateBean(AbstractAutowireCapableBeanFactory.java:607)
	at org.springframework.beans.factory.support.AbstractAutowireCapableBeanFactory.createBean(AbstractAutowireCapableBeanFactory.java:529)
	at org.springframework.beans.factory.support.AbstractBeanFactory.lambda$doGetBean$0(AbstractBeanFactory.java:339)
	at org.springframework.beans.factory.support.DefaultSingletonBeanRegistry.getSingleton(DefaultSingletonBeanRegistry.java:373)
	at org.springframework.beans.factory.support.AbstractBeanFactory.doGetBean(AbstractBeanFactory.java:337)
	at org.springframework.beans.factory.support.AbstractBeanFactory.getBean(AbstractBeanFactory.java:202)
	at org.springframework.beans.factory.support.BeanDefinitionValueResolver.resolveReference(BeanDefinitionValueResolver.java:365)
	... 96 common frames omitted
Caused by: jakarta.persistence.PersistenceException: [PersistenceUnit: default] Unable to build Hibernate SessionFactory; nested exception is org.hibernate.exception.JDBCConnectionException: Unable to open JDBC Connection for DDL execution [Connection to localhost:5432 refused. Check that the hostname and port are correct and that the postmaster is accepting TCP/IP connections.] [n/a]
	at org.springframework.orm.jpa.AbstractEntityManagerFactoryBean.buildNativeEntityManagerFactory(AbstractEntityManagerFactoryBean.java:431)
	at org.springframework.orm.jpa.AbstractEntityManagerFactoryBean.afterPropertiesSet(AbstractEntityManagerFactoryBean.java:400)
	at org.springframework.orm.jpa.LocalContainerEntityManagerFactoryBean.afterPropertiesSet(LocalContainerEntityManagerFactoryBean.java:366)
	at org.springframework.beans.factory.support.AbstractAutowireCapableBeanFactory.invokeInitMethods(AbstractAutowireCapableBeanFactory.java:1873)
	at org.springframework.beans.factory.support.AbstractAutowireCapableBeanFactory.initializeBean(AbstractAutowireCapableBeanFactory.java:1822)
	... 103 common frames omitted
Caused by: org.hibernate.exception.JDBCConnectionException: Unable to open JDBC Connection for DDL execution [Connection to localhost:5432 refused. Check that the hostname and port are correct and that the postmaster is accepting TCP/IP connections.] [n/a]
	at org.hibernate.exception.internal.SQLStateConversionDelegate.convert(SQLStateConversionDelegate.java:100)
	at org.hibernate.exception.internal.StandardSQLExceptionConverter.convert(StandardSQLExceptionConverter.java:58)
	at org.hibernate.engine.jdbc.spi.SqlExceptionHelper.convert(SqlExceptionHelper.java:108)
	at org.hibernate.engine.jdbc.spi.SqlExceptionHelper.convert(SqlExceptionHelper.java:94)
	at org.hibernate.resource.transaction.backend.jdbc.internal.DdlTransactionIsolatorNonJtaImpl.getIsolatedConnection(DdlTransactionIsolatorNonJtaImpl.java:74)
	at org.hibernate.resource.transaction.backend.jdbc.internal.DdlTransactionIsolatorNonJtaImpl.getIsolatedConnection(DdlTransactionIsolatorNonJtaImpl.java:39)
	at org.hibernate.tool.schema.internal.exec.ImprovedExtractionContextImpl.getJdbcConnection(ImprovedExtractionContextImpl.java:63)
	at org.hibernate.tool.schema.extract.spi.ExtractionContext.getQueryResults(ExtractionContext.java:43)
	at org.hibernate.tool.schema.extract.internal.SequenceInformationExtractorLegacyImpl.extractMetadata(SequenceInformationExtractorLegacyImpl.java:39)
	at org.hibernate.tool.schema.extract.internal.DatabaseInformationImpl.initializeSequences(DatabaseInformationImpl.java:66)
	at org.hibernate.tool.schema.extract.internal.DatabaseInformationImpl.<init>(DatabaseInformationImpl.java:60)
	at org.hibernate.tool.schema.internal.Helper.buildDatabaseInformation(Helper.java:185)
	at org.hibernate.tool.schema.internal.AbstractSchemaMigrator.doMigration(AbstractSchemaMigrator.java:93)
	at org.hibernate.tool.schema.spi.SchemaManagementToolCoordinator.performDatabaseAction(SchemaManagementToolCoordinator.java:280)
	at org.hibernate.tool.schema.spi.SchemaManagementToolCoordinator.lambda$process$5(SchemaManagementToolCoordinator.java:144)
	at java.base/java.util.HashMap.forEach(HashMap.java:1429)
	at org.hibernate.tool.schema.spi.SchemaManagementToolCoordinator.process(SchemaManagementToolCoordinator.java:141)
	at org.hibernate.boot.internal.SessionFactoryObserverForSchemaExport.sessionFactoryCreated(SessionFactoryObserverForSchemaExport.java:37)
	at org.hibernate.internal.SessionFactoryObserverChain.sessionFactoryCreated(SessionFactoryObserverChain.java:35)
	at org.hibernate.internal.SessionFactoryImpl.<init>(SessionFactoryImpl.java:324)
	at org.hibernate.boot.internal.SessionFactoryBuilderImpl.build(SessionFactoryBuilderImpl.java:463)
	at org.hibernate.jpa.boot.internal.EntityManagerFactoryBuilderImpl.build(EntityManagerFactoryBuilderImpl.java:1517)
	at org.springframework.orm.jpa.vendor.SpringHibernateJpaPersistenceProvider.createContainerEntityManagerFactory(SpringHibernateJpaPersistenceProvider.java:66)
	at org.springframework.orm.jpa.LocalContainerEntityManagerFactoryBean.createNativeEntityManagerFactory(LocalContainerEntityManagerFactoryBean.java:390)
	at org.springframework.orm.jpa.AbstractEntityManagerFactoryBean.buildNativeEntityManagerFactory(AbstractEntityManagerFactoryBean.java:419)
	... 107 common frames omitted
Caused by: org.postgresql.util.PSQLException: Connection to localhost:5432 refused. Check that the hostname and port are correct and that the postmaster is accepting TCP/IP connections.
	at org.postgresql.core.v3.ConnectionFactoryImpl.openConnectionImpl(ConnectionFactoryImpl.java:373)
	at org.postgresql.core.ConnectionFactory.openConnection(ConnectionFactory.java:57)
	at org.postgresql.jdbc.PgConnection.<init>(PgConnection.java:277)
	at org.postgresql.Driver.makeConnection(Driver.java:448)
	at org.postgresql.Driver.connect(Driver.java:298)
	at com.zaxxer.hikari.util.DriverDataSource.getConnection(DriverDataSource.java:144)
	at com.zaxxer.hikari.pool.PoolBase.newConnection(PoolBase.java:370)
	at com.zaxxer.hikari.pool.PoolBase.newPoolEntry(PoolBase.java:207)
	at com.zaxxer.hikari.pool.HikariPool.createPoolEntry(HikariPool.java:488)
	at com.zaxxer.hikari.pool.HikariPool.checkFailFast(HikariPool.java:576)
	at com.zaxxer.hikari.pool.HikariPool.<init>(HikariPool.java:97)
	at com.zaxxer.hikari.HikariDataSource.getConnection(HikariDataSource.java:111)
	at org.hibernate.engine.jdbc.connections.internal.DatasourceConnectionProviderImpl.getConnection(DatasourceConnectionProviderImpl.java:126)
	at org.hibernate.engine.jdbc.env.internal.JdbcEnvironmentInitiator$ConnectionProviderJdbcConnectionAccess.obtainConnection(JdbcEnvironmentInitiator.java:485)
	at org.hibernate.resource.transaction.backend.jdbc.internal.DdlTransactionIsolatorNonJtaImpl.getIsolatedConnection(DdlTransactionIsolatorNonJtaImpl.java:46)
	... 127 common frames omitted
Caused by: java.net.ConnectException: Connection refused
	at java.base/sun.nio.ch.Net.pollConnect(Native Method)
	at java.base/sun.nio.ch.Net.pollConnectNow(Net.java:682)
	at java.base/sun.nio.ch.NioSocketImpl.timedFinishConnect(NioSocketImpl.java:549)
	at java.base/sun.nio.ch.NioSocketImpl.connect(NioSocketImpl.java:592)
	at java.base/java.net.SocksSocketImpl.connect(SocksSocketImpl.java:327)
	at java.base/java.net.Socket.connect(Socket.java:751)
	at org.postgresql.core.PGStream.createSocket(PGStream.java:261)
	at org.postgresql.core.PGStream.<init>(PGStream.java:122)
	at org.postgresql.core.v3.ConnectionFactoryImpl.tryConnect(ConnectionFactoryImpl.java:146)
	at org.postgresql.core.v3.ConnectionFactoryImpl.openConnectionImpl(ConnectionFactoryImpl.java:289)
	... 141 common frames omitted
2026-03-26 00:03:04 INFO  [] o.h.validator.internal.util.Version - HV000001: Hibernate Validator 8.0.3.Final
2026-03-26 00:03:04 INFO  [] c.s.snatchmart.SnatchMartApplication - Starting SnatchMartApplication using Java 21.0.9 with PID 6698 (/Users/pulkitgiddu/Documents/Code/Backend/snatchMart/target/classes started by pulkitgiddu in /Users/pulkitgiddu/Documents/Code/Backend/snatchMart)
2026-03-26 00:03:04 DEBUG [] c.s.snatchmart.SnatchMartApplication - Running with Spring Boot v3.5.6, Spring v6.2.11
2026-03-26 00:03:04 INFO  [] c.s.snatchmart.SnatchMartApplication - The following 1 profile is active: "dev"
2026-03-26 00:03:04 INFO  [] o.s.b.d.e.DevToolsPropertyDefaultsPostProcessor - Devtools property defaults active! Set 'spring.devtools.add-properties' to 'false' to disable
2026-03-26 00:03:04 INFO  [] o.s.b.d.e.DevToolsPropertyDefaultsPostProcessor - For additional web related logging consider setting the 'logging.level.web' property to 'DEBUG'
2026-03-26 00:03:04 INFO  [] o.s.d.r.c.RepositoryConfigurationDelegate - Multiple Spring Data modules found, entering strict repository configuration mode
2026-03-26 00:03:04 INFO  [] o.s.d.r.c.RepositoryConfigurationDelegate - Bootstrapping Spring Data JPA repositories in DEFAULT mode.
2026-03-26 00:03:04 INFO  [] o.s.d.r.c.RepositoryConfigurationDelegate - Finished Spring Data repository scanning in 60 ms. Found 12 JPA repository interfaces.
2026-03-26 00:03:04 INFO  [] o.s.d.r.c.RepositoryConfigurationDelegate - Multiple Spring Data modules found, entering strict repository configuration mode
2026-03-26 00:03:04 INFO  [] o.s.d.r.c.RepositoryConfigurationDelegate - Bootstrapping Spring Data Redis repositories in DEFAULT mode.
2026-03-26 00:03:04 INFO  [] o.s.d.r.c.RepositoryConfigurationExtensionSupport - Spring Data Redis - Could not safely identify store assignment for repository candidate interface com.snatchmart.snatchmart.repository.AffiliateClickRepository; If you want this repository to be a Redis repository, consider annotating your entities with one of these annotations: org.springframework.data.redis.core.RedisHash (preferred), or consider extending one of the following types with your repository: org.springframework.data.keyvalue.repository.KeyValueRepository
2026-03-26 00:03:04 INFO  [] o.s.d.r.c.RepositoryConfigurationExtensionSupport - Spring Data Redis - Could not safely identify store assignment for repository candidate interface com.snatchmart.snatchmart.repository.CategoryRepository; If you want this repository to be a Redis repository, consider annotating your entities with one of these annotations: org.springframework.data.redis.core.RedisHash (preferred), or consider extending one of the following types with your repository: org.springframework.data.keyvalue.repository.KeyValueRepository
2026-03-26 00:03:04 INFO  [] o.s.d.r.c.RepositoryConfigurationExtensionSupport - Spring Data Redis - Could not safely identify store assignment for repository candidate interface com.snatchmart.snatchmart.repository.CouponRepository; If you want this repository to be a Redis repository, consider annotating your entities with one of these annotations: org.springframework.data.redis.core.RedisHash (preferred), or consider extending one of the following types with your repository: org.springframework.data.keyvalue.repository.KeyValueRepository
2026-03-26 00:03:04 INFO  [] o.s.d.r.c.RepositoryConfigurationExtensionSupport - Spring Data Redis - Could not safely identify store assignment for repository candidate interface com.snatchmart.snatchmart.repository.MerchantRepository; If you want this repository to be a Redis repository, consider annotating your entities with one of these annotations: org.springframework.data.redis.core.RedisHash (preferred), or consider extending one of the following types with your repository: org.springframework.data.keyvalue.repository.KeyValueRepository
2026-03-26 00:03:04 INFO  [] o.s.d.r.c.RepositoryConfigurationExtensionSupport - Spring Data Redis - Could not safely identify store assignment for repository candidate interface com.snatchmart.snatchmart.repository.NotificationRepository; If you want this repository to be a Redis repository, consider annotating your entities with one of these annotations: org.springframework.data.redis.core.RedisHash (preferred), or consider extending one of the following types with your repository: org.springframework.data.keyvalue.repository.KeyValueRepository
2026-03-26 00:03:04 INFO  [] o.s.d.r.c.RepositoryConfigurationExtensionSupport - Spring Data Redis - Could not safely identify store assignment for repository candidate interface com.snatchmart.snatchmart.repository.ProductPriceHistoryRepository; If you want this repository to be a Redis repository, consider annotating your entities with one of these annotations: org.springframework.data.redis.core.RedisHash (preferred), or consider extending one of the following types with your repository: org.springframework.data.keyvalue.repository.KeyValueRepository
2026-03-26 00:03:04 INFO  [] o.s.d.r.c.RepositoryConfigurationExtensionSupport - Spring Data Redis - Could not safely identify store assignment for repository candidate interface com.snatchmart.snatchmart.repository.ProductRepository; If you want this repository to be a Redis repository, consider annotating your entities with one of these annotations: org.springframework.data.redis.core.RedisHash (preferred), or consider extending one of the following types with your repository: org.springframework.data.keyvalue.repository.KeyValueRepository
2026-03-26 00:03:04 INFO  [] o.s.d.r.c.RepositoryConfigurationExtensionSupport - Spring Data Redis - Could not safely identify store assignment for repository candidate interface com.snatchmart.snatchmart.repository.ProductSalesEventRepository; If you want this repository to be a Redis repository, consider annotating your entities with one of these annotations: org.springframework.data.redis.core.RedisHash (preferred), or consider extending one of the following types with your repository: org.springframework.data.keyvalue.repository.KeyValueRepository
2026-03-26 00:03:04 INFO  [] o.s.d.r.c.RepositoryConfigurationExtensionSupport - Spring Data Redis - Could not safely identify store assignment for repository candidate interface com.snatchmart.snatchmart.repository.SalesEventRepository; If you want this repository to be a Redis repository, consider annotating your entities with one of these annotations: org.springframework.data.redis.core.RedisHash (preferred), or consider extending one of the following types with your repository: org.springframework.data.keyvalue.repository.KeyValueRepository
2026-03-26 00:03:04 INFO  [] o.s.d.r.c.RepositoryConfigurationExtensionSupport - Spring Data Redis - Could not safely identify store assignment for repository candidate interface com.snatchmart.snatchmart.repository.UserBudgetRepository; If you want this repository to be a Redis repository, consider annotating your entities with one of these annotations: org.springframework.data.redis.core.RedisHash (preferred), or consider extending one of the following types with your repository: org.springframework.data.keyvalue.repository.KeyValueRepository
2026-03-26 00:03:04 INFO  [] o.s.d.r.c.RepositoryConfigurationExtensionSupport - Spring Data Redis - Could not safely identify store assignment for repository candidate interface com.snatchmart.snatchmart.repository.UserRepository; If you want this repository to be a Redis repository, consider annotating your entities with one of these annotations: org.springframework.data.redis.core.RedisHash (preferred), or consider extending one of the following types with your repository: org.springframework.data.keyvalue.repository.KeyValueRepository
2026-03-26 00:03:04 INFO  [] o.s.d.r.c.RepositoryConfigurationExtensionSupport - Spring Data Redis - Could not safely identify store assignment for repository candidate interface com.snatchmart.snatchmart.repository.UserWishlistRepository; If you want this repository to be a Redis repository, consider annotating your entities with one of these annotations: org.springframework.data.redis.core.RedisHash (preferred), or consider extending one of the following types with your repository: org.springframework.data.keyvalue.repository.KeyValueRepository
2026-03-26 00:03:04 INFO  [] o.s.d.r.c.RepositoryConfigurationDelegate - Finished Spring Data repository scanning in 3 ms. Found 0 Redis repository interfaces.
2026-03-26 00:03:04 INFO  [] o.s.b.w.e.tomcat.TomcatWebServer - Tomcat initialized with port 8081 (http)
2026-03-26 00:03:04 INFO  [] o.a.coyote.http11.Http11NioProtocol - Initializing ProtocolHandler ["http-nio-8081"]
2026-03-26 00:03:04 INFO  [] o.a.catalina.core.StandardService - Starting service [Tomcat]
2026-03-26 00:03:04 INFO  [] o.a.catalina.core.StandardEngine - Starting Servlet engine: [Apache Tomcat/10.1.46]
2026-03-26 00:03:04 INFO  [] o.a.c.c.C.[Tomcat].[localhost].[/] - Initializing Spring embedded WebApplicationContext
2026-03-26 00:03:04 INFO  [] o.s.b.w.s.c.ServletWebServerApplicationContext - Root WebApplicationContext: initialization completed in 615 ms
2026-03-26 00:03:04 INFO  [] o.h.jpa.internal.util.LogHelper - HHH000204: Processing PersistenceUnitInfo [name: default]
2026-03-26 00:03:04 INFO  [] org.hibernate.Version - HHH000412: Hibernate ORM core version 6.6.29.Final
2026-03-26 00:03:04 INFO  [] o.h.c.i.RegionFactoryInitiator - HHH000026: Second-level cache disabled
2026-03-26 00:03:04 INFO  [] o.s.o.j.p.SpringPersistenceUnitInfo - No LoadTimeWeaver setup: ignoring JPA class transformer
2026-03-26 00:03:04 INFO  [] com.zaxxer.hikari.HikariDataSource - HikariPool-1 - Starting...
2026-03-26 00:03:09 INFO  [] com.zaxxer.hikari.pool.HikariPool - HikariPool-1 - Added connection org.postgresql.jdbc.PgConnection@37df253a
2026-03-26 00:03:09 INFO  [] com.zaxxer.hikari.HikariDataSource - HikariPool-1 - Start completed.
2026-03-26 00:03:09 WARN  [] org.hibernate.orm.deprecation - HHH90000025: PostgreSQLDialect does not need to be specified explicitly using 'hibernate.dialect' (remove the property setting and it will be selected by default)
2026-03-26 00:03:10 INFO  [] o.hibernate.orm.connections.pooling - HHH10001005: Database info:
	Database JDBC URL [Connecting through datasource 'HikariDataSource (HikariPool-1)']
	Database driver: undefined/unknown
	Database version: 17.8
	Autocommit mode: undefined/unknown
	Isolation level: undefined/unknown
	Minimum pool size: undefined/unknown
	Maximum pool size: undefined/unknown
2026-03-26 00:03:11 INFO  [] o.h.e.t.j.p.i.JtaPlatformInitiator - HHH000489: No JTA platform available (set 'hibernate.transaction.jta.platform' to enable JTA platform integration)
2026-03-26 00:03:11 INFO  [] o.s.o.j.LocalContainerEntityManagerFactoryBean - Initialized JPA EntityManagerFactory for persistence unit 'default'
2026-03-26 00:03:11 INFO  [] o.s.d.j.r.query.QueryEnhancerFactory - Hibernate is in classpath; If applicable, HQL parser will be used.
2026-03-26 00:03:11 DEBUG [] c.s.s.s.JwtAuthenticationFilter - Filter 'jwtAuthenticationFilter' configured for use
2026-03-26 00:03:11 INFO  [] o.s.s.c.a.a.c.InitializeAuthenticationProviderBeanManagerConfigurer$InitializeAuthenticationProviderManagerConfigurer - Global AuthenticationManager configured with AuthenticationProvider bean with name authenticationProvider
2026-03-26 00:03:11 WARN  [] o.s.s.c.a.a.c.InitializeUserDetailsBeanManagerConfigurer$InitializeUserDetailsManagerConfigurer - Global AuthenticationManager configured with an AuthenticationProvider bean. UserDetailsService beans will not be used by Spring Security for automatically configuring username/password login. Consider removing the AuthenticationProvider bean. Alternatively, consider using the UserDetailsService in a manually instantiated DaoAuthenticationProvider. If the current configuration is intentional, to turn off this warning, increase the logging level of 'org.springframework.security.config.annotation.authentication.configuration.InitializeUserDetailsBeanManagerConfigurer' to ERROR
2026-03-26 00:03:11 WARN  [] o.s.b.a.o.j.JpaBaseConfiguration$JpaWebConfiguration - spring.jpa.open-in-view is enabled by default. Therefore, database queries may be performed during view rendering. Explicitly configure spring.jpa.open-in-view to disable this warning
2026-03-26 00:03:12 INFO  [] o.s.b.a.h.H2ConsoleAutoConfiguration - H2 console available at '/h2-console'. Database available at 'jdbc:postgresql://ep-blue-field-afvby5th-pooler.c-2.us-west-2.aws.neon.tech/neondb?sslmode=require'
2026-03-26 00:03:12 INFO  [] o.s.b.d.a.OptionalLiveReloadServer - LiveReload server is running on port 35729
2026-03-26 00:03:12 INFO  [] o.a.coyote.http11.Http11NioProtocol - Starting ProtocolHandler ["http-nio-8081"]
2026-03-26 00:03:12 INFO  [] o.s.b.w.e.tomcat.TomcatWebServer - Tomcat started on port 8081 (http) with context path '/'
2026-03-26 00:03:12 INFO  [] c.s.snatchmart.SnatchMartApplication - Started SnatchMartApplication in 8.618 seconds (process running for 8.753)
2026-03-26 00:03:12 INFO  [] c.s.s.scheduler.DealScheduler - Starting 30-min price sync job
2026-03-26 00:03:12 INFO  [] c.s.s.s.s.AffiliateSyncServiceImpl - Synced 0 deals from amazon
2026-03-26 00:03:12 INFO  [] c.s.s.i.FlipkartAffiliateClient - Flipkart affiliate not configured; using dummy deals for UI
2026-03-26 00:03:15 INFO  [] c.s.s.s.s.AffiliateSyncServiceImpl - Synced 5 deals from flipkart
2026-03-26 00:04:24 INFO  [] o.s.b.w.e.tomcat.GracefulShutdown - Commencing graceful shutdown. Waiting for active requests to complete
2026-03-26 00:04:24 INFO  [] o.s.b.w.e.tomcat.GracefulShutdown - Graceful shutdown complete
2026-03-26 00:04:24 INFO  [] o.s.o.j.LocalContainerEntityManagerFactoryBean - Closing JPA EntityManagerFactory for persistence unit 'default'
2026-03-26 00:04:24 INFO  [] com.zaxxer.hikari.HikariDataSource - HikariPool-1 - Shutdown initiated...
2026-03-26 00:04:27 INFO  [] com.zaxxer.hikari.HikariDataSource - HikariPool-1 - Shutdown completed.
2026-03-26 00:04:35 INFO  [] o.h.validator.internal.util.Version - HV000001: Hibernate Validator 8.0.3.Final
2026-03-26 00:04:35 INFO  [] c.s.snatchmart.SnatchMartApplication - Starting SnatchMartApplication using Java 21.0.9 with PID 7072 (/Users/pulkitgiddu/Documents/Code/Backend/snatchMart/target/classes started by pulkitgiddu in /Users/pulkitgiddu/Documents/Code/Backend/snatchMart)
2026-03-26 00:04:35 DEBUG [] c.s.snatchmart.SnatchMartApplication - Running with Spring Boot v3.5.6, Spring v6.2.11
2026-03-26 00:04:35 INFO  [] c.s.snatchmart.SnatchMartApplication - The following 1 profile is active: "dev"
2026-03-26 00:04:35 INFO  [] o.s.b.d.e.DevToolsPropertyDefaultsPostProcessor - Devtools property defaults active! Set 'spring.devtools.add-properties' to 'false' to disable
2026-03-26 00:04:35 INFO  [] o.s.b.d.e.DevToolsPropertyDefaultsPostProcessor - For additional web related logging consider setting the 'logging.level.web' property to 'DEBUG'
2026-03-26 00:04:36 INFO  [] o.s.d.r.c.RepositoryConfigurationDelegate - Multiple Spring Data modules found, entering strict repository configuration mode
2026-03-26 00:04:36 INFO  [] o.s.d.r.c.RepositoryConfigurationDelegate - Bootstrapping Spring Data JPA repositories in DEFAULT mode.
2026-03-26 00:04:36 INFO  [] o.s.d.r.c.RepositoryConfigurationDelegate - Finished Spring Data repository scanning in 51 ms. Found 12 JPA repository interfaces.
2026-03-26 00:04:36 INFO  [] o.s.d.r.c.RepositoryConfigurationDelegate - Multiple Spring Data modules found, entering strict repository configuration mode
2026-03-26 00:04:36 INFO  [] o.s.d.r.c.RepositoryConfigurationDelegate - Bootstrapping Spring Data Redis repositories in DEFAULT mode.
2026-03-26 00:04:36 INFO  [] o.s.d.r.c.RepositoryConfigurationExtensionSupport - Spring Data Redis - Could not safely identify store assignment for repository candidate interface com.snatchmart.snatchmart.repository.AffiliateClickRepository; If you want this repository to be a Redis repository, consider annotating your entities with one of these annotations: org.springframework.data.redis.core.RedisHash (preferred), or consider extending one of the following types with your repository: org.springframework.data.keyvalue.repository.KeyValueRepository
2026-03-26 00:04:36 INFO  [] o.s.d.r.c.RepositoryConfigurationExtensionSupport - Spring Data Redis - Could not safely identify store assignment for repository candidate interface com.snatchmart.snatchmart.repository.CategoryRepository; If you want this repository to be a Redis repository, consider annotating your entities with one of these annotations: org.springframework.data.redis.core.RedisHash (preferred), or consider extending one of the following types with your repository: org.springframework.data.keyvalue.repository.KeyValueRepository
2026-03-26 00:04:36 INFO  [] o.s.d.r.c.RepositoryConfigurationExtensionSupport - Spring Data Redis - Could not safely identify store assignment for repository candidate interface com.snatchmart.snatchmart.repository.CouponRepository; If you want this repository to be a Redis repository, consider annotating your entities with one of these annotations: org.springframework.data.redis.core.RedisHash (preferred), or consider extending one of the following types with your repository: org.springframework.data.keyvalue.repository.KeyValueRepository
2026-03-26 00:04:36 INFO  [] o.s.d.r.c.RepositoryConfigurationExtensionSupport - Spring Data Redis - Could not safely identify store assignment for repository candidate interface com.snatchmart.snatchmart.repository.MerchantRepository; If you want this repository to be a Redis repository, consider annotating your entities with one of these annotations: org.springframework.data.redis.core.RedisHash (preferred), or consider extending one of the following types with your repository: org.springframework.data.keyvalue.repository.KeyValueRepository
2026-03-26 00:04:36 INFO  [] o.s.d.r.c.RepositoryConfigurationExtensionSupport - Spring Data Redis - Could not safely identify store assignment for repository candidate interface com.snatchmart.snatchmart.repository.NotificationRepository; If you want this repository to be a Redis repository, consider annotating your entities with one of these annotations: org.springframework.data.redis.core.RedisHash (preferred), or consider extending one of the following types with your repository: org.springframework.data.keyvalue.repository.KeyValueRepository
2026-03-26 00:04:36 INFO  [] o.s.d.r.c.RepositoryConfigurationExtensionSupport - Spring Data Redis - Could not safely identify store assignment for repository candidate interface com.snatchmart.snatchmart.repository.ProductPriceHistoryRepository; If you want this repository to be a Redis repository, consider annotating your entities with one of these annotations: org.springframework.data.redis.core.RedisHash (preferred), or consider extending one of the following types with your repository: org.springframework.data.keyvalue.repository.KeyValueRepository
2026-03-26 00:04:36 INFO  [] o.s.d.r.c.RepositoryConfigurationExtensionSupport - Spring Data Redis - Could not safely identify store assignment for repository candidate interface com.snatchmart.snatchmart.repository.ProductRepository; If you want this repository to be a Redis repository, consider annotating your entities with one of these annotations: org.springframework.data.redis.core.RedisHash (preferred), or consider extending one of the following types with your repository: org.springframework.data.keyvalue.repository.KeyValueRepository
2026-03-26 00:04:36 INFO  [] o.s.d.r.c.RepositoryConfigurationExtensionSupport - Spring Data Redis - Could not safely identify store assignment for repository candidate interface com.snatchmart.snatchmart.repository.ProductSalesEventRepository; If you want this repository to be a Redis repository, consider annotating your entities with one of these annotations: org.springframework.data.redis.core.RedisHash (preferred), or consider extending one of the following types with your repository: org.springframework.data.keyvalue.repository.KeyValueRepository
2026-03-26 00:04:36 INFO  [] o.s.d.r.c.RepositoryConfigurationExtensionSupport - Spring Data Redis - Could not safely identify store assignment for repository candidate interface com.snatchmart.snatchmart.repository.SalesEventRepository; If you want this repository to be a Redis repository, consider annotating your entities with one of these annotations: org.springframework.data.redis.core.RedisHash (preferred), or consider extending one of the following types with your repository: org.springframework.data.keyvalue.repository.KeyValueRepository
2026-03-26 00:04:36 INFO  [] o.s.d.r.c.RepositoryConfigurationExtensionSupport - Spring Data Redis - Could not safely identify store assignment for repository candidate interface com.snatchmart.snatchmart.repository.UserBudgetRepository; If you want this repository to be a Redis repository, consider annotating your entities with one of these annotations: org.springframework.data.redis.core.RedisHash (preferred), or consider extending one of the following types with your repository: org.springframework.data.keyvalue.repository.KeyValueRepository
2026-03-26 00:04:36 INFO  [] o.s.d.r.c.RepositoryConfigurationExtensionSupport - Spring Data Redis - Could not safely identify store assignment for repository candidate interface com.snatchmart.snatchmart.repository.UserRepository; If you want this repository to be a Redis repository, consider annotating your entities with one of these annotations: org.springframework.data.redis.core.RedisHash (preferred), or consider extending one of the following types with your repository: org.springframework.data.keyvalue.repository.KeyValueRepository
2026-03-26 00:04:36 INFO  [] o.s.d.r.c.RepositoryConfigurationExtensionSupport - Spring Data Redis - Could not safely identify store assignment for repository candidate interface com.snatchmart.snatchmart.repository.UserWishlistRepository; If you want this repository to be a Redis repository, consider annotating your entities with one of these annotations: org.springframework.data.redis.core.RedisHash (preferred), or consider extending one of the following types with your repository: org.springframework.data.keyvalue.repository.KeyValueRepository
2026-03-26 00:04:36 INFO  [] o.s.d.r.c.RepositoryConfigurationDelegate - Finished Spring Data repository scanning in 3 ms. Found 0 Redis repository interfaces.
2026-03-26 00:04:36 INFO  [] o.s.b.w.e.tomcat.TomcatWebServer - Tomcat initialized with port 8081 (http)
2026-03-26 00:04:36 INFO  [] o.a.coyote.http11.Http11NioProtocol - Initializing ProtocolHandler ["http-nio-8081"]
2026-03-26 00:04:36 INFO  [] o.a.catalina.core.StandardService - Starting service [Tomcat]
2026-03-26 00:04:36 INFO  [] o.a.catalina.core.StandardEngine - Starting Servlet engine: [Apache Tomcat/10.1.46]
2026-03-26 00:04:36 INFO  [] o.a.c.c.C.[Tomcat].[localhost].[/] - Initializing Spring embedded WebApplicationContext
2026-03-26 00:04:36 INFO  [] o.s.b.w.s.c.ServletWebServerApplicationContext - Root WebApplicationContext: initialization completed in 549 ms
2026-03-26 00:04:36 INFO  [] o.h.jpa.internal.util.LogHelper - HHH000204: Processing PersistenceUnitInfo [name: default]
2026-03-26 00:04:36 INFO  [] org.hibernate.Version - HHH000412: Hibernate ORM core version 6.6.29.Final
2026-03-26 00:04:36 INFO  [] o.h.c.i.RegionFactoryInitiator - HHH000026: Second-level cache disabled
2026-03-26 00:04:36 INFO  [] o.s.o.j.p.SpringPersistenceUnitInfo - No LoadTimeWeaver setup: ignoring JPA class transformer
2026-03-26 00:04:36 INFO  [] com.zaxxer.hikari.HikariDataSource - HikariPool-1 - Starting...
2026-03-26 00:04:40 INFO  [] com.zaxxer.hikari.pool.HikariPool - HikariPool-1 - Added connection org.postgresql.jdbc.PgConnection@7c1aff4b
2026-03-26 00:04:40 INFO  [] com.zaxxer.hikari.HikariDataSource - HikariPool-1 - Start completed.
2026-03-26 00:04:40 WARN  [] org.hibernate.orm.deprecation - HHH90000025: PostgreSQLDialect does not need to be specified explicitly using 'hibernate.dialect' (remove the property setting and it will be selected by default)
2026-03-26 00:04:41 INFO  [] o.hibernate.orm.connections.pooling - HHH10001005: Database info:
	Database JDBC URL [Connecting through datasource 'HikariDataSource (HikariPool-1)']
	Database driver: undefined/unknown
	Database version: 17.8
	Autocommit mode: undefined/unknown
	Isolation level: undefined/unknown
	Minimum pool size: undefined/unknown
	Maximum pool size: undefined/unknown
2026-03-26 00:04:41 INFO  [] o.h.e.t.j.p.i.JtaPlatformInitiator - HHH000489: No JTA platform available (set 'hibernate.transaction.jta.platform' to enable JTA platform integration)
2026-03-26 00:04:41 INFO  [] o.s.o.j.LocalContainerEntityManagerFactoryBean - Initialized JPA EntityManagerFactory for persistence unit 'default'
2026-03-26 00:04:41 INFO  [] o.s.d.j.r.query.QueryEnhancerFactory - Hibernate is in classpath; If applicable, HQL parser will be used.
2026-03-26 00:04:42 DEBUG [] c.s.s.s.JwtAuthenticationFilter - Filter 'jwtAuthenticationFilter' configured for use
2026-03-26 00:04:42 INFO  [] o.s.s.c.a.a.c.InitializeAuthenticationProviderBeanManagerConfigurer$InitializeAuthenticationProviderManagerConfigurer - Global AuthenticationManager configured with AuthenticationProvider bean with name authenticationProvider
2026-03-26 00:04:42 WARN  [] o.s.s.c.a.a.c.InitializeUserDetailsBeanManagerConfigurer$InitializeUserDetailsManagerConfigurer - Global AuthenticationManager configured with an AuthenticationProvider bean. UserDetailsService beans will not be used by Spring Security for automatically configuring username/password login. Consider removing the AuthenticationProvider bean. Alternatively, consider using the UserDetailsService in a manually instantiated DaoAuthenticationProvider. If the current configuration is intentional, to turn off this warning, increase the logging level of 'org.springframework.security.config.annotation.authentication.configuration.InitializeUserDetailsBeanManagerConfigurer' to ERROR
2026-03-26 00:04:42 WARN  [] o.s.b.a.o.j.JpaBaseConfiguration$JpaWebConfiguration - spring.jpa.open-in-view is enabled by default. Therefore, database queries may be performed during view rendering. Explicitly configure spring.jpa.open-in-view to disable this warning
2026-03-26 00:04:42 INFO  [] o.s.b.a.h.H2ConsoleAutoConfiguration - H2 console available at '/h2-console'. Database available at 'jdbc:postgresql://ep-blue-field-afvby5th-pooler.c-2.us-west-2.aws.neon.tech/neondb?sslmode=require'
2026-03-26 00:04:42 INFO  [] o.s.b.d.a.OptionalLiveReloadServer - LiveReload server is running on port 35729
2026-03-26 00:04:42 INFO  [] o.a.coyote.http11.Http11NioProtocol - Starting ProtocolHandler ["http-nio-8081"]
2026-03-26 00:04:42 INFO  [] o.s.b.w.e.tomcat.TomcatWebServer - Tomcat started on port 8081 (http) with context path '/'
2026-03-26 00:04:42 INFO  [] c.s.snatchmart.SnatchMartApplication - Started SnatchMartApplication in 7.252 seconds (process running for 7.371)
2026-03-26 00:04:42 INFO  [] c.s.s.scheduler.DealScheduler - Starting 30-min price sync job
2026-03-26 00:04:42 INFO  [] c.s.s.s.s.AffiliateSyncServiceImpl - Synced 0 deals from amazon
2026-03-26 00:04:42 INFO  [] c.s.s.i.FlipkartAffiliateClient - Flipkart affiliate not configured; using dummy deals for UI
2026-03-26 00:04:45 INFO  [] c.s.s.s.s.AffiliateSyncServiceImpl - Synced 5 deals from flipkart
2026-03-26 00:05:04 INFO  [] o.s.b.w.e.tomcat.GracefulShutdown - Commencing graceful shutdown. Waiting for active requests to complete
2026-03-26 00:05:04 INFO  [] o.s.b.w.e.tomcat.GracefulShutdown - Graceful shutdown complete
2026-03-26 00:05:04 INFO  [] o.s.o.j.LocalContainerEntityManagerFactoryBean - Closing JPA EntityManagerFactory for persistence unit 'default'
2026-03-26 00:05:04 INFO  [] com.zaxxer.hikari.HikariDataSource - HikariPool-1 - Shutdown initiated...
2026-03-26 00:05:07 INFO  [] com.zaxxer.hikari.HikariDataSource - HikariPool-1 - Shutdown completed.
2026-03-26 02:47:16 INFO  [] o.h.validator.internal.util.Version - HV000001: Hibernate Validator 8.0.3.Final
2026-03-26 02:47:16 INFO  [] c.s.snatchmart.SnatchMartApplication - Starting SnatchMartApplication using Java 21.0.9 with PID 12016 (/Users/pulkitgiddu/Documents/Code/Backend/snatchMart/target/classes started by pulkitgiddu in /Users/pulkitgiddu/Documents/Code/Backend/snatchMart)
2026-03-26 02:47:16 DEBUG [] c.s.snatchmart.SnatchMartApplication - Running with Spring Boot v3.5.6, Spring v6.2.11
2026-03-26 02:47:16 INFO  [] c.s.snatchmart.SnatchMartApplication - The following 1 profile is active: "dev"
2026-03-26 02:47:16 INFO  [] o.s.b.d.e.DevToolsPropertyDefaultsPostProcessor - Devtools property defaults active! Set 'spring.devtools.add-properties' to 'false' to disable
2026-03-26 02:47:16 INFO  [] o.s.b.d.e.DevToolsPropertyDefaultsPostProcessor - For additional web related logging consider setting the 'logging.level.web' property to 'DEBUG'
2026-03-26 02:47:16 INFO  [] o.s.d.r.c.RepositoryConfigurationDelegate - Multiple Spring Data modules found, entering strict repository configuration mode
2026-03-26 02:47:16 INFO  [] o.s.d.r.c.RepositoryConfigurationDelegate - Bootstrapping Spring Data JPA repositories in DEFAULT mode.
2026-03-26 02:47:16 INFO  [] o.s.d.r.c.RepositoryConfigurationDelegate - Finished Spring Data repository scanning in 55 ms. Found 12 JPA repository interfaces.
2026-03-26 02:47:16 INFO  [] o.s.d.r.c.RepositoryConfigurationDelegate - Multiple Spring Data modules found, entering strict repository configuration mode
2026-03-26 02:47:16 INFO  [] o.s.d.r.c.RepositoryConfigurationDelegate - Bootstrapping Spring Data Redis repositories in DEFAULT mode.
2026-03-26 02:47:16 INFO  [] o.s.d.r.c.RepositoryConfigurationExtensionSupport - Spring Data Redis - Could not safely identify store assignment for repository candidate interface com.snatchmart.snatchmart.repository.AffiliateClickRepository; If you want this repository to be a Redis repository, consider annotating your entities with one of these annotations: org.springframework.data.redis.core.RedisHash (preferred), or consider extending one of the following types with your repository: org.springframework.data.keyvalue.repository.KeyValueRepository
2026-03-26 02:47:16 INFO  [] o.s.d.r.c.RepositoryConfigurationExtensionSupport - Spring Data Redis - Could not safely identify store assignment for repository candidate interface com.snatchmart.snatchmart.repository.CategoryRepository; If you want this repository to be a Redis repository, consider annotating your entities with one of these annotations: org.springframework.data.redis.core.RedisHash (preferred), or consider extending one of the following types with your repository: org.springframework.data.keyvalue.repository.KeyValueRepository
2026-03-26 02:47:16 INFO  [] o.s.d.r.c.RepositoryConfigurationExtensionSupport - Spring Data Redis - Could not safely identify store assignment for repository candidate interface com.snatchmart.snatchmart.repository.CouponRepository; If you want this repository to be a Redis repository, consider annotating your entities with one of these annotations: org.springframework.data.redis.core.RedisHash (preferred), or consider extending one of the following types with your repository: org.springframework.data.keyvalue.repository.KeyValueRepository
2026-03-26 02:47:16 INFO  [] o.s.d.r.c.RepositoryConfigurationExtensionSupport - Spring Data Redis - Could not safely identify store assignment for repository candidate interface com.snatchmart.snatchmart.repository.MerchantRepository; If you want this repository to be a Redis repository, consider annotating your entities with one of these annotations: org.springframework.data.redis.core.RedisHash (preferred), or consider extending one of the following types with your repository: org.springframework.data.keyvalue.repository.KeyValueRepository
2026-03-26 02:47:16 INFO  [] o.s.d.r.c.RepositoryConfigurationExtensionSupport - Spring Data Redis - Could not safely identify store assignment for repository candidate interface com.snatchmart.snatchmart.repository.NotificationRepository; If you want this repository to be a Redis repository, consider annotating your entities with one of these annotations: org.springframework.data.redis.core.RedisHash (preferred), or consider extending one of the following types with your repository: org.springframework.data.keyvalue.repository.KeyValueRepository
2026-03-26 02:47:16 INFO  [] o.s.d.r.c.RepositoryConfigurationExtensionSupport - Spring Data Redis - Could not safely identify store assignment for repository candidate interface com.snatchmart.snatchmart.repository.ProductPriceHistoryRepository; If you want this repository to be a Redis repository, consider annotating your entities with one of these annotations: org.springframework.data.redis.core.RedisHash (preferred), or consider extending one of the following types with your repository: org.springframework.data.keyvalue.repository.KeyValueRepository
2026-03-26 02:47:16 INFO  [] o.s.d.r.c.RepositoryConfigurationExtensionSupport - Spring Data Redis - Could not safely identify store assignment for repository candidate interface com.snatchmart.snatchmart.repository.ProductRepository; If you want this repository to be a Redis repository, consider annotating your entities with one of these annotations: org.springframework.data.redis.core.RedisHash (preferred), or consider extending one of the following types with your repository: org.springframework.data.keyvalue.repository.KeyValueRepository
2026-03-26 02:47:16 INFO  [] o.s.d.r.c.RepositoryConfigurationExtensionSupport - Spring Data Redis - Could not safely identify store assignment for repository candidate interface com.snatchmart.snatchmart.repository.ProductSalesEventRepository; If you want this repository to be a Redis repository, consider annotating your entities with one of these annotations: org.springframework.data.redis.core.RedisHash (preferred), or consider extending one of the following types with your repository: org.springframework.data.keyvalue.repository.KeyValueRepository
2026-03-26 02:47:16 INFO  [] o.s.d.r.c.RepositoryConfigurationExtensionSupport - Spring Data Redis - Could not safely identify store assignment for repository candidate interface com.snatchmart.snatchmart.repository.SalesEventRepository; If you want this repository to be a Redis repository, consider annotating your entities with one of these annotations: org.springframework.data.redis.core.RedisHash (preferred), or consider extending one of the following types with your repository: org.springframework.data.keyvalue.repository.KeyValueRepository
2026-03-26 02:47:16 INFO  [] o.s.d.r.c.RepositoryConfigurationExtensionSupport - Spring Data Redis - Could not safely identify store assignment for repository candidate interface com.snatchmart.snatchmart.repository.UserBudgetRepository; If you want this repository to be a Redis repository, consider annotating your entities with one of these annotations: org.springframework.data.redis.core.RedisHash (preferred), or consider extending one of the following types with your repository: org.springframework.data.keyvalue.repository.KeyValueRepository
2026-03-26 02:47:16 INFO  [] o.s.d.r.c.RepositoryConfigurationExtensionSupport - Spring Data Redis - Could not safely identify store assignment for repository candidate interface com.snatchmart.snatchmart.repository.UserRepository; If you want this repository to be a Redis repository, consider annotating your entities with one of these annotations: org.springframework.data.redis.core.RedisHash (preferred), or consider extending one of the following types with your repository: org.springframework.data.keyvalue.repository.KeyValueRepository
2026-03-26 02:47:16 INFO  [] o.s.d.r.c.RepositoryConfigurationExtensionSupport - Spring Data Redis - Could not safely identify store assignment for repository candidate interface com.snatchmart.snatchmart.repository.UserWishlistRepository; If you want this repository to be a Redis repository, consider annotating your entities with one of these annotations: org.springframework.data.redis.core.RedisHash (preferred), or consider extending one of the following types with your repository: org.springframework.data.keyvalue.repository.KeyValueRepository
2026-03-26 02:47:16 INFO  [] o.s.d.r.c.RepositoryConfigurationDelegate - Finished Spring Data repository scanning in 3 ms. Found 0 Redis repository interfaces.
2026-03-26 02:47:16 INFO  [] o.s.b.w.e.tomcat.TomcatWebServer - Tomcat initialized with port 8081 (http)
2026-03-26 02:47:16 INFO  [] o.a.coyote.http11.Http11NioProtocol - Initializing ProtocolHandler ["http-nio-8081"]
2026-03-26 02:47:16 INFO  [] o.a.catalina.core.StandardService - Starting service [Tomcat]
2026-03-26 02:47:16 INFO  [] o.a.catalina.core.StandardEngine - Starting Servlet engine: [Apache Tomcat/10.1.46]
2026-03-26 02:47:16 INFO  [] o.a.c.c.C.[Tomcat].[localhost].[/] - Initializing Spring embedded WebApplicationContext
2026-03-26 02:47:16 INFO  [] o.s.b.w.s.c.ServletWebServerApplicationContext - Root WebApplicationContext: initialization completed in 617 ms
2026-03-26 02:47:17 INFO  [] o.h.jpa.internal.util.LogHelper - HHH000204: Processing PersistenceUnitInfo [name: default]
2026-03-26 02:47:17 INFO  [] org.hibernate.Version - HHH000412: Hibernate ORM core version 6.6.29.Final
2026-03-26 02:47:17 INFO  [] o.h.c.i.RegionFactoryInitiator - HHH000026: Second-level cache disabled
2026-03-26 02:47:17 INFO  [] o.s.o.j.p.SpringPersistenceUnitInfo - No LoadTimeWeaver setup: ignoring JPA class transformer
2026-03-26 02:47:17 INFO  [] com.zaxxer.hikari.HikariDataSource - HikariPool-1 - Starting...
2026-03-26 02:47:21 INFO  [] com.zaxxer.hikari.pool.HikariPool - HikariPool-1 - Added connection org.postgresql.jdbc.PgConnection@5940a30
2026-03-26 02:47:21 INFO  [] com.zaxxer.hikari.HikariDataSource - HikariPool-1 - Start completed.
2026-03-26 02:47:22 WARN  [] org.hibernate.orm.deprecation - HHH90000025: PostgreSQLDialect does not need to be specified explicitly using 'hibernate.dialect' (remove the property setting and it will be selected by default)
2026-03-26 02:47:23 INFO  [] o.hibernate.orm.connections.pooling - HHH10001005: Database info:
	Database JDBC URL [Connecting through datasource 'HikariDataSource (HikariPool-1)']
	Database driver: undefined/unknown
	Database version: 17.8
	Autocommit mode: undefined/unknown
	Isolation level: undefined/unknown
	Minimum pool size: undefined/unknown
	Maximum pool size: undefined/unknown
2026-03-26 02:47:23 INFO  [] o.h.e.t.j.p.i.JtaPlatformInitiator - HHH000489: No JTA platform available (set 'hibernate.transaction.jta.platform' to enable JTA platform integration)
2026-03-26 02:47:23 INFO  [] o.s.o.j.LocalContainerEntityManagerFactoryBean - Initialized JPA EntityManagerFactory for persistence unit 'default'
2026-03-26 02:47:23 INFO  [] o.s.d.j.r.query.QueryEnhancerFactory - Hibernate is in classpath; If applicable, HQL parser will be used.
2026-03-26 02:47:23 DEBUG [] c.s.s.s.JwtAuthenticationFilter - Filter 'jwtAuthenticationFilter' configured for use
2026-03-26 02:47:23 INFO  [] o.s.s.c.a.a.c.InitializeAuthenticationProviderBeanManagerConfigurer$InitializeAuthenticationProviderManagerConfigurer - Global AuthenticationManager configured with AuthenticationProvider bean with name authenticationProvider
2026-03-26 02:47:23 WARN  [] o.s.s.c.a.a.c.InitializeUserDetailsBeanManagerConfigurer$InitializeUserDetailsManagerConfigurer - Global AuthenticationManager configured with an AuthenticationProvider bean. UserDetailsService beans will not be used by Spring Security for automatically configuring username/password login. Consider removing the AuthenticationProvider bean. Alternatively, consider using the UserDetailsService in a manually instantiated DaoAuthenticationProvider. If the current configuration is intentional, to turn off this warning, increase the logging level of 'org.springframework.security.config.annotation.authentication.configuration.InitializeUserDetailsBeanManagerConfigurer' to ERROR
2026-03-26 02:47:24 WARN  [] o.s.b.a.o.j.JpaBaseConfiguration$JpaWebConfiguration - spring.jpa.open-in-view is enabled by default. Therefore, database queries may be performed during view rendering. Explicitly configure spring.jpa.open-in-view to disable this warning
2026-03-26 02:47:24 INFO  [] o.s.b.a.h.H2ConsoleAutoConfiguration - H2 console available at '/h2-console'. Database available at 'jdbc:postgresql://ep-blue-field-afvby5th-pooler.c-2.us-west-2.aws.neon.tech/neondb?sslmode=require'
2026-03-26 02:47:24 INFO  [] o.s.b.d.a.OptionalLiveReloadServer - LiveReload server is running on port 35729
2026-03-26 02:47:24 INFO  [] o.a.coyote.http11.Http11NioProtocol - Starting ProtocolHandler ["http-nio-8081"]
2026-03-26 02:47:24 INFO  [] o.s.b.w.e.tomcat.TomcatWebServer - Tomcat started on port 8081 (http) with context path '/'
2026-03-26 02:47:24 INFO  [] c.s.snatchmart.SnatchMartApplication - Started SnatchMartApplication in 8.578 seconds (process running for 8.718)
2026-03-26 02:47:24 INFO  [] c.s.s.scheduler.DealScheduler - Starting 30-min price sync job
2026-03-26 02:47:26 INFO  [] c.s.s.i.AmazonAffiliateClient - [Amazon Scraper] Scraped 0 deals from https://www.amazon.in/deals
2026-03-26 02:47:29 INFO  [] c.s.s.i.AmazonAffiliateClient - [Amazon Scraper] Scraped 50 deals from https://www.amazon.in/gp/bestsellers/electronics
2026-03-26 02:47:29 INFO  [] c.s.s.i.AmazonAffiliateClient - [Amazon Scraper] Total deals scraped: 50
2026-03-26 02:47:43 WARN  [] o.h.e.jdbc.spi.SqlExceptionHelper - SQL Error: 0, SQLState: 23514
2026-03-26 02:47:43 ERROR [] o.h.e.jdbc.spi.SqlExceptionHelper - ERROR: new row for relation "products" violates check constraint "chk_price_positive"
  Detail: Failing row contains (18d980d9-cfe7-4285-8938-300aac561e47, #6, #6, amz-scrape-678d665e, 0.00, 0.00, null, null, https://www.amazon.in/Samsung-Storage-Smoothest-Refresh-Upgrades..., https://images-eu.ssl-images-amazon.com/images/I/717m3kkQM1L._AC..., b1eebc99-9c0b-4ef8-bb6d-6bb9bd380a22, c1eebc99-9c0b-4ef8-bb6d-6bb9bd380a31, t, null, 2026-03-25 21:17:43.173711+00, 2026-03-25 21:17:43.173711+00).
2026-03-26 02:47:44 ERROR [] o.s.s.s.TaskUtils$LoggingErrorHandler - Unexpected error occurred in scheduled task
org.springframework.dao.DataIntegrityViolationException: could not execute statement [ERROR: new row for relation "products" violates check constraint "chk_price_positive"
  Detail: Failing row contains (18d980d9-cfe7-4285-8938-300aac561e47, #6, #6, amz-scrape-678d665e, 0.00, 0.00, null, null, https://www.amazon.in/Samsung-Storage-Smoothest-Refresh-Upgrades..., https://images-eu.ssl-images-amazon.com/images/I/717m3kkQM1L._AC..., b1eebc99-9c0b-4ef8-bb6d-6bb9bd380a22, c1eebc99-9c0b-4ef8-bb6d-6bb9bd380a31, t, null, 2026-03-25 21:17:43.173711+00, 2026-03-25 21:17:43.173711+00).] [insert into products (affiliate_url,category_id,created_at,deals_expires_at,description,image_url,is_active,merchant_id,original_price,product_name,product_unique_id,review_count,review_score,sale_price,updated_at,id) values (?,?,?,?,?,?,?,?,?,?,?,?,?,?,?,?)]; SQL [insert into products (affiliate_url,category_id,created_at,deals_expires_at,description,image_url,is_active,merchant_id,original_price,product_name,product_unique_id,review_count,review_score,sale_price,updated_at,id) values (?,?,?,?,?,?,?,?,?,?,?,?,?,?,?,?)]; constraint [chk_price_positive]
	at org.springframework.orm.jpa.vendor.HibernateJpaDialect.convertHibernateAccessException(HibernateJpaDialect.java:294)
	at org.springframework.orm.jpa.vendor.HibernateJpaDialect.convertHibernateAccessException(HibernateJpaDialect.java:256)
	at org.springframework.orm.jpa.vendor.HibernateJpaDialect.translateExceptionIfPossible(HibernateJpaDialect.java:241)
	at org.springframework.orm.jpa.AbstractEntityManagerFactoryBean.translateExceptionIfPossible(AbstractEntityManagerFactoryBean.java:560)
	at org.springframework.dao.support.ChainedPersistenceExceptionTranslator.translateExceptionIfPossible(ChainedPersistenceExceptionTranslator.java:61)
	at org.springframework.dao.support.DataAccessUtils.translateIfNecessary(DataAccessUtils.java:343)
	at org.springframework.dao.support.PersistenceExceptionTranslationInterceptor.invoke(PersistenceExceptionTranslationInterceptor.java:160)
	at org.springframework.aop.framework.ReflectiveMethodInvocation.proceed(ReflectiveMethodInvocation.java:184)
	at org.springframework.data.jpa.repository.support.CrudMethodMetadataPostProcessor$CrudMethodMetadataPopulatingMethodInterceptor.invoke(CrudMethodMetadataPostProcessor.java:136)
	at org.springframework.aop.framework.ReflectiveMethodInvocation.proceed(ReflectiveMethodInvocation.java:184)
	at org.springframework.aop.framework.JdkDynamicAopProxy.invoke(JdkDynamicAopProxy.java:223)
	at jdk.proxy4/jdk.proxy4.$Proxy160.findByProductUniqueId(Unknown Source)
	at com.snatchmart.snatchmart.service.serviceImpl.AffiliateSyncServiceImpl.syncDeals(AffiliateSyncServiceImpl.java:48)
	at java.base/jdk.internal.reflect.DirectMethodHandleAccessor.invoke(DirectMethodHandleAccessor.java:103)
	at java.base/java.lang.reflect.Method.invoke(Method.java:580)
	at org.springframework.aop.support.AopUtils.invokeJoinpointUsingReflection(AopUtils.java:360)
	at org.springframework.aop.framework.ReflectiveMethodInvocation.invokeJoinpoint(ReflectiveMethodInvocation.java:196)
	at org.springframework.aop.framework.ReflectiveMethodInvocation.proceed(ReflectiveMethodInvocation.java:163)
	at org.springframework.transaction.interceptor.TransactionAspectSupport.invokeWithinTransaction(TransactionAspectSupport.java:380)
	at org.springframework.transaction.interceptor.TransactionInterceptor.invoke(TransactionInterceptor.java:119)
	at org.springframework.aop.framework.ReflectiveMethodInvocation.proceed(ReflectiveMethodInvocation.java:184)
	at org.springframework.aop.framework.CglibAopProxy$DynamicAdvisedInterceptor.intercept(CglibAopProxy.java:728)
	at com.snatchmart.snatchmart.service.serviceImpl.AffiliateSyncServiceImpl$$SpringCGLIB$$0.syncDeals(<generated>)
	at com.snatchmart.snatchmart.scheduler.DealScheduler.syncPrices(DealScheduler.java:22)
	at java.base/jdk.internal.reflect.DirectMethodHandleAccessor.invoke(DirectMethodHandleAccessor.java:103)
	at java.base/java.lang.reflect.Method.invoke(Method.java:580)
	at org.springframework.scheduling.support.ScheduledMethodRunnable.runInternal(ScheduledMethodRunnable.java:130)
	at org.springframework.scheduling.support.ScheduledMethodRunnable.lambda$run$2(ScheduledMethodRunnable.java:124)
	at io.micrometer.observation.Observation.observe(Observation.java:498)
	at org.springframework.scheduling.support.ScheduledMethodRunnable.run(ScheduledMethodRunnable.java:124)
	at org.springframework.scheduling.config.Task$OutcomeTrackingRunnable.run(Task.java:85)
	at org.springframework.scheduling.support.DelegatingErrorHandlingRunnable.run(DelegatingErrorHandlingRunnable.java:54)
	at java.base/java.util.concurrent.Executors$RunnableAdapter.call(Executors.java:572)
	at java.base/java.util.concurrent.FutureTask.runAndReset(FutureTask.java:358)
	at java.base/java.util.concurrent.ScheduledThreadPoolExecutor$ScheduledFutureTask.run(ScheduledThreadPoolExecutor.java:305)
	at java.base/java.util.concurrent.ThreadPoolExecutor.runWorker(ThreadPoolExecutor.java:1144)
	at java.base/java.util.concurrent.ThreadPoolExecutor$Worker.run(ThreadPoolExecutor.java:642)
	at java.base/java.lang.Thread.run(Thread.java:1583)
Caused by: org.hibernate.exception.ConstraintViolationException: could not execute statement [ERROR: new row for relation "products" violates check constraint "chk_price_positive"
  Detail: Failing row contains (18d980d9-cfe7-4285-8938-300aac561e47, #6, #6, amz-scrape-678d665e, 0.00, 0.00, null, null, https://www.amazon.in/Samsung-Storage-Smoothest-Refresh-Upgrades..., https://images-eu.ssl-images-amazon.com/images/I/717m3kkQM1L._AC..., b1eebc99-9c0b-4ef8-bb6d-6bb9bd380a22, c1eebc99-9c0b-4ef8-bb6d-6bb9bd380a31, t, null, 2026-03-25 21:17:43.173711+00, 2026-03-25 21:17:43.173711+00).] [insert into products (affiliate_url,category_id,created_at,deals_expires_at,description,image_url,is_active,merchant_id,original_price,product_name,product_unique_id,review_count,review_score,sale_price,updated_at,id) values (?,?,?,?,?,?,?,?,?,?,?,?,?,?,?,?)]
	at org.hibernate.exception.internal.SQLStateConversionDelegate.convert(SQLStateConversionDelegate.java:97)
	at org.hibernate.exception.internal.StandardSQLExceptionConverter.convert(StandardSQLExceptionConverter.java:58)
	at org.hibernate.engine.jdbc.spi.SqlExceptionHelper.convert(SqlExceptionHelper.java:108)
	at org.hibernate.engine.jdbc.internal.ResultSetReturnImpl.executeUpdate(ResultSetReturnImpl.java:197)
	at org.hibernate.engine.jdbc.mutation.internal.AbstractMutationExecutor.performNonBatchedMutation(AbstractMutationExecutor.java:134)
	at org.hibernate.engine.jdbc.mutation.internal.MutationExecutorSingleNonBatched.performNonBatchedOperations(MutationExecutorSingleNonBatched.java:55)
	at org.hibernate.engine.jdbc.mutation.internal.AbstractMutationExecutor.execute(AbstractMutationExecutor.java:55)
	at org.hibernate.persister.entity.mutation.InsertCoordinatorStandard.doStaticInserts(InsertCoordinatorStandard.java:194)
	at org.hibernate.persister.entity.mutation.InsertCoordinatorStandard.coordinateInsert(InsertCoordinatorStandard.java:132)
	at org.hibernate.persister.entity.mutation.InsertCoordinatorStandard.insert(InsertCoordinatorStandard.java:104)
	at org.hibernate.action.internal.EntityInsertAction.execute(EntityInsertAction.java:110)
	at org.hibernate.engine.spi.ActionQueue.executeActions(ActionQueue.java:644)
	at org.hibernate.engine.spi.ActionQueue.executeActions(ActionQueue.java:511)
	at org.hibernate.event.internal.AbstractFlushingEventListener.performExecutions(AbstractFlushingEventListener.java:414)
	at org.hibernate.event.internal.DefaultAutoFlushEventListener.onAutoFlush(DefaultAutoFlushEventListener.java:67)
	at org.hibernate.event.service.internal.EventListenerGroupImpl.fireEventOnEachListener(EventListenerGroupImpl.java:127)
	at org.hibernate.internal.SessionImpl.autoFlushIfRequired(SessionImpl.java:1379)
	at org.hibernate.query.sqm.internal.ConcreteSqmSelectQueryPlan.lambda$new$1(ConcreteSqmSelectQueryPlan.java:142)
	at org.hibernate.query.sqm.internal.ConcreteSqmSelectQueryPlan.withCacheableSqmInterpretation(ConcreteSqmSelectQueryPlan.java:439)
	at org.hibernate.query.sqm.internal.ConcreteSqmSelectQueryPlan.performList(ConcreteSqmSelectQueryPlan.java:359)
	at org.hibernate.query.sqm.internal.QuerySqmImpl.doList(QuerySqmImpl.java:380)
	at org.hibernate.query.spi.AbstractSelectionQuery.list(AbstractSelectionQuery.java:143)
	at org.hibernate.query.spi.AbstractSelectionQuery.getSingleResult(AbstractSelectionQuery.java:275)
	at org.springframework.data.jpa.repository.query.JpaQueryExecution$SingleEntityExecution.doExecute(JpaQueryExecution.java:226)
	at org.springframework.data.jpa.repository.query.JpaQueryExecution.execute(JpaQueryExecution.java:95)
	at org.springframework.data.jpa.repository.query.AbstractJpaQuery.doExecute(AbstractJpaQuery.java:160)
	at org.springframework.data.jpa.repository.query.AbstractJpaQuery.execute(AbstractJpaQuery.java:148)
	at org.springframework.data.repository.core.support.RepositoryMethodInvoker.doInvoke(RepositoryMethodInvoker.java:170)
	at org.springframework.data.repository.core.support.RepositoryMethodInvoker.invoke(RepositoryMethodInvoker.java:158)
	at org.springframework.data.repository.core.support.QueryExecutorMethodInterceptor.doInvoke(QueryExecutorMethodInterceptor.java:170)
	at org.springframework.data.repository.core.support.QueryExecutorMethodInterceptor.invoke(QueryExecutorMethodInterceptor.java:149)
	at org.springframework.aop.framework.ReflectiveMethodInvocation.proceed(ReflectiveMethodInvocation.java:184)
	at org.springframework.data.projection.DefaultMethodInvokingMethodInterceptor.invoke(DefaultMethodInvokingMethodInterceptor.java:69)
	at org.springframework.aop.framework.ReflectiveMethodInvocation.proceed(ReflectiveMethodInvocation.java:184)
	at org.springframework.transaction.interceptor.TransactionAspectSupport.invokeWithinTransaction(TransactionAspectSupport.java:380)
	at org.springframework.transaction.interceptor.TransactionInterceptor.invoke(TransactionInterceptor.java:119)
	at org.springframework.aop.framework.ReflectiveMethodInvocation.proceed(ReflectiveMethodInvocation.java:184)
	at org.springframework.dao.support.PersistenceExceptionTranslationInterceptor.invoke(PersistenceExceptionTranslationInterceptor.java:138)
	... 31 common frames omitted
Caused by: org.postgresql.util.PSQLException: ERROR: new row for relation "products" violates check constraint "chk_price_positive"
  Detail: Failing row contains (18d980d9-cfe7-4285-8938-300aac561e47, #6, #6, amz-scrape-678d665e, 0.00, 0.00, null, null, https://www.amazon.in/Samsung-Storage-Smoothest-Refresh-Upgrades..., https://images-eu.ssl-images-amazon.com/images/I/717m3kkQM1L._AC..., b1eebc99-9c0b-4ef8-bb6d-6bb9bd380a22, c1eebc99-9c0b-4ef8-bb6d-6bb9bd380a31, t, null, 2026-03-25 21:17:43.173711+00, 2026-03-25 21:17:43.173711+00).
	at org.postgresql.core.v3.QueryExecutorImpl.receiveErrorResponse(QueryExecutorImpl.java:2734)
	at org.postgresql.core.v3.QueryExecutorImpl.processResults(QueryExecutorImpl.java:2421)
	at org.postgresql.core.v3.QueryExecutorImpl.execute(QueryExecutorImpl.java:372)
	at org.postgresql.jdbc.PgStatement.executeInternal(PgStatement.java:518)
	at org.postgresql.jdbc.PgStatement.execute(PgStatement.java:435)
	at org.postgresql.jdbc.PgPreparedStatement.executeWithFlags(PgPreparedStatement.java:196)
	at org.postgresql.jdbc.PgPreparedStatement.executeUpdate(PgPreparedStatement.java:157)
	at com.zaxxer.hikari.pool.ProxyPreparedStatement.executeUpdate(ProxyPreparedStatement.java:61)
	at com.zaxxer.hikari.pool.HikariProxyPreparedStatement.executeUpdate(HikariProxyPreparedStatement.java)
	at org.hibernate.engine.jdbc.internal.ResultSetReturnImpl.executeUpdate(ResultSetReturnImpl.java:194)
	... 65 common frames omitted
2026-03-26 02:50:17 INFO  [] o.s.b.w.e.tomcat.GracefulShutdown - Commencing graceful shutdown. Waiting for active requests to complete
2026-03-26 02:50:17 INFO  [] o.s.b.w.e.tomcat.GracefulShutdown - Graceful shutdown complete
2026-03-26 02:50:17 INFO  [] o.s.o.j.LocalContainerEntityManagerFactoryBean - Closing JPA EntityManagerFactory for persistence unit 'default'
2026-03-26 02:50:17 INFO  [] com.zaxxer.hikari.HikariDataSource - HikariPool-1 - Shutdown initiated...
2026-03-26 02:50:21 INFO  [] com.zaxxer.hikari.HikariDataSource - HikariPool-1 - Shutdown completed.
2026-03-26 02:57:16 INFO  [] o.h.validator.internal.util.Version - HV000001: Hibernate Validator 8.0.3.Final
2026-03-26 02:57:16 INFO  [] c.s.snatchmart.SnatchMartApplication - Starting SnatchMartApplication using Java 21.0.9 with PID 13000 (/Users/pulkitgiddu/Documents/Code/Backend/snatchMart/target/classes started by pulkitgiddu in /Users/pulkitgiddu/Documents/Code/Backend/snatchMart)
2026-03-26 02:57:16 DEBUG [] c.s.snatchmart.SnatchMartApplication - Running with Spring Boot v3.5.6, Spring v6.2.11
2026-03-26 02:57:16 INFO  [] c.s.snatchmart.SnatchMartApplication - The following 1 profile is active: "dev"
2026-03-26 02:57:16 INFO  [] o.s.b.d.e.DevToolsPropertyDefaultsPostProcessor - Devtools property defaults active! Set 'spring.devtools.add-properties' to 'false' to disable
2026-03-26 02:57:16 INFO  [] o.s.b.d.e.DevToolsPropertyDefaultsPostProcessor - For additional web related logging consider setting the 'logging.level.web' property to 'DEBUG'
2026-03-26 02:57:16 INFO  [] o.s.d.r.c.RepositoryConfigurationDelegate - Multiple Spring Data modules found, entering strict repository configuration mode
2026-03-26 02:57:16 INFO  [] o.s.d.r.c.RepositoryConfigurationDelegate - Bootstrapping Spring Data JPA repositories in DEFAULT mode.
2026-03-26 02:57:16 INFO  [] o.s.d.r.c.RepositoryConfigurationDelegate - Finished Spring Data repository scanning in 52 ms. Found 12 JPA repository interfaces.
2026-03-26 02:57:16 INFO  [] o.s.d.r.c.RepositoryConfigurationDelegate - Multiple Spring Data modules found, entering strict repository configuration mode
2026-03-26 02:57:16 INFO  [] o.s.d.r.c.RepositoryConfigurationDelegate - Bootstrapping Spring Data Redis repositories in DEFAULT mode.
2026-03-26 02:57:16 INFO  [] o.s.d.r.c.RepositoryConfigurationExtensionSupport - Spring Data Redis - Could not safely identify store assignment for repository candidate interface com.snatchmart.snatchmart.repository.AffiliateClickRepository; If you want this repository to be a Redis repository, consider annotating your entities with one of these annotations: org.springframework.data.redis.core.RedisHash (preferred), or consider extending one of the following types with your repository: org.springframework.data.keyvalue.repository.KeyValueRepository
2026-03-26 02:57:16 INFO  [] o.s.d.r.c.RepositoryConfigurationExtensionSupport - Spring Data Redis - Could not safely identify store assignment for repository candidate interface com.snatchmart.snatchmart.repository.CategoryRepository; If you want this repository to be a Redis repository, consider annotating your entities with one of these annotations: org.springframework.data.redis.core.RedisHash (preferred), or consider extending one of the following types with your repository: org.springframework.data.keyvalue.repository.KeyValueRepository
2026-03-26 02:57:16 INFO  [] o.s.d.r.c.RepositoryConfigurationExtensionSupport - Spring Data Redis - Could not safely identify store assignment for repository candidate interface com.snatchmart.snatchmart.repository.CouponRepository; If you want this repository to be a Redis repository, consider annotating your entities with one of these annotations: org.springframework.data.redis.core.RedisHash (preferred), or consider extending one of the following types with your repository: org.springframework.data.keyvalue.repository.KeyValueRepository
2026-03-26 02:57:16 INFO  [] o.s.d.r.c.RepositoryConfigurationExtensionSupport - Spring Data Redis - Could not safely identify store assignment for repository candidate interface com.snatchmart.snatchmart.repository.MerchantRepository; If you want this repository to be a Redis repository, consider annotating your entities with one of these annotations: org.springframework.data.redis.core.RedisHash (preferred), or consider extending one of the following types with your repository: org.springframework.data.keyvalue.repository.KeyValueRepository
2026-03-26 02:57:16 INFO  [] o.s.d.r.c.RepositoryConfigurationExtensionSupport - Spring Data Redis - Could not safely identify store assignment for repository candidate interface com.snatchmart.snatchmart.repository.NotificationRepository; If you want this repository to be a Redis repository, consider annotating your entities with one of these annotations: org.springframework.data.redis.core.RedisHash (preferred), or consider extending one of the following types with your repository: org.springframework.data.keyvalue.repository.KeyValueRepository
2026-03-26 02:57:16 INFO  [] o.s.d.r.c.RepositoryConfigurationExtensionSupport - Spring Data Redis - Could not safely identify store assignment for repository candidate interface com.snatchmart.snatchmart.repository.ProductPriceHistoryRepository; If you want this repository to be a Redis repository, consider annotating your entities with one of these annotations: org.springframework.data.redis.core.RedisHash (preferred), or consider extending one of the following types with your repository: org.springframework.data.keyvalue.repository.KeyValueRepository
2026-03-26 02:57:16 INFO  [] o.s.d.r.c.RepositoryConfigurationExtensionSupport - Spring Data Redis - Could not safely identify store assignment for repository candidate interface com.snatchmart.snatchmart.repository.ProductRepository; If you want this repository to be a Redis repository, consider annotating your entities with one of these annotations: org.springframework.data.redis.core.RedisHash (preferred), or consider extending one of the following types with your repository: org.springframework.data.keyvalue.repository.KeyValueRepository
2026-03-26 02:57:16 INFO  [] o.s.d.r.c.RepositoryConfigurationExtensionSupport - Spring Data Redis - Could not safely identify store assignment for repository candidate interface com.snatchmart.snatchmart.repository.ProductSalesEventRepository; If you want this repository to be a Redis repository, consider annotating your entities with one of these annotations: org.springframework.data.redis.core.RedisHash (preferred), or consider extending one of the following types with your repository: org.springframework.data.keyvalue.repository.KeyValueRepository
2026-03-26 02:57:16 INFO  [] o.s.d.r.c.RepositoryConfigurationExtensionSupport - Spring Data Redis - Could not safely identify store assignment for repository candidate interface com.snatchmart.snatchmart.repository.SalesEventRepository; If you want this repository to be a Redis repository, consider annotating your entities with one of these annotations: org.springframework.data.redis.core.RedisHash (preferred), or consider extending one of the following types with your repository: org.springframework.data.keyvalue.repository.KeyValueRepository
2026-03-26 02:57:16 INFO  [] o.s.d.r.c.RepositoryConfigurationExtensionSupport - Spring Data Redis - Could not safely identify store assignment for repository candidate interface com.snatchmart.snatchmart.repository.UserBudgetRepository; If you want this repository to be a Redis repository, consider annotating your entities with one of these annotations: org.springframework.data.redis.core.RedisHash (preferred), or consider extending one of the following types with your repository: org.springframework.data.keyvalue.repository.KeyValueRepository
2026-03-26 02:57:16 INFO  [] o.s.d.r.c.RepositoryConfigurationExtensionSupport - Spring Data Redis - Could not safely identify store assignment for repository candidate interface com.snatchmart.snatchmart.repository.UserRepository; If you want this repository to be a Redis repository, consider annotating your entities with one of these annotations: org.springframework.data.redis.core.RedisHash (preferred), or consider extending one of the following types with your repository: org.springframework.data.keyvalue.repository.KeyValueRepository
2026-03-26 02:57:16 INFO  [] o.s.d.r.c.RepositoryConfigurationExtensionSupport - Spring Data Redis - Could not safely identify store assignment for repository candidate interface com.snatchmart.snatchmart.repository.UserWishlistRepository; If you want this repository to be a Redis repository, consider annotating your entities with one of these annotations: org.springframework.data.redis.core.RedisHash (preferred), or consider extending one of the following types with your repository: org.springframework.data.keyvalue.repository.KeyValueRepository
2026-03-26 02:57:16 INFO  [] o.s.d.r.c.RepositoryConfigurationDelegate - Finished Spring Data repository scanning in 3 ms. Found 0 Redis repository interfaces.
2026-03-26 02:57:16 INFO  [] o.s.b.w.e.tomcat.TomcatWebServer - Tomcat initialized with port 8081 (http)
2026-03-26 02:57:16 INFO  [] o.a.coyote.http11.Http11NioProtocol - Initializing ProtocolHandler ["http-nio-8081"]
2026-03-26 02:57:16 INFO  [] o.a.catalina.core.StandardService - Starting service [Tomcat]
2026-03-26 02:57:16 INFO  [] o.a.catalina.core.StandardEngine - Starting Servlet engine: [Apache Tomcat/10.1.46]
2026-03-26 02:57:16 INFO  [] o.a.c.c.C.[Tomcat].[localhost].[/] - Initializing Spring embedded WebApplicationContext
2026-03-26 02:57:16 INFO  [] o.s.b.w.s.c.ServletWebServerApplicationContext - Root WebApplicationContext: initialization completed in 591 ms
2026-03-26 02:57:16 INFO  [] o.h.jpa.internal.util.LogHelper - HHH000204: Processing PersistenceUnitInfo [name: default]
2026-03-26 02:57:16 INFO  [] org.hibernate.Version - HHH000412: Hibernate ORM core version 6.6.29.Final
2026-03-26 02:57:16 INFO  [] o.h.c.i.RegionFactoryInitiator - HHH000026: Second-level cache disabled
2026-03-26 02:57:16 INFO  [] o.s.o.j.p.SpringPersistenceUnitInfo - No LoadTimeWeaver setup: ignoring JPA class transformer
2026-03-26 02:57:16 INFO  [] com.zaxxer.hikari.HikariDataSource - HikariPool-1 - Starting...
2026-03-26 02:57:21 INFO  [] com.zaxxer.hikari.pool.HikariPool - HikariPool-1 - Added connection org.postgresql.jdbc.PgConnection@3bf4fbcd
2026-03-26 02:57:21 INFO  [] com.zaxxer.hikari.HikariDataSource - HikariPool-1 - Start completed.
2026-03-26 02:57:21 WARN  [] org.hibernate.orm.deprecation - HHH90000025: PostgreSQLDialect does not need to be specified explicitly using 'hibernate.dialect' (remove the property setting and it will be selected by default)
2026-03-26 02:57:22 INFO  [] o.hibernate.orm.connections.pooling - HHH10001005: Database info:
	Database JDBC URL [Connecting through datasource 'HikariDataSource (HikariPool-1)']
	Database driver: undefined/unknown
	Database version: 17.8
	Autocommit mode: undefined/unknown
	Isolation level: undefined/unknown
	Minimum pool size: undefined/unknown
	Maximum pool size: undefined/unknown
2026-03-26 02:57:23 INFO  [] o.h.e.t.j.p.i.JtaPlatformInitiator - HHH000489: No JTA platform available (set 'hibernate.transaction.jta.platform' to enable JTA platform integration)
2026-03-26 02:57:23 INFO  [] o.s.o.j.LocalContainerEntityManagerFactoryBean - Initialized JPA EntityManagerFactory for persistence unit 'default'
2026-03-26 02:57:23 INFO  [] o.s.d.j.r.query.QueryEnhancerFactory - Hibernate is in classpath; If applicable, HQL parser will be used.
2026-03-26 02:57:23 DEBUG [] c.s.s.s.JwtAuthenticationFilter - Filter 'jwtAuthenticationFilter' configured for use
2026-03-26 02:57:23 INFO  [] o.s.s.c.a.a.c.InitializeAuthenticationProviderBeanManagerConfigurer$InitializeAuthenticationProviderManagerConfigurer - Global AuthenticationManager configured with AuthenticationProvider bean with name authenticationProvider
2026-03-26 02:57:23 WARN  [] o.s.s.c.a.a.c.InitializeUserDetailsBeanManagerConfigurer$InitializeUserDetailsManagerConfigurer - Global AuthenticationManager configured with an AuthenticationProvider bean. UserDetailsService beans will not be used by Spring Security for automatically configuring username/password login. Consider removing the AuthenticationProvider bean. Alternatively, consider using the UserDetailsService in a manually instantiated DaoAuthenticationProvider. If the current configuration is intentional, to turn off this warning, increase the logging level of 'org.springframework.security.config.annotation.authentication.configuration.InitializeUserDetailsBeanManagerConfigurer' to ERROR
2026-03-26 02:57:23 WARN  [] o.s.b.a.o.j.JpaBaseConfiguration$JpaWebConfiguration - spring.jpa.open-in-view is enabled by default. Therefore, database queries may be performed during view rendering. Explicitly configure spring.jpa.open-in-view to disable this warning
2026-03-26 02:57:24 INFO  [] o.s.b.a.h.H2ConsoleAutoConfiguration - H2 console available at '/h2-console'. Database available at 'jdbc:postgresql://ep-blue-field-afvby5th-pooler.c-2.us-west-2.aws.neon.tech/neondb?sslmode=require'
2026-03-26 02:57:24 INFO  [] o.s.b.d.a.OptionalLiveReloadServer - LiveReload server is running on port 35729
2026-03-26 02:57:24 INFO  [] o.a.coyote.http11.Http11NioProtocol - Starting ProtocolHandler ["http-nio-8081"]
2026-03-26 02:57:24 INFO  [] o.s.b.w.e.tomcat.TomcatWebServer - Tomcat started on port 8081 (http) with context path '/'
2026-03-26 02:57:24 INFO  [] c.s.snatchmart.SnatchMartApplication - Started SnatchMartApplication in 8.317 seconds (process running for 8.455)
2026-03-26 02:57:24 INFO  [] c.s.s.scheduler.DealScheduler - Starting 30-min price sync job
2026-03-26 02:57:25 INFO  [] c.s.s.i.AmazonAffiliateClient - [Amazon Scraper] Scraped 0 deals from https://www.amazon.in/deals
2026-03-26 02:57:29 INFO  [] c.s.s.i.AmazonAffiliateClient - [Amazon Scraper] Scraped 50 deals from https://www.amazon.in/gp/bestsellers/electronics
2026-03-26 02:57:29 INFO  [] c.s.s.i.AmazonAffiliateClient - [Amazon Scraper] Total deals scraped: 50
2026-03-26 02:57:40 WARN  [] o.h.e.jdbc.spi.SqlExceptionHelper - SQL Error: 0, SQLState: 23514
2026-03-26 02:57:40 ERROR [] o.h.e.jdbc.spi.SqlExceptionHelper - ERROR: new row for relation "products" violates check constraint "chk_price_positive"
  Detail: Failing row contains (a49a0622-db22-480b-b4c6-a20a7593e34a, #6, #6, amz-scrape-b746b8a4, 0.00, 0.00, null, null, https://www.amazon.in/Samsung-Storage-Smoothest-Refresh-Upgrades..., https://images-eu.ssl-images-amazon.com/images/I/717m3kkQM1L._AC..., b1eebc99-9c0b-4ef8-bb6d-6bb9bd380a22, c1eebc99-9c0b-4ef8-bb6d-6bb9bd380a31, t, null, 2026-03-25 21:27:40.021674+00, 2026-03-25 21:27:40.021674+00).
2026-03-26 02:57:40 ERROR [] o.s.s.s.TaskUtils$LoggingErrorHandler - Unexpected error occurred in scheduled task
org.springframework.dao.DataIntegrityViolationException: could not execute statement [ERROR: new row for relation "products" violates check constraint "chk_price_positive"
  Detail: Failing row contains (a49a0622-db22-480b-b4c6-a20a7593e34a, #6, #6, amz-scrape-b746b8a4, 0.00, 0.00, null, null, https://www.amazon.in/Samsung-Storage-Smoothest-Refresh-Upgrades..., https://images-eu.ssl-images-amazon.com/images/I/717m3kkQM1L._AC..., b1eebc99-9c0b-4ef8-bb6d-6bb9bd380a22, c1eebc99-9c0b-4ef8-bb6d-6bb9bd380a31, t, null, 2026-03-25 21:27:40.021674+00, 2026-03-25 21:27:40.021674+00).] [insert into products (affiliate_url,category_id,created_at,deals_expires_at,description,image_url,is_active,merchant_id,original_price,product_name,product_unique_id,review_count,review_score,sale_price,updated_at,id) values (?,?,?,?,?,?,?,?,?,?,?,?,?,?,?,?)]; SQL [insert into products (affiliate_url,category_id,created_at,deals_expires_at,description,image_url,is_active,merchant_id,original_price,product_name,product_unique_id,review_count,review_score,sale_price,updated_at,id) values (?,?,?,?,?,?,?,?,?,?,?,?,?,?,?,?)]; constraint [chk_price_positive]
	at org.springframework.orm.jpa.vendor.HibernateJpaDialect.convertHibernateAccessException(HibernateJpaDialect.java:294)
	at org.springframework.orm.jpa.vendor.HibernateJpaDialect.convertHibernateAccessException(HibernateJpaDialect.java:256)
	at org.springframework.orm.jpa.vendor.HibernateJpaDialect.translateExceptionIfPossible(HibernateJpaDialect.java:241)
	at org.springframework.orm.jpa.AbstractEntityManagerFactoryBean.translateExceptionIfPossible(AbstractEntityManagerFactoryBean.java:560)
	at org.springframework.dao.support.ChainedPersistenceExceptionTranslator.translateExceptionIfPossible(ChainedPersistenceExceptionTranslator.java:61)
	at org.springframework.dao.support.DataAccessUtils.translateIfNecessary(DataAccessUtils.java:343)
	at org.springframework.dao.support.PersistenceExceptionTranslationInterceptor.invoke(PersistenceExceptionTranslationInterceptor.java:160)
	at org.springframework.aop.framework.ReflectiveMethodInvocation.proceed(ReflectiveMethodInvocation.java:184)
	at org.springframework.data.jpa.repository.support.CrudMethodMetadataPostProcessor$CrudMethodMetadataPopulatingMethodInterceptor.invoke(CrudMethodMetadataPostProcessor.java:136)
	at org.springframework.aop.framework.ReflectiveMethodInvocation.proceed(ReflectiveMethodInvocation.java:184)
	at org.springframework.aop.framework.JdkDynamicAopProxy.invoke(JdkDynamicAopProxy.java:223)
	at jdk.proxy4/jdk.proxy4.$Proxy160.findByProductUniqueId(Unknown Source)
	at com.snatchmart.snatchmart.service.serviceImpl.AffiliateSyncServiceImpl.syncDeals(AffiliateSyncServiceImpl.java:48)
	at java.base/jdk.internal.reflect.DirectMethodHandleAccessor.invoke(DirectMethodHandleAccessor.java:103)
	at java.base/java.lang.reflect.Method.invoke(Method.java:580)
	at org.springframework.aop.support.AopUtils.invokeJoinpointUsingReflection(AopUtils.java:360)
	at org.springframework.aop.framework.ReflectiveMethodInvocation.invokeJoinpoint(ReflectiveMethodInvocation.java:196)
	at org.springframework.aop.framework.ReflectiveMethodInvocation.proceed(ReflectiveMethodInvocation.java:163)
	at org.springframework.transaction.interceptor.TransactionAspectSupport.invokeWithinTransaction(TransactionAspectSupport.java:380)
	at org.springframework.transaction.interceptor.TransactionInterceptor.invoke(TransactionInterceptor.java:119)
	at org.springframework.aop.framework.ReflectiveMethodInvocation.proceed(ReflectiveMethodInvocation.java:184)
	at org.springframework.aop.framework.CglibAopProxy$DynamicAdvisedInterceptor.intercept(CglibAopProxy.java:728)
	at com.snatchmart.snatchmart.service.serviceImpl.AffiliateSyncServiceImpl$$SpringCGLIB$$0.syncDeals(<generated>)
	at com.snatchmart.snatchmart.scheduler.DealScheduler.syncPrices(DealScheduler.java:22)
	at java.base/jdk.internal.reflect.DirectMethodHandleAccessor.invoke(DirectMethodHandleAccessor.java:103)
	at java.base/java.lang.reflect.Method.invoke(Method.java:580)
	at org.springframework.scheduling.support.ScheduledMethodRunnable.runInternal(ScheduledMethodRunnable.java:130)
	at org.springframework.scheduling.support.ScheduledMethodRunnable.lambda$run$2(ScheduledMethodRunnable.java:124)
	at io.micrometer.observation.Observation.observe(Observation.java:498)
	at org.springframework.scheduling.support.ScheduledMethodRunnable.run(ScheduledMethodRunnable.java:124)
	at org.springframework.scheduling.config.Task$OutcomeTrackingRunnable.run(Task.java:85)
	at org.springframework.scheduling.support.DelegatingErrorHandlingRunnable.run(DelegatingErrorHandlingRunnable.java:54)
	at java.base/java.util.concurrent.Executors$RunnableAdapter.call(Executors.java:572)
	at java.base/java.util.concurrent.FutureTask.runAndReset(FutureTask.java:358)
	at java.base/java.util.concurrent.ScheduledThreadPoolExecutor$ScheduledFutureTask.run(ScheduledThreadPoolExecutor.java:305)
	at java.base/java.util.concurrent.ThreadPoolExecutor.runWorker(ThreadPoolExecutor.java:1144)
	at java.base/java.util.concurrent.ThreadPoolExecutor$Worker.run(ThreadPoolExecutor.java:642)
	at java.base/java.lang.Thread.run(Thread.java:1583)
Caused by: org.hibernate.exception.ConstraintViolationException: could not execute statement [ERROR: new row for relation "products" violates check constraint "chk_price_positive"
  Detail: Failing row contains (a49a0622-db22-480b-b4c6-a20a7593e34a, #6, #6, amz-scrape-b746b8a4, 0.00, 0.00, null, null, https://www.amazon.in/Samsung-Storage-Smoothest-Refresh-Upgrades..., https://images-eu.ssl-images-amazon.com/images/I/717m3kkQM1L._AC..., b1eebc99-9c0b-4ef8-bb6d-6bb9bd380a22, c1eebc99-9c0b-4ef8-bb6d-6bb9bd380a31, t, null, 2026-03-25 21:27:40.021674+00, 2026-03-25 21:27:40.021674+00).] [insert into products (affiliate_url,category_id,created_at,deals_expires_at,description,image_url,is_active,merchant_id,original_price,product_name,product_unique_id,review_count,review_score,sale_price,updated_at,id) values (?,?,?,?,?,?,?,?,?,?,?,?,?,?,?,?)]
	at org.hibernate.exception.internal.SQLStateConversionDelegate.convert(SQLStateConversionDelegate.java:97)
	at org.hibernate.exception.internal.StandardSQLExceptionConverter.convert(StandardSQLExceptionConverter.java:58)
	at org.hibernate.engine.jdbc.spi.SqlExceptionHelper.convert(SqlExceptionHelper.java:108)
	at org.hibernate.engine.jdbc.internal.ResultSetReturnImpl.executeUpdate(ResultSetReturnImpl.java:197)
	at org.hibernate.engine.jdbc.mutation.internal.AbstractMutationExecutor.performNonBatchedMutation(AbstractMutationExecutor.java:134)
	at org.hibernate.engine.jdbc.mutation.internal.MutationExecutorSingleNonBatched.performNonBatchedOperations(MutationExecutorSingleNonBatched.java:55)
	at org.hibernate.engine.jdbc.mutation.internal.AbstractMutationExecutor.execute(AbstractMutationExecutor.java:55)
	at org.hibernate.persister.entity.mutation.InsertCoordinatorStandard.doStaticInserts(InsertCoordinatorStandard.java:194)
	at org.hibernate.persister.entity.mutation.InsertCoordinatorStandard.coordinateInsert(InsertCoordinatorStandard.java:132)
	at org.hibernate.persister.entity.mutation.InsertCoordinatorStandard.insert(InsertCoordinatorStandard.java:104)
	at org.hibernate.action.internal.EntityInsertAction.execute(EntityInsertAction.java:110)
	at org.hibernate.engine.spi.ActionQueue.executeActions(ActionQueue.java:644)
	at org.hibernate.engine.spi.ActionQueue.executeActions(ActionQueue.java:511)
	at org.hibernate.event.internal.AbstractFlushingEventListener.performExecutions(AbstractFlushingEventListener.java:414)
	at org.hibernate.event.internal.DefaultAutoFlushEventListener.onAutoFlush(DefaultAutoFlushEventListener.java:67)
	at org.hibernate.event.service.internal.EventListenerGroupImpl.fireEventOnEachListener(EventListenerGroupImpl.java:127)
	at org.hibernate.internal.SessionImpl.autoFlushIfRequired(SessionImpl.java:1379)
	at org.hibernate.query.sqm.internal.ConcreteSqmSelectQueryPlan.lambda$new$1(ConcreteSqmSelectQueryPlan.java:142)
	at org.hibernate.query.sqm.internal.ConcreteSqmSelectQueryPlan.withCacheableSqmInterpretation(ConcreteSqmSelectQueryPlan.java:439)
	at org.hibernate.query.sqm.internal.ConcreteSqmSelectQueryPlan.performList(ConcreteSqmSelectQueryPlan.java:359)
	at org.hibernate.query.sqm.internal.QuerySqmImpl.doList(QuerySqmImpl.java:380)
	at org.hibernate.query.spi.AbstractSelectionQuery.list(AbstractSelectionQuery.java:143)
	at org.hibernate.query.spi.AbstractSelectionQuery.getSingleResult(AbstractSelectionQuery.java:275)
	at org.springframework.data.jpa.repository.query.JpaQueryExecution$SingleEntityExecution.doExecute(JpaQueryExecution.java:226)
	at org.springframework.data.jpa.repository.query.JpaQueryExecution.execute(JpaQueryExecution.java:95)
	at org.springframework.data.jpa.repository.query.AbstractJpaQuery.doExecute(AbstractJpaQuery.java:160)
	at org.springframework.data.jpa.repository.query.AbstractJpaQuery.execute(AbstractJpaQuery.java:148)
	at org.springframework.data.repository.core.support.RepositoryMethodInvoker.doInvoke(RepositoryMethodInvoker.java:170)
	at org.springframework.data.repository.core.support.RepositoryMethodInvoker.invoke(RepositoryMethodInvoker.java:158)
	at org.springframework.data.repository.core.support.QueryExecutorMethodInterceptor.doInvoke(QueryExecutorMethodInterceptor.java:170)
	at org.springframework.data.repository.core.support.QueryExecutorMethodInterceptor.invoke(QueryExecutorMethodInterceptor.java:149)
	at org.springframework.aop.framework.ReflectiveMethodInvocation.proceed(ReflectiveMethodInvocation.java:184)
	at org.springframework.data.projection.DefaultMethodInvokingMethodInterceptor.invoke(DefaultMethodInvokingMethodInterceptor.java:69)
	at org.springframework.aop.framework.ReflectiveMethodInvocation.proceed(ReflectiveMethodInvocation.java:184)
	at org.springframework.transaction.interceptor.TransactionAspectSupport.invokeWithinTransaction(TransactionAspectSupport.java:380)
	at org.springframework.transaction.interceptor.TransactionInterceptor.invoke(TransactionInterceptor.java:119)
	at org.springframework.aop.framework.ReflectiveMethodInvocation.proceed(ReflectiveMethodInvocation.java:184)
	at org.springframework.dao.support.PersistenceExceptionTranslationInterceptor.invoke(PersistenceExceptionTranslationInterceptor.java:138)
	... 31 common frames omitted
Caused by: org.postgresql.util.PSQLException: ERROR: new row for relation "products" violates check constraint "chk_price_positive"
  Detail: Failing row contains (a49a0622-db22-480b-b4c6-a20a7593e34a, #6, #6, amz-scrape-b746b8a4, 0.00, 0.00, null, null, https://www.amazon.in/Samsung-Storage-Smoothest-Refresh-Upgrades..., https://images-eu.ssl-images-amazon.com/images/I/717m3kkQM1L._AC..., b1eebc99-9c0b-4ef8-bb6d-6bb9bd380a22, c1eebc99-9c0b-4ef8-bb6d-6bb9bd380a31, t, null, 2026-03-25 21:27:40.021674+00, 2026-03-25 21:27:40.021674+00).
	at org.postgresql.core.v3.QueryExecutorImpl.receiveErrorResponse(QueryExecutorImpl.java:2734)
	at org.postgresql.core.v3.QueryExecutorImpl.processResults(QueryExecutorImpl.java:2421)
	at org.postgresql.core.v3.QueryExecutorImpl.execute(QueryExecutorImpl.java:372)
	at org.postgresql.jdbc.PgStatement.executeInternal(PgStatement.java:518)
	at org.postgresql.jdbc.PgStatement.execute(PgStatement.java:435)
	at org.postgresql.jdbc.PgPreparedStatement.executeWithFlags(PgPreparedStatement.java:196)
	at org.postgresql.jdbc.PgPreparedStatement.executeUpdate(PgPreparedStatement.java:157)
	at com.zaxxer.hikari.pool.ProxyPreparedStatement.executeUpdate(ProxyPreparedStatement.java:61)
	at com.zaxxer.hikari.pool.HikariProxyPreparedStatement.executeUpdate(HikariProxyPreparedStatement.java)
	at org.hibernate.engine.jdbc.internal.ResultSetReturnImpl.executeUpdate(ResultSetReturnImpl.java:194)
	... 65 common frames omitted
2026-03-26 02:58:26 INFO  [] o.s.b.d.a.LocalDevToolsAutoConfiguration$RestartingClassPathChangeChangedEventListener - Restarting due to 1 class path change (0 additions, 0 deletions, 1 modification)
2026-03-26 02:58:26 INFO  [] o.s.b.w.e.tomcat.GracefulShutdown - Commencing graceful shutdown. Waiting for active requests to complete
2026-03-26 02:58:26 INFO  [] o.a.coyote.http11.Http11NioProtocol - Pausing ProtocolHandler ["http-nio-8081"]
2026-03-26 02:58:26 INFO  [] o.s.b.w.e.tomcat.GracefulShutdown - Graceful shutdown complete
2026-03-26 02:58:26 INFO  [] o.a.coyote.http11.Http11NioProtocol - Stopping ProtocolHandler ["http-nio-8081"]
2026-03-26 02:58:26 INFO  [] o.s.o.j.LocalContainerEntityManagerFactoryBean - Closing JPA EntityManagerFactory for persistence unit 'default'
2026-03-26 02:58:26 INFO  [] com.zaxxer.hikari.HikariDataSource - HikariPool-1 - Shutdown initiated...
2026-03-26 02:58:30 INFO  [] com.zaxxer.hikari.HikariDataSource - HikariPool-1 - Shutdown completed.
2026-03-26 02:58:30 INFO  [] c.s.snatchmart.SnatchMartApplication - Starting SnatchMartApplication using Java 21.0.9 with PID 13000 (/Users/pulkitgiddu/Documents/Code/Backend/snatchMart/target/classes started by pulkitgiddu in /Users/pulkitgiddu/Documents/Code/Backend/snatchMart)
2026-03-26 02:58:30 DEBUG [] c.s.snatchmart.SnatchMartApplication - Running with Spring Boot v3.5.6, Spring v6.2.11
2026-03-26 02:58:30 INFO  [] c.s.snatchmart.SnatchMartApplication - The following 1 profile is active: "dev"
2026-03-26 02:58:30 INFO  [] o.s.d.r.c.RepositoryConfigurationDelegate - Multiple Spring Data modules found, entering strict repository configuration mode
2026-03-26 02:58:30 INFO  [] o.s.d.r.c.RepositoryConfigurationDelegate - Bootstrapping Spring Data JPA repositories in DEFAULT mode.
2026-03-26 02:58:30 INFO  [] o.s.d.r.c.RepositoryConfigurationDelegate - Finished Spring Data repository scanning in 10 ms. Found 12 JPA repository interfaces.
2026-03-26 02:58:30 INFO  [] o.s.d.r.c.RepositoryConfigurationDelegate - Multiple Spring Data modules found, entering strict repository configuration mode
2026-03-26 02:58:30 INFO  [] o.s.d.r.c.RepositoryConfigurationDelegate - Bootstrapping Spring Data Redis repositories in DEFAULT mode.
2026-03-26 02:58:30 INFO  [] o.s.d.r.c.RepositoryConfigurationExtensionSupport - Spring Data Redis - Could not safely identify store assignment for repository candidate interface com.snatchmart.snatchmart.repository.AffiliateClickRepository; If you want this repository to be a Redis repository, consider annotating your entities with one of these annotations: org.springframework.data.redis.core.RedisHash (preferred), or consider extending one of the following types with your repository: org.springframework.data.keyvalue.repository.KeyValueRepository
2026-03-26 02:58:30 INFO  [] o.s.d.r.c.RepositoryConfigurationExtensionSupport - Spring Data Redis - Could not safely identify store assignment for repository candidate interface com.snatchmart.snatchmart.repository.CategoryRepository; If you want this repository to be a Redis repository, consider annotating your entities with one of these annotations: org.springframework.data.redis.core.RedisHash (preferred), or consider extending one of the following types with your repository: org.springframework.data.keyvalue.repository.KeyValueRepository
2026-03-26 02:58:30 INFO  [] o.s.d.r.c.RepositoryConfigurationExtensionSupport - Spring Data Redis - Could not safely identify store assignment for repository candidate interface com.snatchmart.snatchmart.repository.CouponRepository; If you want this repository to be a Redis repository, consider annotating your entities with one of these annotations: org.springframework.data.redis.core.RedisHash (preferred), or consider extending one of the following types with your repository: org.springframework.data.keyvalue.repository.KeyValueRepository
2026-03-26 02:58:30 INFO  [] o.s.d.r.c.RepositoryConfigurationExtensionSupport - Spring Data Redis - Could not safely identify store assignment for repository candidate interface com.snatchmart.snatchmart.repository.MerchantRepository; If you want this repository to be a Redis repository, consider annotating your entities with one of these annotations: org.springframework.data.redis.core.RedisHash (preferred), or consider extending one of the following types with your repository: org.springframework.data.keyvalue.repository.KeyValueRepository
2026-03-26 02:58:30 INFO  [] o.s.d.r.c.RepositoryConfigurationExtensionSupport - Spring Data Redis - Could not safely identify store assignment for repository candidate interface com.snatchmart.snatchmart.repository.NotificationRepository; If you want this repository to be a Redis repository, consider annotating your entities with one of these annotations: org.springframework.data.redis.core.RedisHash (preferred), or consider extending one of the following types with your repository: org.springframework.data.keyvalue.repository.KeyValueRepository
2026-03-26 02:58:30 INFO  [] o.s.d.r.c.RepositoryConfigurationExtensionSupport - Spring Data Redis - Could not safely identify store assignment for repository candidate interface com.snatchmart.snatchmart.repository.ProductPriceHistoryRepository; If you want this repository to be a Redis repository, consider annotating your entities with one of these annotations: org.springframework.data.redis.core.RedisHash (preferred), or consider extending one of the following types with your repository: org.springframework.data.keyvalue.repository.KeyValueRepository
2026-03-26 02:58:30 INFO  [] o.s.d.r.c.RepositoryConfigurationExtensionSupport - Spring Data Redis - Could not safely identify store assignment for repository candidate interface com.snatchmart.snatchmart.repository.ProductRepository; If you want this repository to be a Redis repository, consider annotating your entities with one of these annotations: org.springframework.data.redis.core.RedisHash (preferred), or consider extending one of the following types with your repository: org.springframework.data.keyvalue.repository.KeyValueRepository
2026-03-26 02:58:30 INFO  [] o.s.d.r.c.RepositoryConfigurationExtensionSupport - Spring Data Redis - Could not safely identify store assignment for repository candidate interface com.snatchmart.snatchmart.repository.ProductSalesEventRepository; If you want this repository to be a Redis repository, consider annotating your entities with one of these annotations: org.springframework.data.redis.core.RedisHash (preferred), or consider extending one of the following types with your repository: org.springframework.data.keyvalue.repository.KeyValueRepository
2026-03-26 02:58:30 INFO  [] o.s.d.r.c.RepositoryConfigurationExtensionSupport - Spring Data Redis - Could not safely identify store assignment for repository candidate interface com.snatchmart.snatchmart.repository.SalesEventRepository; If you want this repository to be a Redis repository, consider annotating your entities with one of these annotations: org.springframework.data.redis.core.RedisHash (preferred), or consider extending one of the following types with your repository: org.springframework.data.keyvalue.repository.KeyValueRepository
2026-03-26 02:58:30 INFO  [] o.s.d.r.c.RepositoryConfigurationExtensionSupport - Spring Data Redis - Could not safely identify store assignment for repository candidate interface com.snatchmart.snatchmart.repository.UserBudgetRepository; If you want this repository to be a Redis repository, consider annotating your entities with one of these annotations: org.springframework.data.redis.core.RedisHash (preferred), or consider extending one of the following types with your repository: org.springframework.data.keyvalue.repository.KeyValueRepository
2026-03-26 02:58:30 INFO  [] o.s.d.r.c.RepositoryConfigurationExtensionSupport - Spring Data Redis - Could not safely identify store assignment for repository candidate interface com.snatchmart.snatchmart.repository.UserRepository; If you want this repository to be a Redis repository, consider annotating your entities with one of these annotations: org.springframework.data.redis.core.RedisHash (preferred), or consider extending one of the following types with your repository: org.springframework.data.keyvalue.repository.KeyValueRepository
2026-03-26 02:58:30 INFO  [] o.s.d.r.c.RepositoryConfigurationExtensionSupport - Spring Data Redis - Could not safely identify store assignment for repository candidate interface com.snatchmart.snatchmart.repository.UserWishlistRepository; If you want this repository to be a Redis repository, consider annotating your entities with one of these annotations: org.springframework.data.redis.core.RedisHash (preferred), or consider extending one of the following types with your repository: org.springframework.data.keyvalue.repository.KeyValueRepository
2026-03-26 02:58:30 INFO  [] o.s.d.r.c.RepositoryConfigurationDelegate - Finished Spring Data repository scanning in 2 ms. Found 0 Redis repository interfaces.
2026-03-26 02:58:30 INFO  [] o.s.b.w.e.tomcat.TomcatWebServer - Tomcat initialized with port 8081 (http)
2026-03-26 02:58:30 INFO  [] o.a.coyote.http11.Http11NioProtocol - Initializing ProtocolHandler ["http-nio-8081"]
2026-03-26 02:58:30 INFO  [] o.a.catalina.core.StandardService - Starting service [Tomcat]
2026-03-26 02:58:30 INFO  [] o.a.catalina.core.StandardEngine - Starting Servlet engine: [Apache Tomcat/10.1.46]
2026-03-26 02:58:30 INFO  [] o.a.c.c.C.[Tomcat].[localhost].[/] - Initializing Spring embedded WebApplicationContext
2026-03-26 02:58:30 INFO  [] o.s.b.w.s.c.ServletWebServerApplicationContext - Root WebApplicationContext: initialization completed in 160 ms
2026-03-26 02:58:30 INFO  [] o.h.jpa.internal.util.LogHelper - HHH000204: Processing PersistenceUnitInfo [name: default]
2026-03-26 02:58:30 INFO  [] o.h.c.i.RegionFactoryInitiator - HHH000026: Second-level cache disabled
2026-03-26 02:58:30 INFO  [] o.s.o.j.p.SpringPersistenceUnitInfo - No LoadTimeWeaver setup: ignoring JPA class transformer
2026-03-26 02:58:30 INFO  [] com.zaxxer.hikari.HikariDataSource - HikariPool-2 - Starting...
2026-03-26 02:58:34 INFO  [] com.zaxxer.hikari.pool.HikariPool - HikariPool-2 - Added connection org.postgresql.jdbc.PgConnection@4cc8fa69
2026-03-26 02:58:34 INFO  [] com.zaxxer.hikari.HikariDataSource - HikariPool-2 - Start completed.
2026-03-26 02:58:34 WARN  [] org.hibernate.orm.deprecation - HHH90000025: PostgreSQLDialect does not need to be specified explicitly using 'hibernate.dialect' (remove the property setting and it will be selected by default)
2026-03-26 02:58:35 INFO  [] o.hibernate.orm.connections.pooling - HHH10001005: Database info:
	Database JDBC URL [Connecting through datasource 'HikariDataSource (HikariPool-2)']
	Database driver: undefined/unknown
	Database version: 17.8
	Autocommit mode: undefined/unknown
	Isolation level: undefined/unknown
	Minimum pool size: undefined/unknown
	Maximum pool size: undefined/unknown
2026-03-26 02:58:35 INFO  [] o.h.e.t.j.p.i.JtaPlatformInitiator - HHH000489: No JTA platform available (set 'hibernate.transaction.jta.platform' to enable JTA platform integration)
2026-03-26 02:58:35 INFO  [] o.s.o.j.LocalContainerEntityManagerFactoryBean - Initialized JPA EntityManagerFactory for persistence unit 'default'
2026-03-26 02:58:35 DEBUG [] c.s.s.s.JwtAuthenticationFilter - Filter 'jwtAuthenticationFilter' configured for use
2026-03-26 02:58:35 INFO  [] o.s.s.c.a.a.c.InitializeAuthenticationProviderBeanManagerConfigurer$InitializeAuthenticationProviderManagerConfigurer - Global AuthenticationManager configured with AuthenticationProvider bean with name authenticationProvider
2026-03-26 02:58:35 WARN  [] o.s.s.c.a.a.c.InitializeUserDetailsBeanManagerConfigurer$InitializeUserDetailsManagerConfigurer - Global AuthenticationManager configured with an AuthenticationProvider bean. UserDetailsService beans will not be used by Spring Security for automatically configuring username/password login. Consider removing the AuthenticationProvider bean. Alternatively, consider using the UserDetailsService in a manually instantiated DaoAuthenticationProvider. If the current configuration is intentional, to turn off this warning, increase the logging level of 'org.springframework.security.config.annotation.authentication.configuration.InitializeUserDetailsBeanManagerConfigurer' to ERROR
2026-03-26 02:58:35 WARN  [] o.s.b.a.o.j.JpaBaseConfiguration$JpaWebConfiguration - spring.jpa.open-in-view is enabled by default. Therefore, database queries may be performed during view rendering. Explicitly configure spring.jpa.open-in-view to disable this warning
2026-03-26 02:58:35 INFO  [] o.s.b.a.h.H2ConsoleAutoConfiguration - H2 console available at '/h2-console'. Database available at 'jdbc:postgresql://ep-blue-field-afvby5th-pooler.c-2.us-west-2.aws.neon.tech/neondb?sslmode=require'
2026-03-26 02:58:35 INFO  [] o.s.b.d.a.OptionalLiveReloadServer - LiveReload server is running on port 35729
2026-03-26 02:58:35 INFO  [] o.a.coyote.http11.Http11NioProtocol - Starting ProtocolHandler ["http-nio-8081"]
2026-03-26 02:58:35 INFO  [] o.s.b.w.e.tomcat.TomcatWebServer - Tomcat started on port 8081 (http) with context path '/'
2026-03-26 02:58:35 INFO  [] c.s.s.scheduler.DealScheduler - Starting 30-min price sync job
2026-03-26 02:58:35 INFO  [] c.s.snatchmart.SnatchMartApplication - Started SnatchMartApplication in 5.634 seconds (process running for 80.131)
2026-03-26 02:58:35 INFO  [] o.s.b.d.a.ConditionEvaluationDeltaLoggingListener - Condition evaluation unchanged
2026-03-26 02:58:37 INFO  [] c.s.s.i.AmazonAffiliateClient - [Amazon Scraper] Scraped 0 deals from https://www.amazon.in/deals
2026-03-26 02:58:40 INFO  [] c.s.s.i.AmazonAffiliateClient - [Amazon Scraper] Scraped 50 deals from https://www.amazon.in/gp/bestsellers/electronics
2026-03-26 02:58:40 INFO  [] c.s.s.i.AmazonAffiliateClient - [Amazon Scraper] Total deals scraped: 50
2026-03-26 02:59:23 INFO  [] c.s.s.s.s.AffiliateSyncServiceImpl - Synced 44 deals from amazon (6 skipped — no valid price)
2026-03-26 02:59:24 INFO  [] c.s.s.i.FlipkartAffiliateClient - [Flipkart Scraper] Scraped 0 deals from https://www.flipkart.com/offers-list/deals-of-the-day
2026-03-26 02:59:26 INFO  [] c.s.s.i.FlipkartAffiliateClient - [Flipkart Scraper] Scraped 0 deals from https://www.flipkart.com/offers-list/electronics
2026-03-26 02:59:28 INFO  [] c.s.s.i.FlipkartAffiliateClient - [Flipkart Scraper] Scraped 0 deals from https://www.flipkart.com/mobiles/pr?sid=tyy,4io&otracker=categorytree
2026-03-26 02:59:30 INFO  [] c.s.s.i.FlipkartAffiliateClient - [Flipkart Scraper] Scraped 0 deals from https://www.flipkart.com/clothing-and-accessories/topwear/pr?sid=clo,ash
2026-03-26 02:59:32 WARN  [] c.s.s.i.FlipkartAffiliateClient - [Flipkart Scraper] All pages failed (0 errors) — using dummy deals as fallback
2026-03-26 02:59:36 INFO  [] c.s.s.s.s.AffiliateSyncServiceImpl - Synced 5 deals from flipkart (0 skipped — no valid price)
2026-03-26 03:03:56 INFO  [] o.h.validator.internal.util.Version - HV000001: Hibernate Validator 8.0.3.Final
2026-03-26 03:03:56 INFO  [] c.s.snatchmart.SnatchMartApplication - Starting SnatchMartApplication using Java 21.0.9 with PID 14083 (/Users/pulkitgiddu/Documents/Code/Backend/snatchMart/target/classes started by pulkitgiddu in /Users/pulkitgiddu/Documents/Code/Backend/snatchMart)
2026-03-26 03:03:56 DEBUG [] c.s.snatchmart.SnatchMartApplication - Running with Spring Boot v3.5.6, Spring v6.2.11
2026-03-26 03:03:56 INFO  [] c.s.snatchmart.SnatchMartApplication - The following 1 profile is active: "dev"
2026-03-26 03:03:56 INFO  [] o.s.b.d.e.DevToolsPropertyDefaultsPostProcessor - Devtools property defaults active! Set 'spring.devtools.add-properties' to 'false' to disable
2026-03-26 03:03:56 INFO  [] o.s.b.d.e.DevToolsPropertyDefaultsPostProcessor - For additional web related logging consider setting the 'logging.level.web' property to 'DEBUG'
2026-03-26 03:03:56 INFO  [] o.s.d.r.c.RepositoryConfigurationDelegate - Multiple Spring Data modules found, entering strict repository configuration mode
2026-03-26 03:03:56 INFO  [] o.s.d.r.c.RepositoryConfigurationDelegate - Bootstrapping Spring Data JPA repositories in DEFAULT mode.
2026-03-26 03:03:56 INFO  [] o.s.d.r.c.RepositoryConfigurationDelegate - Finished Spring Data repository scanning in 54 ms. Found 12 JPA repository interfaces.
2026-03-26 03:03:56 INFO  [] o.s.d.r.c.RepositoryConfigurationDelegate - Multiple Spring Data modules found, entering strict repository configuration mode
2026-03-26 03:03:56 INFO  [] o.s.d.r.c.RepositoryConfigurationDelegate - Bootstrapping Spring Data Redis repositories in DEFAULT mode.
2026-03-26 03:03:56 INFO  [] o.s.d.r.c.RepositoryConfigurationExtensionSupport - Spring Data Redis - Could not safely identify store assignment for repository candidate interface com.snatchmart.snatchmart.repository.AffiliateClickRepository; If you want this repository to be a Redis repository, consider annotating your entities with one of these annotations: org.springframework.data.redis.core.RedisHash (preferred), or consider extending one of the following types with your repository: org.springframework.data.keyvalue.repository.KeyValueRepository
2026-03-26 03:03:56 INFO  [] o.s.d.r.c.RepositoryConfigurationExtensionSupport - Spring Data Redis - Could not safely identify store assignment for repository candidate interface com.snatchmart.snatchmart.repository.CategoryRepository; If you want this repository to be a Redis repository, consider annotating your entities with one of these annotations: org.springframework.data.redis.core.RedisHash (preferred), or consider extending one of the following types with your repository: org.springframework.data.keyvalue.repository.KeyValueRepository
2026-03-26 03:03:56 INFO  [] o.s.d.r.c.RepositoryConfigurationExtensionSupport - Spring Data Redis - Could not safely identify store assignment for repository candidate interface com.snatchmart.snatchmart.repository.CouponRepository; If you want this repository to be a Redis repository, consider annotating your entities with one of these annotations: org.springframework.data.redis.core.RedisHash (preferred), or consider extending one of the following types with your repository: org.springframework.data.keyvalue.repository.KeyValueRepository
2026-03-26 03:03:56 INFO  [] o.s.d.r.c.RepositoryConfigurationExtensionSupport - Spring Data Redis - Could not safely identify store assignment for repository candidate interface com.snatchmart.snatchmart.repository.MerchantRepository; If you want this repository to be a Redis repository, consider annotating your entities with one of these annotations: org.springframework.data.redis.core.RedisHash (preferred), or consider extending one of the following types with your repository: org.springframework.data.keyvalue.repository.KeyValueRepository
2026-03-26 03:03:56 INFO  [] o.s.d.r.c.RepositoryConfigurationExtensionSupport - Spring Data Redis - Could not safely identify store assignment for repository candidate interface com.snatchmart.snatchmart.repository.NotificationRepository; If you want this repository to be a Redis repository, consider annotating your entities with one of these annotations: org.springframework.data.redis.core.RedisHash (preferred), or consider extending one of the following types with your repository: org.springframework.data.keyvalue.repository.KeyValueRepository
2026-03-26 03:03:56 INFO  [] o.s.d.r.c.RepositoryConfigurationExtensionSupport - Spring Data Redis - Could not safely identify store assignment for repository candidate interface com.snatchmart.snatchmart.repository.ProductPriceHistoryRepository; If you want this repository to be a Redis repository, consider annotating your entities with one of these annotations: org.springframework.data.redis.core.RedisHash (preferred), or consider extending one of the following types with your repository: org.springframework.data.keyvalue.repository.KeyValueRepository
2026-03-26 03:03:56 INFO  [] o.s.d.r.c.RepositoryConfigurationExtensionSupport - Spring Data Redis - Could not safely identify store assignment for repository candidate interface com.snatchmart.snatchmart.repository.ProductRepository; If you want this repository to be a Redis repository, consider annotating your entities with one of these annotations: org.springframework.data.redis.core.RedisHash (preferred), or consider extending one of the following types with your repository: org.springframework.data.keyvalue.repository.KeyValueRepository
2026-03-26 03:03:56 INFO  [] o.s.d.r.c.RepositoryConfigurationExtensionSupport - Spring Data Redis - Could not safely identify store assignment for repository candidate interface com.snatchmart.snatchmart.repository.ProductSalesEventRepository; If you want this repository to be a Redis repository, consider annotating your entities with one of these annotations: org.springframework.data.redis.core.RedisHash (preferred), or consider extending one of the following types with your repository: org.springframework.data.keyvalue.repository.KeyValueRepository
2026-03-26 03:03:56 INFO  [] o.s.d.r.c.RepositoryConfigurationExtensionSupport - Spring Data Redis - Could not safely identify store assignment for repository candidate interface com.snatchmart.snatchmart.repository.SalesEventRepository; If you want this repository to be a Redis repository, consider annotating your entities with one of these annotations: org.springframework.data.redis.core.RedisHash (preferred), or consider extending one of the following types with your repository: org.springframework.data.keyvalue.repository.KeyValueRepository
2026-03-26 03:03:56 INFO  [] o.s.d.r.c.RepositoryConfigurationExtensionSupport - Spring Data Redis - Could not safely identify store assignment for repository candidate interface com.snatchmart.snatchmart.repository.UserBudgetRepository; If you want this repository to be a Redis repository, consider annotating your entities with one of these annotations: org.springframework.data.redis.core.RedisHash (preferred), or consider extending one of the following types with your repository: org.springframework.data.keyvalue.repository.KeyValueRepository
2026-03-26 03:03:56 INFO  [] o.s.d.r.c.RepositoryConfigurationExtensionSupport - Spring Data Redis - Could not safely identify store assignment for repository candidate interface com.snatchmart.snatchmart.repository.UserRepository; If you want this repository to be a Redis repository, consider annotating your entities with one of these annotations: org.springframework.data.redis.core.RedisHash (preferred), or consider extending one of the following types with your repository: org.springframework.data.keyvalue.repository.KeyValueRepository
2026-03-26 03:03:56 INFO  [] o.s.d.r.c.RepositoryConfigurationExtensionSupport - Spring Data Redis - Could not safely identify store assignment for repository candidate interface com.snatchmart.snatchmart.repository.UserWishlistRepository; If you want this repository to be a Redis repository, consider annotating your entities with one of these annotations: org.springframework.data.redis.core.RedisHash (preferred), or consider extending one of the following types with your repository: org.springframework.data.keyvalue.repository.KeyValueRepository
2026-03-26 03:03:56 INFO  [] o.s.d.r.c.RepositoryConfigurationDelegate - Finished Spring Data repository scanning in 3 ms. Found 0 Redis repository interfaces.
2026-03-26 03:03:57 INFO  [] o.s.b.w.e.tomcat.TomcatWebServer - Tomcat initialized with port 8081 (http)
2026-03-26 03:03:57 INFO  [] o.a.coyote.http11.Http11NioProtocol - Initializing ProtocolHandler ["http-nio-8081"]
2026-03-26 03:03:57 INFO  [] o.a.catalina.core.StandardService - Starting service [Tomcat]
2026-03-26 03:03:57 INFO  [] o.a.catalina.core.StandardEngine - Starting Servlet engine: [Apache Tomcat/10.1.46]
2026-03-26 03:03:57 INFO  [] o.a.c.c.C.[Tomcat].[localhost].[/] - Initializing Spring embedded WebApplicationContext
2026-03-26 03:03:57 INFO  [] o.s.b.w.s.c.ServletWebServerApplicationContext - Root WebApplicationContext: initialization completed in 591 ms
2026-03-26 03:03:57 INFO  [] o.h.jpa.internal.util.LogHelper - HHH000204: Processing PersistenceUnitInfo [name: default]
2026-03-26 03:03:57 INFO  [] org.hibernate.Version - HHH000412: Hibernate ORM core version 6.6.29.Final
2026-03-26 03:03:57 INFO  [] o.h.c.i.RegionFactoryInitiator - HHH000026: Second-level cache disabled
2026-03-26 03:03:57 INFO  [] o.s.o.j.p.SpringPersistenceUnitInfo - No LoadTimeWeaver setup: ignoring JPA class transformer
2026-03-26 03:03:57 INFO  [] com.zaxxer.hikari.HikariDataSource - HikariPool-1 - Starting...
2026-03-26 03:04:01 INFO  [] com.zaxxer.hikari.pool.HikariPool - HikariPool-1 - Added connection org.postgresql.jdbc.PgConnection@7ac2a8b6
2026-03-26 03:04:01 INFO  [] com.zaxxer.hikari.HikariDataSource - HikariPool-1 - Start completed.
2026-03-26 03:04:01 WARN  [] org.hibernate.orm.deprecation - HHH90000025: PostgreSQLDialect does not need to be specified explicitly using 'hibernate.dialect' (remove the property setting and it will be selected by default)
2026-03-26 03:04:02 INFO  [] o.hibernate.orm.connections.pooling - HHH10001005: Database info:
	Database JDBC URL [Connecting through datasource 'HikariDataSource (HikariPool-1)']
	Database driver: undefined/unknown
	Database version: 17.8
	Autocommit mode: undefined/unknown
	Isolation level: undefined/unknown
	Minimum pool size: undefined/unknown
	Maximum pool size: undefined/unknown
2026-03-26 03:04:03 INFO  [] o.h.e.t.j.p.i.JtaPlatformInitiator - HHH000489: No JTA platform available (set 'hibernate.transaction.jta.platform' to enable JTA platform integration)
2026-03-26 03:04:03 INFO  [] o.s.o.j.LocalContainerEntityManagerFactoryBean - Initialized JPA EntityManagerFactory for persistence unit 'default'
2026-03-26 03:04:03 INFO  [] o.s.d.j.r.query.QueryEnhancerFactory - Hibernate is in classpath; If applicable, HQL parser will be used.
2026-03-26 03:04:04 DEBUG [] c.s.s.s.JwtAuthenticationFilter - Filter 'jwtAuthenticationFilter' configured for use
2026-03-26 03:04:04 INFO  [] o.s.s.c.a.a.c.InitializeAuthenticationProviderBeanManagerConfigurer$InitializeAuthenticationProviderManagerConfigurer - Global AuthenticationManager configured with AuthenticationProvider bean with name authenticationProvider
2026-03-26 03:04:04 WARN  [] o.s.s.c.a.a.c.InitializeUserDetailsBeanManagerConfigurer$InitializeUserDetailsManagerConfigurer - Global AuthenticationManager configured with an AuthenticationProvider bean. UserDetailsService beans will not be used by Spring Security for automatically configuring username/password login. Consider removing the AuthenticationProvider bean. Alternatively, consider using the UserDetailsService in a manually instantiated DaoAuthenticationProvider. If the current configuration is intentional, to turn off this warning, increase the logging level of 'org.springframework.security.config.annotation.authentication.configuration.InitializeUserDetailsBeanManagerConfigurer' to ERROR
2026-03-26 03:04:04 WARN  [] o.s.b.a.o.j.JpaBaseConfiguration$JpaWebConfiguration - spring.jpa.open-in-view is enabled by default. Therefore, database queries may be performed during view rendering. Explicitly configure spring.jpa.open-in-view to disable this warning
2026-03-26 03:04:05 INFO  [] o.s.b.a.h.H2ConsoleAutoConfiguration - H2 console available at '/h2-console'. Database available at 'jdbc:postgresql://ep-blue-field-afvby5th-pooler.c-2.us-west-2.aws.neon.tech/neondb?sslmode=require'
2026-03-26 03:04:05 WARN  [] o.s.b.d.a.OptionalLiveReloadServer - Unable to start LiveReload server
2026-03-26 03:04:05 INFO  [] o.a.coyote.http11.Http11NioProtocol - Starting ProtocolHandler ["http-nio-8081"]
2026-03-26 03:04:05 WARN  [] o.s.b.w.s.c.AnnotationConfigServletWebServerApplicationContext - Exception encountered during context initialization - cancelling refresh attempt: org.springframework.context.ApplicationContextException: Failed to start bean 'webServerStartStop'
2026-03-26 03:04:05 INFO  [] o.s.o.j.LocalContainerEntityManagerFactoryBean - Closing JPA EntityManagerFactory for persistence unit 'default'
2026-03-26 03:04:05 INFO  [] com.zaxxer.hikari.HikariDataSource - HikariPool-1 - Shutdown initiated...
2026-03-26 03:04:07 INFO  [] com.zaxxer.hikari.HikariDataSource - HikariPool-1 - Shutdown completed.
2026-03-26 03:04:07 INFO  [] o.s.b.a.l.ConditionEvaluationReportLogger - 

Error starting ApplicationContext. To display the condition evaluation report re-run your application with 'debug' enabled.
2026-03-26 03:04:07 ERROR [] o.s.b.d.LoggingFailureAnalysisReporter - 

***************************
APPLICATION FAILED TO START
***************************

Description:

Web server failed to start. Port 8081 was already in use.

Action:

Identify and stop the process that's listening on port 8081 or configure this application to listen on another port.

2026-03-26 03:05:50 INFO  [] o.h.validator.internal.util.Version - HV000001: Hibernate Validator 8.0.3.Final
2026-03-26 03:05:50 INFO  [] c.s.snatchmart.SnatchMartApplication - Starting SnatchMartApplication using Java 21.0.9 with PID 14936 (/Users/pulkitgiddu/Documents/Code/Backend/snatchMart/target/classes started by pulkitgiddu in /Users/pulkitgiddu/Documents/Code/Backend/snatchMart)
2026-03-26 03:05:50 DEBUG [] c.s.snatchmart.SnatchMartApplication - Running with Spring Boot v3.5.6, Spring v6.2.11
2026-03-26 03:05:50 INFO  [] c.s.snatchmart.SnatchMartApplication - The following 1 profile is active: "dev"
2026-03-26 03:05:50 INFO  [] o.s.b.d.e.DevToolsPropertyDefaultsPostProcessor - Devtools property defaults active! Set 'spring.devtools.add-properties' to 'false' to disable
2026-03-26 03:05:50 INFO  [] o.s.b.d.e.DevToolsPropertyDefaultsPostProcessor - For additional web related logging consider setting the 'logging.level.web' property to 'DEBUG'
2026-03-26 03:05:50 INFO  [] o.s.d.r.c.RepositoryConfigurationDelegate - Multiple Spring Data modules found, entering strict repository configuration mode
2026-03-26 03:05:50 INFO  [] o.s.d.r.c.RepositoryConfigurationDelegate - Bootstrapping Spring Data JPA repositories in DEFAULT mode.
2026-03-26 03:05:50 INFO  [] o.s.d.r.c.RepositoryConfigurationDelegate - Finished Spring Data repository scanning in 65 ms. Found 12 JPA repository interfaces.
2026-03-26 03:05:50 INFO  [] o.s.d.r.c.RepositoryConfigurationDelegate - Multiple Spring Data modules found, entering strict repository configuration mode
2026-03-26 03:05:50 INFO  [] o.s.d.r.c.RepositoryConfigurationDelegate - Bootstrapping Spring Data Redis repositories in DEFAULT mode.
2026-03-26 03:05:50 INFO  [] o.s.d.r.c.RepositoryConfigurationExtensionSupport - Spring Data Redis - Could not safely identify store assignment for repository candidate interface com.snatchmart.snatchmart.repository.AffiliateClickRepository; If you want this repository to be a Redis repository, consider annotating your entities with one of these annotations: org.springframework.data.redis.core.RedisHash (preferred), or consider extending one of the following types with your repository: org.springframework.data.keyvalue.repository.KeyValueRepository
2026-03-26 03:05:50 INFO  [] o.s.d.r.c.RepositoryConfigurationExtensionSupport - Spring Data Redis - Could not safely identify store assignment for repository candidate interface com.snatchmart.snatchmart.repository.CategoryRepository; If you want this repository to be a Redis repository, consider annotating your entities with one of these annotations: org.springframework.data.redis.core.RedisHash (preferred), or consider extending one of the following types with your repository: org.springframework.data.keyvalue.repository.KeyValueRepository
2026-03-26 03:05:50 INFO  [] o.s.d.r.c.RepositoryConfigurationExtensionSupport - Spring Data Redis - Could not safely identify store assignment for repository candidate interface com.snatchmart.snatchmart.repository.CouponRepository; If you want this repository to be a Redis repository, consider annotating your entities with one of these annotations: org.springframework.data.redis.core.RedisHash (preferred), or consider extending one of the following types with your repository: org.springframework.data.keyvalue.repository.KeyValueRepository
2026-03-26 03:05:50 INFO  [] o.s.d.r.c.RepositoryConfigurationExtensionSupport - Spring Data Redis - Could not safely identify store assignment for repository candidate interface com.snatchmart.snatchmart.repository.MerchantRepository; If you want this repository to be a Redis repository, consider annotating your entities with one of these annotations: org.springframework.data.redis.core.RedisHash (preferred), or consider extending one of the following types with your repository: org.springframework.data.keyvalue.repository.KeyValueRepository
2026-03-26 03:05:50 INFO  [] o.s.d.r.c.RepositoryConfigurationExtensionSupport - Spring Data Redis - Could not safely identify store assignment for repository candidate interface com.snatchmart.snatchmart.repository.NotificationRepository; If you want this repository to be a Redis repository, consider annotating your entities with one of these annotations: org.springframework.data.redis.core.RedisHash (preferred), or consider extending one of the following types with your repository: org.springframework.data.keyvalue.repository.KeyValueRepository
2026-03-26 03:05:50 INFO  [] o.s.d.r.c.RepositoryConfigurationExtensionSupport - Spring Data Redis - Could not safely identify store assignment for repository candidate interface com.snatchmart.snatchmart.repository.ProductPriceHistoryRepository; If you want this repository to be a Redis repository, consider annotating your entities with one of these annotations: org.springframework.data.redis.core.RedisHash (preferred), or consider extending one of the following types with your repository: org.springframework.data.keyvalue.repository.KeyValueRepository
2026-03-26 03:05:50 INFO  [] o.s.d.r.c.RepositoryConfigurationExtensionSupport - Spring Data Redis - Could not safely identify store assignment for repository candidate interface com.snatchmart.snatchmart.repository.ProductRepository; If you want this repository to be a Redis repository, consider annotating your entities with one of these annotations: org.springframework.data.redis.core.RedisHash (preferred), or consider extending one of the following types with your repository: org.springframework.data.keyvalue.repository.KeyValueRepository
2026-03-26 03:05:50 INFO  [] o.s.d.r.c.RepositoryConfigurationExtensionSupport - Spring Data Redis - Could not safely identify store assignment for repository candidate interface com.snatchmart.snatchmart.repository.ProductSalesEventRepository; If you want this repository to be a Redis repository, consider annotating your entities with one of these annotations: org.springframework.data.redis.core.RedisHash (preferred), or consider extending one of the following types with your repository: org.springframework.data.keyvalue.repository.KeyValueRepository
2026-03-26 03:05:50 INFO  [] o.s.d.r.c.RepositoryConfigurationExtensionSupport - Spring Data Redis - Could not safely identify store assignment for repository candidate interface com.snatchmart.snatchmart.repository.SalesEventRepository; If you want this repository to be a Redis repository, consider annotating your entities with one of these annotations: org.springframework.data.redis.core.RedisHash (preferred), or consider extending one of the following types with your repository: org.springframework.data.keyvalue.repository.KeyValueRepository
2026-03-26 03:05:50 INFO  [] o.s.d.r.c.RepositoryConfigurationExtensionSupport - Spring Data Redis - Could not safely identify store assignment for repository candidate interface com.snatchmart.snatchmart.repository.UserBudgetRepository; If you want this repository to be a Redis repository, consider annotating your entities with one of these annotations: org.springframework.data.redis.core.RedisHash (preferred), or consider extending one of the following types with your repository: org.springframework.data.keyvalue.repository.KeyValueRepository
2026-03-26 03:05:50 INFO  [] o.s.d.r.c.RepositoryConfigurationExtensionSupport - Spring Data Redis - Could not safely identify store assignment for repository candidate interface com.snatchmart.snatchmart.repository.UserRepository; If you want this repository to be a Redis repository, consider annotating your entities with one of these annotations: org.springframework.data.redis.core.RedisHash (preferred), or consider extending one of the following types with your repository: org.springframework.data.keyvalue.repository.KeyValueRepository
2026-03-26 03:05:50 INFO  [] o.s.d.r.c.RepositoryConfigurationExtensionSupport - Spring Data Redis - Could not safely identify store assignment for repository candidate interface com.snatchmart.snatchmart.repository.UserWishlistRepository; If you want this repository to be a Redis repository, consider annotating your entities with one of these annotations: org.springframework.data.redis.core.RedisHash (preferred), or consider extending one of the following types with your repository: org.springframework.data.keyvalue.repository.KeyValueRepository
2026-03-26 03:05:50 INFO  [] o.s.d.r.c.RepositoryConfigurationDelegate - Finished Spring Data repository scanning in 4 ms. Found 0 Redis repository interfaces.
2026-03-26 03:05:50 INFO  [] o.s.b.w.e.tomcat.TomcatWebServer - Tomcat initialized with port 8081 (http)
2026-03-26 03:05:50 INFO  [] o.a.coyote.http11.Http11NioProtocol - Initializing ProtocolHandler ["http-nio-8081"]
2026-03-26 03:05:50 INFO  [] o.a.catalina.core.StandardService - Starting service [Tomcat]
2026-03-26 03:05:50 INFO  [] o.a.catalina.core.StandardEngine - Starting Servlet engine: [Apache Tomcat/10.1.46]
2026-03-26 03:05:51 INFO  [] o.a.c.c.C.[Tomcat].[localhost].[/] - Initializing Spring embedded WebApplicationContext
2026-03-26 03:05:51 INFO  [] o.s.b.w.s.c.ServletWebServerApplicationContext - Root WebApplicationContext: initialization completed in 740 ms
2026-03-26 03:05:51 INFO  [] o.h.jpa.internal.util.LogHelper - HHH000204: Processing PersistenceUnitInfo [name: default]
2026-03-26 03:05:51 INFO  [] org.hibernate.Version - HHH000412: Hibernate ORM core version 6.6.29.Final
2026-03-26 03:05:51 INFO  [] o.h.c.i.RegionFactoryInitiator - HHH000026: Second-level cache disabled
2026-03-26 03:05:51 INFO  [] o.s.o.j.p.SpringPersistenceUnitInfo - No LoadTimeWeaver setup: ignoring JPA class transformer
2026-03-26 03:05:51 INFO  [] com.zaxxer.hikari.HikariDataSource - HikariPool-1 - Starting...
2026-03-26 03:05:55 INFO  [] com.zaxxer.hikari.pool.HikariPool - HikariPool-1 - Added connection org.postgresql.jdbc.PgConnection@7812bb3
2026-03-26 03:05:55 INFO  [] com.zaxxer.hikari.HikariDataSource - HikariPool-1 - Start completed.
2026-03-26 03:05:56 WARN  [] org.hibernate.orm.deprecation - HHH90000025: PostgreSQLDialect does not need to be specified explicitly using 'hibernate.dialect' (remove the property setting and it will be selected by default)
2026-03-26 03:05:57 INFO  [] o.hibernate.orm.connections.pooling - HHH10001005: Database info:
	Database JDBC URL [Connecting through datasource 'HikariDataSource (HikariPool-1)']
	Database driver: undefined/unknown
	Database version: 17.8
	Autocommit mode: undefined/unknown
	Isolation level: undefined/unknown
	Minimum pool size: undefined/unknown
	Maximum pool size: undefined/unknown
2026-03-26 03:05:58 INFO  [] o.h.e.t.j.p.i.JtaPlatformInitiator - HHH000489: No JTA platform available (set 'hibernate.transaction.jta.platform' to enable JTA platform integration)
2026-03-26 03:05:58 INFO  [] o.s.o.j.LocalContainerEntityManagerFactoryBean - Initialized JPA EntityManagerFactory for persistence unit 'default'
2026-03-26 03:05:58 INFO  [] o.s.d.j.r.query.QueryEnhancerFactory - Hibernate is in classpath; If applicable, HQL parser will be used.
2026-03-26 03:05:58 DEBUG [] c.s.s.s.JwtAuthenticationFilter - Filter 'jwtAuthenticationFilter' configured for use
2026-03-26 03:05:58 INFO  [] o.s.s.c.a.a.c.InitializeAuthenticationProviderBeanManagerConfigurer$InitializeAuthenticationProviderManagerConfigurer - Global AuthenticationManager configured with AuthenticationProvider bean with name authenticationProvider
2026-03-26 03:05:58 WARN  [] o.s.s.c.a.a.c.InitializeUserDetailsBeanManagerConfigurer$InitializeUserDetailsManagerConfigurer - Global AuthenticationManager configured with an AuthenticationProvider bean. UserDetailsService beans will not be used by Spring Security for automatically configuring username/password login. Consider removing the AuthenticationProvider bean. Alternatively, consider using the UserDetailsService in a manually instantiated DaoAuthenticationProvider. If the current configuration is intentional, to turn off this warning, increase the logging level of 'org.springframework.security.config.annotation.authentication.configuration.InitializeUserDetailsBeanManagerConfigurer' to ERROR
2026-03-26 03:05:58 WARN  [] o.s.b.a.o.j.JpaBaseConfiguration$JpaWebConfiguration - spring.jpa.open-in-view is enabled by default. Therefore, database queries may be performed during view rendering. Explicitly configure spring.jpa.open-in-view to disable this warning
2026-03-26 03:05:59 INFO  [] o.s.b.a.h.H2ConsoleAutoConfiguration - H2 console available at '/h2-console'. Database available at 'jdbc:postgresql://ep-blue-field-afvby5th-pooler.c-2.us-west-2.aws.neon.tech/neondb?sslmode=require'
2026-03-26 03:05:59 INFO  [] o.s.b.d.a.OptionalLiveReloadServer - LiveReload server is running on port 35729
2026-03-26 03:05:59 INFO  [] o.a.coyote.http11.Http11NioProtocol - Starting ProtocolHandler ["http-nio-8081"]
2026-03-26 03:05:59 INFO  [] o.s.b.w.e.tomcat.TomcatWebServer - Tomcat started on port 8081 (http) with context path '/'
2026-03-26 03:05:59 INFO  [] c.s.snatchmart.SnatchMartApplication - Started SnatchMartApplication in 9.402 seconds (process running for 9.549)
2026-03-26 03:05:59 INFO  [] c.s.s.scheduler.DealScheduler - Starting 30-min price sync job
2026-03-26 03:06:01 INFO  [] c.s.s.i.AmazonAffiliateClient - [Amazon Scraper] Scraped 0 deals from https://www.amazon.in/deals
2026-03-26 03:06:04 INFO  [] c.s.s.i.AmazonAffiliateClient - [Amazon Scraper] Scraped 50 deals from https://www.amazon.in/gp/bestsellers/electronics
2026-03-26 03:06:04 INFO  [] c.s.s.i.AmazonAffiliateClient - [Amazon Scraper] Total deals scraped: 50
2026-03-26 03:06:50 INFO  [] c.s.s.s.s.AffiliateSyncServiceImpl - Synced 44 deals from amazon (6 skipped — no valid price)
2026-03-26 03:06:51 INFO  [] c.s.s.i.FlipkartAffiliateClient - [Flipkart Scraper] Scraped 0 deals from https://www.flipkart.com/offers-list/deals-of-the-day
2026-03-26 03:06:53 INFO  [] c.s.s.i.FlipkartAffiliateClient - [Flipkart Scraper] Scraped 0 deals from https://www.flipkart.com/offers-list/electronics
2026-03-26 03:06:55 INFO  [] c.s.s.i.FlipkartAffiliateClient - [Flipkart Scraper] Scraped 0 deals from https://www.flipkart.com/mobiles/pr?sid=tyy,4io&otracker=categorytree
2026-03-26 03:06:58 INFO  [] c.s.s.i.FlipkartAffiliateClient - [Flipkart Scraper] Scraped 0 deals from https://www.flipkart.com/clothing-and-accessories/topwear/pr?sid=clo,ash
2026-03-26 03:07:00 WARN  [] c.s.s.i.FlipkartAffiliateClient - [Flipkart Scraper] All pages failed (0 errors) — using dummy deals as fallback
2026-03-26 03:07:03 INFO  [] c.s.s.s.s.AffiliateSyncServiceImpl - Synced 5 deals from flipkart (0 skipped — no valid price)
2026-03-26 03:07:37 INFO  [] o.a.c.c.C.[Tomcat].[localhost].[/] - Initializing Spring DispatcherServlet 'dispatcherServlet'
2026-03-26 03:07:37 INFO  [] o.s.web.servlet.DispatcherServlet - Initializing Servlet 'dispatcherServlet'
2026-03-26 03:07:37 INFO  [] o.s.web.servlet.DispatcherServlet - Completed initialization in 3 ms
2026-03-26 03:07:37 WARN  [] o.s.w.s.m.m.a.ExceptionHandlerExceptionResolver - Resolved [org.springframework.web.HttpRequestMethodNotSupportedException: Request method 'GET' is not supported]
2026-03-26 03:07:42 WARN  [] o.s.w.s.m.m.a.ExceptionHandlerExceptionResolver - Resolved [org.springframework.data.redis.serializer.SerializationException: Cannot serialize]
2026-03-26 03:07:52 WARN  [] o.s.w.s.m.m.a.ExceptionHandlerExceptionResolver - Resolved [org.springframework.data.redis.serializer.SerializationException: Cannot serialize]
2026-03-26 03:13:26 INFO  [] o.s.b.d.a.LocalDevToolsAutoConfiguration$RestartingClassPathChangeChangedEventListener - Restarting due to 5 class path changes (0 additions, 0 deletions, 5 modifications)
2026-03-26 03:13:26 INFO  [] o.s.b.w.e.tomcat.GracefulShutdown - Commencing graceful shutdown. Waiting for active requests to complete
2026-03-26 03:13:26 INFO  [] o.a.coyote.http11.Http11NioProtocol - Pausing ProtocolHandler ["http-nio-8081"]
2026-03-26 03:13:26 INFO  [] o.s.b.w.e.tomcat.GracefulShutdown - Graceful shutdown complete
2026-03-26 03:13:26 INFO  [] o.a.coyote.http11.Http11NioProtocol - Stopping ProtocolHandler ["http-nio-8081"]
2026-03-26 03:13:26 INFO  [] o.s.o.j.LocalContainerEntityManagerFactoryBean - Closing JPA EntityManagerFactory for persistence unit 'default'
2026-03-26 03:13:26 INFO  [] com.zaxxer.hikari.HikariDataSource - HikariPool-1 - Shutdown initiated...
2026-03-26 03:13:30 INFO  [] com.zaxxer.hikari.HikariDataSource - HikariPool-1 - Shutdown completed.
2026-03-26 03:13:30 INFO  [] c.s.snatchmart.SnatchMartApplication - Starting SnatchMartApplication using Java 21.0.9 with PID 14936 (/Users/pulkitgiddu/Documents/Code/Backend/snatchMart/target/classes started by pulkitgiddu in /Users/pulkitgiddu/Documents/Code/Backend/snatchMart)
2026-03-26 03:13:30 DEBUG [] c.s.snatchmart.SnatchMartApplication - Running with Spring Boot v3.5.6, Spring v6.2.11
2026-03-26 03:13:30 INFO  [] c.s.snatchmart.SnatchMartApplication - The following 1 profile is active: "dev"
2026-03-26 03:13:30 INFO  [] o.s.d.r.c.RepositoryConfigurationDelegate - Multiple Spring Data modules found, entering strict repository configuration mode
2026-03-26 03:13:30 INFO  [] o.s.d.r.c.RepositoryConfigurationDelegate - Bootstrapping Spring Data JPA repositories in DEFAULT mode.
2026-03-26 03:13:30 INFO  [] o.s.d.r.c.RepositoryConfigurationDelegate - Finished Spring Data repository scanning in 12 ms. Found 12 JPA repository interfaces.
2026-03-26 03:13:30 INFO  [] o.s.d.r.c.RepositoryConfigurationDelegate - Multiple Spring Data modules found, entering strict repository configuration mode
2026-03-26 03:13:30 INFO  [] o.s.d.r.c.RepositoryConfigurationDelegate - Bootstrapping Spring Data Redis repositories in DEFAULT mode.
2026-03-26 03:13:30 INFO  [] o.s.d.r.c.RepositoryConfigurationExtensionSupport - Spring Data Redis - Could not safely identify store assignment for repository candidate interface com.snatchmart.snatchmart.repository.AffiliateClickRepository; If you want this repository to be a Redis repository, consider annotating your entities with one of these annotations: org.springframework.data.redis.core.RedisHash (preferred), or consider extending one of the following types with your repository: org.springframework.data.keyvalue.repository.KeyValueRepository
2026-03-26 03:13:30 INFO  [] o.s.d.r.c.RepositoryConfigurationExtensionSupport - Spring Data Redis - Could not safely identify store assignment for repository candidate interface com.snatchmart.snatchmart.repository.CategoryRepository; If you want this repository to be a Redis repository, consider annotating your entities with one of these annotations: org.springframework.data.redis.core.RedisHash (preferred), or consider extending one of the following types with your repository: org.springframework.data.keyvalue.repository.KeyValueRepository
2026-03-26 03:13:30 INFO  [] o.s.d.r.c.RepositoryConfigurationExtensionSupport - Spring Data Redis - Could not safely identify store assignment for repository candidate interface com.snatchmart.snatchmart.repository.CouponRepository; If you want this repository to be a Redis repository, consider annotating your entities with one of these annotations: org.springframework.data.redis.core.RedisHash (preferred), or consider extending one of the following types with your repository: org.springframework.data.keyvalue.repository.KeyValueRepository
2026-03-26 03:13:30 INFO  [] o.s.d.r.c.RepositoryConfigurationExtensionSupport - Spring Data Redis - Could not safely identify store assignment for repository candidate interface com.snatchmart.snatchmart.repository.MerchantRepository; If you want this repository to be a Redis repository, consider annotating your entities with one of these annotations: org.springframework.data.redis.core.RedisHash (preferred), or consider extending one of the following types with your repository: org.springframework.data.keyvalue.repository.KeyValueRepository
2026-03-26 03:13:30 INFO  [] o.s.d.r.c.RepositoryConfigurationExtensionSupport - Spring Data Redis - Could not safely identify store assignment for repository candidate interface com.snatchmart.snatchmart.repository.NotificationRepository; If you want this repository to be a Redis repository, consider annotating your entities with one of these annotations: org.springframework.data.redis.core.RedisHash (preferred), or consider extending one of the following types with your repository: org.springframework.data.keyvalue.repository.KeyValueRepository
2026-03-26 03:13:30 INFO  [] o.s.d.r.c.RepositoryConfigurationExtensionSupport - Spring Data Redis - Could not safely identify store assignment for repository candidate interface com.snatchmart.snatchmart.repository.ProductPriceHistoryRepository; If you want this repository to be a Redis repository, consider annotating your entities with one of these annotations: org.springframework.data.redis.core.RedisHash (preferred), or consider extending one of the following types with your repository: org.springframework.data.keyvalue.repository.KeyValueRepository
2026-03-26 03:13:30 INFO  [] o.s.d.r.c.RepositoryConfigurationExtensionSupport - Spring Data Redis - Could not safely identify store assignment for repository candidate interface com.snatchmart.snatchmart.repository.ProductRepository; If you want this repository to be a Redis repository, consider annotating your entities with one of these annotations: org.springframework.data.redis.core.RedisHash (preferred), or consider extending one of the following types with your repository: org.springframework.data.keyvalue.repository.KeyValueRepository
2026-03-26 03:13:30 INFO  [] o.s.d.r.c.RepositoryConfigurationExtensionSupport - Spring Data Redis - Could not safely identify store assignment for repository candidate interface com.snatchmart.snatchmart.repository.ProductSalesEventRepository; If you want this repository to be a Redis repository, consider annotating your entities with one of these annotations: org.springframework.data.redis.core.RedisHash (preferred), or consider extending one of the following types with your repository: org.springframework.data.keyvalue.repository.KeyValueRepository
2026-03-26 03:13:30 INFO  [] o.s.d.r.c.RepositoryConfigurationExtensionSupport - Spring Data Redis - Could not safely identify store assignment for repository candidate interface com.snatchmart.snatchmart.repository.SalesEventRepository; If you want this repository to be a Redis repository, consider annotating your entities with one of these annotations: org.springframework.data.redis.core.RedisHash (preferred), or consider extending one of the following types with your repository: org.springframework.data.keyvalue.repository.KeyValueRepository
2026-03-26 03:13:30 INFO  [] o.s.d.r.c.RepositoryConfigurationExtensionSupport - Spring Data Redis - Could not safely identify store assignment for repository candidate interface com.snatchmart.snatchmart.repository.UserBudgetRepository; If you want this repository to be a Redis repository, consider annotating your entities with one of these annotations: org.springframework.data.redis.core.RedisHash (preferred), or consider extending one of the following types with your repository: org.springframework.data.keyvalue.repository.KeyValueRepository
2026-03-26 03:13:30 INFO  [] o.s.d.r.c.RepositoryConfigurationExtensionSupport - Spring Data Redis - Could not safely identify store assignment for repository candidate interface com.snatchmart.snatchmart.repository.UserRepository; If you want this repository to be a Redis repository, consider annotating your entities with one of these annotations: org.springframework.data.redis.core.RedisHash (preferred), or consider extending one of the following types with your repository: org.springframework.data.keyvalue.repository.KeyValueRepository
2026-03-26 03:13:30 INFO  [] o.s.d.r.c.RepositoryConfigurationExtensionSupport - Spring Data Redis - Could not safely identify store assignment for repository candidate interface com.snatchmart.snatchmart.repository.UserWishlistRepository; If you want this repository to be a Redis repository, consider annotating your entities with one of these annotations: org.springframework.data.redis.core.RedisHash (preferred), or consider extending one of the following types with your repository: org.springframework.data.keyvalue.repository.KeyValueRepository
2026-03-26 03:13:30 INFO  [] o.s.d.r.c.RepositoryConfigurationDelegate - Finished Spring Data repository scanning in 2 ms. Found 0 Redis repository interfaces.
2026-03-26 03:13:30 INFO  [] o.s.b.w.e.tomcat.TomcatWebServer - Tomcat initialized with port 8081 (http)
2026-03-26 03:13:30 INFO  [] o.a.coyote.http11.Http11NioProtocol - Initializing ProtocolHandler ["http-nio-8081"]
2026-03-26 03:13:30 INFO  [] o.a.catalina.core.StandardService - Starting service [Tomcat]
2026-03-26 03:13:30 INFO  [] o.a.catalina.core.StandardEngine - Starting Servlet engine: [Apache Tomcat/10.1.46]
2026-03-26 03:13:30 INFO  [] o.a.c.c.C.[Tomcat].[localhost].[/] - Initializing Spring embedded WebApplicationContext
2026-03-26 03:13:30 INFO  [] o.s.b.w.s.c.ServletWebServerApplicationContext - Root WebApplicationContext: initialization completed in 193 ms
2026-03-26 03:13:30 INFO  [] o.h.jpa.internal.util.LogHelper - HHH000204: Processing PersistenceUnitInfo [name: default]
2026-03-26 03:13:30 INFO  [] o.h.c.i.RegionFactoryInitiator - HHH000026: Second-level cache disabled
2026-03-26 03:13:30 INFO  [] o.s.o.j.p.SpringPersistenceUnitInfo - No LoadTimeWeaver setup: ignoring JPA class transformer
2026-03-26 03:13:30 INFO  [] com.zaxxer.hikari.HikariDataSource - HikariPool-2 - Starting...
2026-03-26 03:13:34 INFO  [] com.zaxxer.hikari.pool.HikariPool - HikariPool-2 - Added connection org.postgresql.jdbc.PgConnection@6cb09da3
2026-03-26 03:13:34 INFO  [] com.zaxxer.hikari.HikariDataSource - HikariPool-2 - Start completed.
2026-03-26 03:13:35 WARN  [] org.hibernate.orm.deprecation - HHH90000025: PostgreSQLDialect does not need to be specified explicitly using 'hibernate.dialect' (remove the property setting and it will be selected by default)
2026-03-26 03:13:36 INFO  [] o.hibernate.orm.connections.pooling - HHH10001005: Database info:
	Database JDBC URL [Connecting through datasource 'HikariDataSource (HikariPool-2)']
	Database driver: undefined/unknown
	Database version: 17.8
	Autocommit mode: undefined/unknown
	Isolation level: undefined/unknown
	Minimum pool size: undefined/unknown
	Maximum pool size: undefined/unknown
2026-03-26 03:13:36 INFO  [] o.h.e.t.j.p.i.JtaPlatformInitiator - HHH000489: No JTA platform available (set 'hibernate.transaction.jta.platform' to enable JTA platform integration)
2026-03-26 03:13:36 INFO  [] o.s.o.j.LocalContainerEntityManagerFactoryBean - Initialized JPA EntityManagerFactory for persistence unit 'default'
2026-03-26 03:13:36 DEBUG [] c.s.s.s.JwtAuthenticationFilter - Filter 'jwtAuthenticationFilter' configured for use
2026-03-26 03:13:36 INFO  [] o.s.s.c.a.a.c.InitializeAuthenticationProviderBeanManagerConfigurer$InitializeAuthenticationProviderManagerConfigurer - Global AuthenticationManager configured with AuthenticationProvider bean with name authenticationProvider
2026-03-26 03:13:36 WARN  [] o.s.s.c.a.a.c.InitializeUserDetailsBeanManagerConfigurer$InitializeUserDetailsManagerConfigurer - Global AuthenticationManager configured with an AuthenticationProvider bean. UserDetailsService beans will not be used by Spring Security for automatically configuring username/password login. Consider removing the AuthenticationProvider bean. Alternatively, consider using the UserDetailsService in a manually instantiated DaoAuthenticationProvider. If the current configuration is intentional, to turn off this warning, increase the logging level of 'org.springframework.security.config.annotation.authentication.configuration.InitializeUserDetailsBeanManagerConfigurer' to ERROR
2026-03-26 03:13:36 WARN  [] o.s.b.a.o.j.JpaBaseConfiguration$JpaWebConfiguration - spring.jpa.open-in-view is enabled by default. Therefore, database queries may be performed during view rendering. Explicitly configure spring.jpa.open-in-view to disable this warning
2026-03-26 03:13:37 INFO  [] o.s.b.a.h.H2ConsoleAutoConfiguration - H2 console available at '/h2-console'. Database available at 'jdbc:postgresql://ep-blue-field-afvby5th-pooler.c-2.us-west-2.aws.neon.tech/neondb?sslmode=require'
2026-03-26 03:13:37 INFO  [] o.s.b.d.a.OptionalLiveReloadServer - LiveReload server is running on port 35729
2026-03-26 03:13:37 INFO  [] o.a.coyote.http11.Http11NioProtocol - Starting ProtocolHandler ["http-nio-8081"]
2026-03-26 03:13:37 INFO  [] o.s.b.w.e.tomcat.TomcatWebServer - Tomcat started on port 8081 (http) with context path '/'
2026-03-26 03:13:37 INFO  [] c.s.s.scheduler.DealScheduler - Starting 30-min price sync job
2026-03-26 03:13:37 INFO  [] c.s.snatchmart.SnatchMartApplication - Started SnatchMartApplication in 6.688 seconds (process running for 467.145)
2026-03-26 03:13:37 INFO  [] o.s.b.d.a.ConditionEvaluationDeltaLoggingListener - Condition evaluation unchanged
2026-03-26 03:13:38 INFO  [] o.s.b.d.a.LocalDevToolsAutoConfiguration$RestartingClassPathChangeChangedEventListener - Restarting due to 2 class path changes (0 additions, 0 deletions, 2 modifications)
2026-03-26 03:13:38 INFO  [] o.s.b.w.e.tomcat.GracefulShutdown - Commencing graceful shutdown. Waiting for active requests to complete
2026-03-26 03:13:38 INFO  [] o.a.coyote.http11.Http11NioProtocol - Pausing ProtocolHandler ["http-nio-8081"]
2026-03-26 03:13:38 INFO  [] o.s.b.w.e.tomcat.GracefulShutdown - Graceful shutdown complete
2026-03-26 03:13:38 INFO  [] o.a.coyote.http11.Http11NioProtocol - Stopping ProtocolHandler ["http-nio-8081"]
2026-03-26 03:13:38 INFO  [] c.s.s.i.AmazonAffiliateClient - [Amazon Scraper] Scraped 0 deals from https://www.amazon.in/deals
2026-03-26 03:13:41 INFO  [] c.s.s.i.AmazonAffiliateClient - [Amazon Scraper] Scraped 50 deals from https://www.amazon.in/gp/bestsellers/electronics
2026-03-26 03:13:41 INFO  [] c.s.s.i.AmazonAffiliateClient - [Amazon Scraper] Total deals scraped: 50
2026-03-26 03:14:08 INFO  [] o.s.c.s.DefaultLifecycleProcessor - Shutdown phase 1073741823 ends with 1 bean still running after timeout of 30000ms: [taskScheduler]
2026-03-26 03:14:08 INFO  [] o.s.o.j.LocalContainerEntityManagerFactoryBean - Closing JPA EntityManagerFactory for persistence unit 'default'
2026-03-26 03:14:08 INFO  [] com.zaxxer.hikari.HikariDataSource - HikariPool-2 - Shutdown initiated...
2026-03-26 03:14:08 WARN  [] c.zaxxer.hikari.pool.ProxyConnection - HikariPool-2 - Connection org.postgresql.jdbc.PgConnection@6cb09da3 marked as broken because of SQLSTATE(08006), ErrorCode(0)
org.postgresql.util.PSQLException: An I/O error occurred while sending to the backend.
	at org.postgresql.core.v3.QueryExecutorImpl.execute(QueryExecutorImpl.java:399)
	at org.postgresql.jdbc.PgStatement.executeInternal(PgStatement.java:518)
	at org.postgresql.jdbc.PgStatement.execute(PgStatement.java:435)
	at org.postgresql.jdbc.PgPreparedStatement.executeWithFlags(PgPreparedStatement.java:196)
	at org.postgresql.jdbc.PgPreparedStatement.executeQuery(PgPreparedStatement.java:139)
	at com.zaxxer.hikari.pool.ProxyPreparedStatement.executeQuery(ProxyPreparedStatement.java:52)
	at com.zaxxer.hikari.pool.HikariProxyPreparedStatement.executeQuery(HikariProxyPreparedStatement.java)
	at org.hibernate.sql.results.jdbc.internal.DeferredResultSetAccess.executeQuery(DeferredResultSetAccess.java:251)
	at org.hibernate.sql.results.jdbc.internal.DeferredResultSetAccess.getResultSet(DeferredResultSetAccess.java:172)
	at org.hibernate.sql.results.jdbc.internal.JdbcValuesResultSetImpl.<init>(JdbcValuesResultSetImpl.java:74)
	at org.hibernate.sql.exec.internal.JdbcSelectExecutorStandardImpl.resolveJdbcValuesSource(JdbcSelectExecutorStandardImpl.java:355)
	at org.hibernate.sql.exec.internal.JdbcSelectExecutorStandardImpl.doExecuteQuery(JdbcSelectExecutorStandardImpl.java:137)
	at org.hibernate.sql.exec.internal.JdbcSelectExecutorStandardImpl.executeQuery(JdbcSelectExecutorStandardImpl.java:102)
	at org.hibernate.sql.exec.spi.JdbcSelectExecutor.executeQuery(JdbcSelectExecutor.java:91)
	at org.hibernate.sql.exec.spi.JdbcSelectExecutor.list(JdbcSelectExecutor.java:165)
	at org.hibernate.query.sqm.internal.ConcreteSqmSelectQueryPlan.lambda$new$1(ConcreteSqmSelectQueryPlan.java:149)
	at org.hibernate.query.sqm.internal.ConcreteSqmSelectQueryPlan.withCacheableSqmInterpretation(ConcreteSqmSelectQueryPlan.java:439)
	at org.hibernate.query.sqm.internal.ConcreteSqmSelectQueryPlan.performList(ConcreteSqmSelectQueryPlan.java:359)
	at org.hibernate.query.sqm.internal.QuerySqmImpl.doList(QuerySqmImpl.java:380)
	at org.hibernate.query.spi.AbstractSelectionQuery.list(AbstractSelectionQuery.java:143)
	at org.hibernate.query.spi.AbstractSelectionQuery.getSingleResult(AbstractSelectionQuery.java:275)
	at org.springframework.data.jpa.repository.query.JpaQueryExecution$SingleEntityExecution.doExecute(JpaQueryExecution.java:226)
	at org.springframework.data.jpa.repository.query.JpaQueryExecution.execute(JpaQueryExecution.java:95)
	at org.springframework.data.jpa.repository.query.AbstractJpaQuery.doExecute(AbstractJpaQuery.java:160)
	at org.springframework.data.jpa.repository.query.AbstractJpaQuery.execute(AbstractJpaQuery.java:148)
	at org.springframework.data.repository.core.support.RepositoryMethodInvoker.doInvoke(RepositoryMethodInvoker.java:170)
	at org.springframework.data.repository.core.support.RepositoryMethodInvoker.invoke(RepositoryMethodInvoker.java:158)
	at org.springframework.data.repository.core.support.QueryExecutorMethodInterceptor.doInvoke(QueryExecutorMethodInterceptor.java:170)
	at org.springframework.data.repository.core.support.QueryExecutorMethodInterceptor.invoke(QueryExecutorMethodInterceptor.java:149)
	at org.springframework.aop.framework.ReflectiveMethodInvocation.proceed(ReflectiveMethodInvocation.java:184)
	at org.springframework.data.projection.DefaultMethodInvokingMethodInterceptor.invoke(DefaultMethodInvokingMethodInterceptor.java:69)
	at org.springframework.aop.framework.ReflectiveMethodInvocation.proceed(ReflectiveMethodInvocation.java:184)
	at org.springframework.transaction.interceptor.TransactionAspectSupport.invokeWithinTransaction(TransactionAspectSupport.java:380)
	at org.springframework.transaction.interceptor.TransactionInterceptor.invoke(TransactionInterceptor.java:119)
	at org.springframework.aop.framework.ReflectiveMethodInvocation.proceed(ReflectiveMethodInvocation.java:184)
	at org.springframework.dao.support.PersistenceExceptionTranslationInterceptor.invoke(PersistenceExceptionTranslationInterceptor.java:138)
	at org.springframework.aop.framework.ReflectiveMethodInvocation.proceed(ReflectiveMethodInvocation.java:184)
	at org.springframework.data.jpa.repository.support.CrudMethodMetadataPostProcessor$CrudMethodMetadataPopulatingMethodInterceptor.invoke(CrudMethodMetadataPostProcessor.java:136)
	at org.springframework.aop.framework.ReflectiveMethodInvocation.proceed(ReflectiveMethodInvocation.java:184)
	at org.springframework.aop.framework.JdkDynamicAopProxy.invoke(JdkDynamicAopProxy.java:223)
	at jdk.proxy6/jdk.proxy6.$Proxy215.findBySlug(Unknown Source)
	at com.snatchmart.snatchmart.service.serviceImpl.AffiliateSyncServiceImpl.createProductFromDeal(AffiliateSyncServiceImpl.java:78)
	at com.snatchmart.snatchmart.service.serviceImpl.AffiliateSyncServiceImpl.lambda$1(AffiliateSyncServiceImpl.java:57)
	at java.base/java.util.Optional.ifPresentOrElse(Optional.java:198)
	at com.snatchmart.snatchmart.service.serviceImpl.AffiliateSyncServiceImpl.syncDeals(AffiliateSyncServiceImpl.java:55)
	at java.base/jdk.internal.reflect.DirectMethodHandleAccessor.invoke(DirectMethodHandleAccessor.java:103)
	at java.base/java.lang.reflect.Method.invoke(Method.java:580)
	at org.springframework.aop.support.AopUtils.invokeJoinpointUsingReflection(AopUtils.java:360)
	at org.springframework.aop.framework.ReflectiveMethodInvocation.invokeJoinpoint(ReflectiveMethodInvocation.java:196)
	at org.springframework.aop.framework.ReflectiveMethodInvocation.proceed(ReflectiveMethodInvocation.java:163)
	at org.springframework.transaction.interceptor.TransactionAspectSupport.invokeWithinTransaction(TransactionAspectSupport.java:380)
	at org.springframework.transaction.interceptor.TransactionInterceptor.invoke(TransactionInterceptor.java:119)
	at org.springframework.aop.framework.ReflectiveMethodInvocation.proceed(ReflectiveMethodInvocation.java:184)
	at org.springframework.aop.framework.CglibAopProxy$DynamicAdvisedInterceptor.intercept(CglibAopProxy.java:728)
	at com.snatchmart.snatchmart.service.serviceImpl.AffiliateSyncServiceImpl$$SpringCGLIB$$0.syncDeals(<generated>)
	at com.snatchmart.snatchmart.scheduler.DealScheduler.syncPrices(DealScheduler.java:22)
	at java.base/jdk.internal.reflect.DirectMethodHandleAccessor.invoke(DirectMethodHandleAccessor.java:103)
	at java.base/java.lang.reflect.Method.invoke(Method.java:580)
	at org.springframework.scheduling.support.ScheduledMethodRunnable.runInternal(ScheduledMethodRunnable.java:130)
	at org.springframework.scheduling.support.ScheduledMethodRunnable.lambda$run$2(ScheduledMethodRunnable.java:124)
	at io.micrometer.observation.Observation.observe(Observation.java:498)
	at org.springframework.scheduling.support.ScheduledMethodRunnable.run(ScheduledMethodRunnable.java:124)
	at org.springframework.scheduling.config.Task$OutcomeTrackingRunnable.run(Task.java:85)
	at org.springframework.scheduling.support.DelegatingErrorHandlingRunnable.run(DelegatingErrorHandlingRunnable.java:54)
	at java.base/java.util.concurrent.Executors$RunnableAdapter.call(Executors.java:572)
	at java.base/java.util.concurrent.FutureTask.runAndReset(FutureTask.java:358)
	at java.base/java.util.concurrent.ScheduledThreadPoolExecutor$ScheduledFutureTask.run(ScheduledThreadPoolExecutor.java:305)
	at java.base/java.util.concurrent.ThreadPoolExecutor.runWorker(ThreadPoolExecutor.java:1144)
	at java.base/java.util.concurrent.ThreadPoolExecutor$Worker.run(ThreadPoolExecutor.java:642)
	at java.base/java.lang.Thread.run(Thread.java:1583)
Caused by: java.net.SocketException: Socket closed
	at java.base/sun.nio.ch.NioSocketImpl.endRead(NioSocketImpl.java:243)
	at java.base/sun.nio.ch.NioSocketImpl.implRead(NioSocketImpl.java:323)
	at java.base/sun.nio.ch.NioSocketImpl.read(NioSocketImpl.java:346)
	at java.base/sun.nio.ch.NioSocketImpl$1.read(NioSocketImpl.java:796)
	at java.base/java.net.Socket$SocketInputStream.read(Socket.java:1099)
	at java.base/sun.security.ssl.SSLSocketInputRecord.read(SSLSocketInputRecord.java:489)
	at java.base/sun.security.ssl.SSLSocketInputRecord.readHeader(SSLSocketInputRecord.java:483)
	at java.base/sun.security.ssl.SSLSocketInputRecord.bytesInCompletePacket(SSLSocketInputRecord.java:70)
	at java.base/sun.security.ssl.SSLSocketImpl.readApplicationRecord(SSLSocketImpl.java:1461)
	at java.base/sun.security.ssl.SSLSocketImpl$AppInputStream.read(SSLSocketImpl.java:1066)
	at org.postgresql.core.VisibleBufferedInputStream.readMore(VisibleBufferedInputStream.java:192)
	at org.postgresql.core.VisibleBufferedInputStream.ensureBytes(VisibleBufferedInputStream.java:159)
	at org.postgresql.core.VisibleBufferedInputStream.ensureBytes(VisibleBufferedInputStream.java:144)
	at org.postgresql.core.VisibleBufferedInputStream.read(VisibleBufferedInputStream.java:76)
	at org.postgresql.core.PGStream.receiveChar(PGStream.java:477)
	at org.postgresql.core.v3.QueryExecutorImpl.processResults(QueryExecutorImpl.java:2175)
	at org.postgresql.core.v3.QueryExecutorImpl.execute(QueryExecutorImpl.java:372)
	... 69 common frames omitted
2026-03-26 03:14:08 WARN  [] o.h.e.jdbc.spi.SqlExceptionHelper - SQL Error: 0, SQLState: 08006
2026-03-26 03:14:08 ERROR [] o.h.e.jdbc.spi.SqlExceptionHelper - An I/O error occurred while sending to the backend.
2026-03-26 03:14:08 ERROR [] o.s.t.i.TransactionInterceptor - Application exception overridden by rollback exception
org.springframework.dao.DataAccessResourceFailureException: JDBC exception executing SQL [select c1_0.id,c1_0.created_at,c1_0.name,c1_0.parent_id,c1_0.slug,c1_0.updated_at from categories c1_0 where c1_0.slug=?] [An I/O error occurred while sending to the backend.] [n/a]
	at org.springframework.orm.jpa.vendor.HibernateJpaDialect.convertHibernateAccessException(HibernateJpaDialect.java:278)
	at org.springframework.orm.jpa.vendor.HibernateJpaDialect.convertHibernateAccessException(HibernateJpaDialect.java:256)
	at org.springframework.orm.jpa.vendor.HibernateJpaDialect.translateExceptionIfPossible(HibernateJpaDialect.java:241)
	at org.springframework.orm.jpa.AbstractEntityManagerFactoryBean.translateExceptionIfPossible(AbstractEntityManagerFactoryBean.java:560)
	at org.springframework.dao.support.ChainedPersistenceExceptionTranslator.translateExceptionIfPossible(ChainedPersistenceExceptionTranslator.java:61)
	at org.springframework.dao.support.DataAccessUtils.translateIfNecessary(DataAccessUtils.java:343)
	at org.springframework.dao.support.PersistenceExceptionTranslationInterceptor.invoke(PersistenceExceptionTranslationInterceptor.java:160)
	at org.springframework.aop.framework.ReflectiveMethodInvocation.proceed(ReflectiveMethodInvocation.java:184)
	at org.springframework.data.jpa.repository.support.CrudMethodMetadataPostProcessor$CrudMethodMetadataPopulatingMethodInterceptor.invoke(CrudMethodMetadataPostProcessor.java:136)
	at org.springframework.aop.framework.ReflectiveMethodInvocation.proceed(ReflectiveMethodInvocation.java:184)
	at org.springframework.aop.framework.JdkDynamicAopProxy.invoke(JdkDynamicAopProxy.java:223)
	at jdk.proxy6/jdk.proxy6.$Proxy215.findBySlug(Unknown Source)
	at com.snatchmart.snatchmart.service.serviceImpl.AffiliateSyncServiceImpl.createProductFromDeal(AffiliateSyncServiceImpl.java:78)
	at com.snatchmart.snatchmart.service.serviceImpl.AffiliateSyncServiceImpl.lambda$1(AffiliateSyncServiceImpl.java:57)
	at java.base/java.util.Optional.ifPresentOrElse(Optional.java:198)
	at com.snatchmart.snatchmart.service.serviceImpl.AffiliateSyncServiceImpl.syncDeals(AffiliateSyncServiceImpl.java:55)
	at java.base/jdk.internal.reflect.DirectMethodHandleAccessor.invoke(DirectMethodHandleAccessor.java:103)
	at java.base/java.lang.reflect.Method.invoke(Method.java:580)
	at org.springframework.aop.support.AopUtils.invokeJoinpointUsingReflection(AopUtils.java:360)
	at org.springframework.aop.framework.ReflectiveMethodInvocation.invokeJoinpoint(ReflectiveMethodInvocation.java:196)
	at org.springframework.aop.framework.ReflectiveMethodInvocation.proceed(ReflectiveMethodInvocation.java:163)
	at org.springframework.transaction.interceptor.TransactionAspectSupport.invokeWithinTransaction(TransactionAspectSupport.java:380)
	at org.springframework.transaction.interceptor.TransactionInterceptor.invoke(TransactionInterceptor.java:119)
	at org.springframework.aop.framework.ReflectiveMethodInvocation.proceed(ReflectiveMethodInvocation.java:184)
	at org.springframework.aop.framework.CglibAopProxy$DynamicAdvisedInterceptor.intercept(CglibAopProxy.java:728)
	at com.snatchmart.snatchmart.service.serviceImpl.AffiliateSyncServiceImpl$$SpringCGLIB$$0.syncDeals(<generated>)
	at com.snatchmart.snatchmart.scheduler.DealScheduler.syncPrices(DealScheduler.java:22)
	at java.base/jdk.internal.reflect.DirectMethodHandleAccessor.invoke(DirectMethodHandleAccessor.java:103)
	at java.base/java.lang.reflect.Method.invoke(Method.java:580)
	at org.springframework.scheduling.support.ScheduledMethodRunnable.runInternal(ScheduledMethodRunnable.java:130)
	at org.springframework.scheduling.support.ScheduledMethodRunnable.lambda$run$2(ScheduledMethodRunnable.java:124)
	at io.micrometer.observation.Observation.observe(Observation.java:498)
	at org.springframework.scheduling.support.ScheduledMethodRunnable.run(ScheduledMethodRunnable.java:124)
	at org.springframework.scheduling.config.Task$OutcomeTrackingRunnable.run(Task.java:85)
	at org.springframework.scheduling.support.DelegatingErrorHandlingRunnable.run(DelegatingErrorHandlingRunnable.java:54)
	at java.base/java.util.concurrent.Executors$RunnableAdapter.call(Executors.java:572)
	at java.base/java.util.concurrent.FutureTask.runAndReset(FutureTask.java:358)
	at java.base/java.util.concurrent.ScheduledThreadPoolExecutor$ScheduledFutureTask.run(ScheduledThreadPoolExecutor.java:305)
	at java.base/java.util.concurrent.ThreadPoolExecutor.runWorker(ThreadPoolExecutor.java:1144)
	at java.base/java.util.concurrent.ThreadPoolExecutor$Worker.run(ThreadPoolExecutor.java:642)
	at java.base/java.lang.Thread.run(Thread.java:1583)
Caused by: org.hibernate.exception.JDBCConnectionException: JDBC exception executing SQL [select c1_0.id,c1_0.created_at,c1_0.name,c1_0.parent_id,c1_0.slug,c1_0.updated_at from categories c1_0 where c1_0.slug=?] [An I/O error occurred while sending to the backend.] [n/a]
	at org.hibernate.exception.internal.SQLStateConversionDelegate.convert(SQLStateConversionDelegate.java:100)
	at org.hibernate.exception.internal.StandardSQLExceptionConverter.convert(StandardSQLExceptionConverter.java:58)
	at org.hibernate.engine.jdbc.spi.SqlExceptionHelper.convert(SqlExceptionHelper.java:108)
	at org.hibernate.engine.jdbc.spi.SqlExceptionHelper.convert(SqlExceptionHelper.java:94)
	at org.hibernate.sql.results.jdbc.internal.DeferredResultSetAccess.executeQuery(DeferredResultSetAccess.java:269)
	at org.hibernate.sql.results.jdbc.internal.DeferredResultSetAccess.getResultSet(DeferredResultSetAccess.java:172)
	at org.hibernate.sql.results.jdbc.internal.JdbcValuesResultSetImpl.<init>(JdbcValuesResultSetImpl.java:74)
	at org.hibernate.sql.exec.internal.JdbcSelectExecutorStandardImpl.resolveJdbcValuesSource(JdbcSelectExecutorStandardImpl.java:355)
	at org.hibernate.sql.exec.internal.JdbcSelectExecutorStandardImpl.doExecuteQuery(JdbcSelectExecutorStandardImpl.java:137)
	at org.hibernate.sql.exec.internal.JdbcSelectExecutorStandardImpl.executeQuery(JdbcSelectExecutorStandardImpl.java:102)
	at org.hibernate.sql.exec.spi.JdbcSelectExecutor.executeQuery(JdbcSelectExecutor.java:91)
	at org.hibernate.sql.exec.spi.JdbcSelectExecutor.list(JdbcSelectExecutor.java:165)
	at org.hibernate.query.sqm.internal.ConcreteSqmSelectQueryPlan.lambda$new$1(ConcreteSqmSelectQueryPlan.java:149)
	at org.hibernate.query.sqm.internal.ConcreteSqmSelectQueryPlan.withCacheableSqmInterpretation(ConcreteSqmSelectQueryPlan.java:439)
	at org.hibernate.query.sqm.internal.ConcreteSqmSelectQueryPlan.performList(ConcreteSqmSelectQueryPlan.java:359)
	at org.hibernate.query.sqm.internal.QuerySqmImpl.doList(QuerySqmImpl.java:380)
	at org.hibernate.query.spi.AbstractSelectionQuery.list(AbstractSelectionQuery.java:143)
	at org.hibernate.query.spi.AbstractSelectionQuery.getSingleResult(AbstractSelectionQuery.java:275)
	at org.springframework.data.jpa.repository.query.JpaQueryExecution$SingleEntityExecution.doExecute(JpaQueryExecution.java:226)
	at org.springframework.data.jpa.repository.query.JpaQueryExecution.execute(JpaQueryExecution.java:95)
	at org.springframework.data.jpa.repository.query.AbstractJpaQuery.doExecute(AbstractJpaQuery.java:160)
	at org.springframework.data.jpa.repository.query.AbstractJpaQuery.execute(AbstractJpaQuery.java:148)
	at org.springframework.data.repository.core.support.RepositoryMethodInvoker.doInvoke(RepositoryMethodInvoker.java:170)
	at org.springframework.data.repository.core.support.RepositoryMethodInvoker.invoke(RepositoryMethodInvoker.java:158)
	at org.springframework.data.repository.core.support.QueryExecutorMethodInterceptor.doInvoke(QueryExecutorMethodInterceptor.java:170)
	at org.springframework.data.repository.core.support.QueryExecutorMethodInterceptor.invoke(QueryExecutorMethodInterceptor.java:149)
	at org.springframework.aop.framework.ReflectiveMethodInvocation.proceed(ReflectiveMethodInvocation.java:184)
	at org.springframework.data.projection.DefaultMethodInvokingMethodInterceptor.invoke(DefaultMethodInvokingMethodInterceptor.java:69)
	at org.springframework.aop.framework.ReflectiveMethodInvocation.proceed(ReflectiveMethodInvocation.java:184)
	at org.springframework.transaction.interceptor.TransactionAspectSupport.invokeWithinTransaction(TransactionAspectSupport.java:380)
	at org.springframework.transaction.interceptor.TransactionInterceptor.invoke(TransactionInterceptor.java:119)
	at org.springframework.aop.framework.ReflectiveMethodInvocation.proceed(ReflectiveMethodInvocation.java:184)
	at org.springframework.dao.support.PersistenceExceptionTranslationInterceptor.invoke(PersistenceExceptionTranslationInterceptor.java:138)
	... 34 common frames omitted
Caused by: org.postgresql.util.PSQLException: An I/O error occurred while sending to the backend.
	at org.postgresql.core.v3.QueryExecutorImpl.execute(QueryExecutorImpl.java:399)
	at org.postgresql.jdbc.PgStatement.executeInternal(PgStatement.java:518)
	at org.postgresql.jdbc.PgStatement.execute(PgStatement.java:435)
	at org.postgresql.jdbc.PgPreparedStatement.executeWithFlags(PgPreparedStatement.java:196)
	at org.postgresql.jdbc.PgPreparedStatement.executeQuery(PgPreparedStatement.java:139)
	at com.zaxxer.hikari.pool.ProxyPreparedStatement.executeQuery(ProxyPreparedStatement.java:52)
	at com.zaxxer.hikari.pool.HikariProxyPreparedStatement.executeQuery(HikariProxyPreparedStatement.java)
	at org.hibernate.sql.results.jdbc.internal.DeferredResultSetAccess.executeQuery(DeferredResultSetAccess.java:251)
	... 62 common frames omitted
Caused by: java.net.SocketException: Socket closed
	at java.base/sun.nio.ch.NioSocketImpl.endRead(NioSocketImpl.java:243)
	at java.base/sun.nio.ch.NioSocketImpl.implRead(NioSocketImpl.java:323)
	at java.base/sun.nio.ch.NioSocketImpl.read(NioSocketImpl.java:346)
	at java.base/sun.nio.ch.NioSocketImpl$1.read(NioSocketImpl.java:796)
	at java.base/java.net.Socket$SocketInputStream.read(Socket.java:1099)
	at java.base/sun.security.ssl.SSLSocketInputRecord.read(SSLSocketInputRecord.java:489)
	at java.base/sun.security.ssl.SSLSocketInputRecord.readHeader(SSLSocketInputRecord.java:483)
	at java.base/sun.security.ssl.SSLSocketInputRecord.bytesInCompletePacket(SSLSocketInputRecord.java:70)
	at java.base/sun.security.ssl.SSLSocketImpl.readApplicationRecord(SSLSocketImpl.java:1461)
	at java.base/sun.security.ssl.SSLSocketImpl$AppInputStream.read(SSLSocketImpl.java:1066)
	at org.postgresql.core.VisibleBufferedInputStream.readMore(VisibleBufferedInputStream.java:192)
	at org.postgresql.core.VisibleBufferedInputStream.ensureBytes(VisibleBufferedInputStream.java:159)
	at org.postgresql.core.VisibleBufferedInputStream.ensureBytes(VisibleBufferedInputStream.java:144)
	at org.postgresql.core.VisibleBufferedInputStream.read(VisibleBufferedInputStream.java:76)
	at org.postgresql.core.PGStream.receiveChar(PGStream.java:477)
	at org.postgresql.core.v3.QueryExecutorImpl.processResults(QueryExecutorImpl.java:2175)
	at org.postgresql.core.v3.QueryExecutorImpl.execute(QueryExecutorImpl.java:372)
	... 69 common frames omitted
2026-03-26 03:14:08 ERROR [] o.s.s.s.TaskUtils$LoggingErrorHandler - Unexpected error occurred in scheduled task
org.springframework.orm.jpa.JpaSystemException: Unable to rollback against JDBC Connection
	at org.springframework.orm.jpa.vendor.HibernateJpaDialect.convertHibernateAccessException(HibernateJpaDialect.java:348)
	at org.springframework.orm.jpa.vendor.HibernateJpaDialect.convertHibernateAccessException(HibernateJpaDialect.java:256)
	at org.springframework.orm.jpa.vendor.HibernateJpaDialect.translateExceptionIfPossible(HibernateJpaDialect.java:241)
	at org.springframework.orm.jpa.JpaTransactionManager.doRollback(JpaTransactionManager.java:594)
	at org.springframework.transaction.support.AbstractPlatformTransactionManager.processRollback(AbstractPlatformTransactionManager.java:897)
	at org.springframework.transaction.support.AbstractPlatformTransactionManager.rollback(AbstractPlatformTransactionManager.java:866)
	at org.springframework.transaction.interceptor.TransactionAspectSupport.completeTransactionAfterThrowing(TransactionAspectSupport.java:716)
	at org.springframework.transaction.interceptor.TransactionAspectSupport.invokeWithinTransaction(TransactionAspectSupport.java:384)
	at org.springframework.transaction.interceptor.TransactionInterceptor.invoke(TransactionInterceptor.java:119)
	at org.springframework.aop.framework.ReflectiveMethodInvocation.proceed(ReflectiveMethodInvocation.java:184)
	at org.springframework.aop.framework.CglibAopProxy$DynamicAdvisedInterceptor.intercept(CglibAopProxy.java:728)
	at com.snatchmart.snatchmart.service.serviceImpl.AffiliateSyncServiceImpl$$SpringCGLIB$$0.syncDeals(<generated>)
	at com.snatchmart.snatchmart.scheduler.DealScheduler.syncPrices(DealScheduler.java:22)
	at java.base/jdk.internal.reflect.DirectMethodHandleAccessor.invoke(DirectMethodHandleAccessor.java:103)
	at java.base/java.lang.reflect.Method.invoke(Method.java:580)
	at org.springframework.scheduling.support.ScheduledMethodRunnable.runInternal(ScheduledMethodRunnable.java:130)
	at org.springframework.scheduling.support.ScheduledMethodRunnable.lambda$run$2(ScheduledMethodRunnable.java:124)
	at io.micrometer.observation.Observation.observe(Observation.java:498)
	at org.springframework.scheduling.support.ScheduledMethodRunnable.run(ScheduledMethodRunnable.java:124)
	at org.springframework.scheduling.config.Task$OutcomeTrackingRunnable.run(Task.java:85)
	at org.springframework.scheduling.support.DelegatingErrorHandlingRunnable.run(DelegatingErrorHandlingRunnable.java:54)
	at java.base/java.util.concurrent.Executors$RunnableAdapter.call(Executors.java:572)
	at java.base/java.util.concurrent.FutureTask.runAndReset(FutureTask.java:358)
	at java.base/java.util.concurrent.ScheduledThreadPoolExecutor$ScheduledFutureTask.run(ScheduledThreadPoolExecutor.java:305)
	at java.base/java.util.concurrent.ThreadPoolExecutor.runWorker(ThreadPoolExecutor.java:1144)
	at java.base/java.util.concurrent.ThreadPoolExecutor$Worker.run(ThreadPoolExecutor.java:642)
	at java.base/java.lang.Thread.run(Thread.java:1583)
Caused by: org.hibernate.TransactionException: Unable to rollback against JDBC Connection
	at org.hibernate.resource.jdbc.internal.AbstractLogicalConnectionImplementor.rollback(AbstractLogicalConnectionImplementor.java:137)
	at org.hibernate.resource.transaction.backend.jdbc.internal.JdbcResourceLocalTransactionCoordinatorImpl$TransactionDriverControlImpl.rollback(JdbcResourceLocalTransactionCoordinatorImpl.java:289)
	at org.hibernate.engine.transaction.internal.TransactionImpl.rollback(TransactionImpl.java:142)
	at org.springframework.orm.jpa.JpaTransactionManager.doRollback(JpaTransactionManager.java:590)
	... 23 common frames omitted
Caused by: java.sql.SQLException: Connection is closed
	at com.zaxxer.hikari.pool.ProxyConnection$ClosedConnection.lambda$getClosedConnection$0(ProxyConnection.java:562)
	at jdk.proxy3/jdk.proxy3.$Proxy124.rollback(Unknown Source)
	at com.zaxxer.hikari.pool.ProxyConnection.rollback(ProxyConnection.java:386)
	at com.zaxxer.hikari.pool.HikariProxyConnection.rollback(HikariProxyConnection.java)
	at org.hibernate.resource.jdbc.internal.AbstractLogicalConnectionImplementor.rollback(AbstractLogicalConnectionImplementor.java:127)
	... 26 common frames omitted
2026-03-26 03:14:12 INFO  [] com.zaxxer.hikari.HikariDataSource - HikariPool-2 - Shutdown completed.
2026-03-26 03:14:12 INFO  [] c.s.snatchmart.SnatchMartApplication - Starting SnatchMartApplication using Java 21.0.9 with PID 14936 (/Users/pulkitgiddu/Documents/Code/Backend/snatchMart/target/classes started by pulkitgiddu in /Users/pulkitgiddu/Documents/Code/Backend/snatchMart)
2026-03-26 03:14:12 DEBUG [] c.s.snatchmart.SnatchMartApplication - Running with Spring Boot v3.5.6, Spring v6.2.11
2026-03-26 03:14:12 INFO  [] c.s.snatchmart.SnatchMartApplication - The following 1 profile is active: "dev"
2026-03-26 03:14:12 INFO  [] o.s.d.r.c.RepositoryConfigurationDelegate - Multiple Spring Data modules found, entering strict repository configuration mode
2026-03-26 03:14:12 INFO  [] o.s.d.r.c.RepositoryConfigurationDelegate - Bootstrapping Spring Data JPA repositories in DEFAULT mode.
2026-03-26 03:14:12 INFO  [] o.s.d.r.c.RepositoryConfigurationDelegate - Finished Spring Data repository scanning in 17 ms. Found 12 JPA repository interfaces.
2026-03-26 03:14:12 INFO  [] o.s.d.r.c.RepositoryConfigurationDelegate - Multiple Spring Data modules found, entering strict repository configuration mode
2026-03-26 03:14:12 INFO  [] o.s.d.r.c.RepositoryConfigurationDelegate - Bootstrapping Spring Data Redis repositories in DEFAULT mode.
2026-03-26 03:14:12 INFO  [] o.s.d.r.c.RepositoryConfigurationExtensionSupport - Spring Data Redis - Could not safely identify store assignment for repository candidate interface com.snatchmart.snatchmart.repository.AffiliateClickRepository; If you want this repository to be a Redis repository, consider annotating your entities with one of these annotations: org.springframework.data.redis.core.RedisHash (preferred), or consider extending one of the following types with your repository: org.springframework.data.keyvalue.repository.KeyValueRepository
2026-03-26 03:14:12 INFO  [] o.s.d.r.c.RepositoryConfigurationExtensionSupport - Spring Data Redis - Could not safely identify store assignment for repository candidate interface com.snatchmart.snatchmart.repository.CategoryRepository; If you want this repository to be a Redis repository, consider annotating your entities with one of these annotations: org.springframework.data.redis.core.RedisHash (preferred), or consider extending one of the following types with your repository: org.springframework.data.keyvalue.repository.KeyValueRepository
2026-03-26 03:14:12 INFO  [] o.s.d.r.c.RepositoryConfigurationExtensionSupport - Spring Data Redis - Could not safely identify store assignment for repository candidate interface com.snatchmart.snatchmart.repository.CouponRepository; If you want this repository to be a Redis repository, consider annotating your entities with one of these annotations: org.springframework.data.redis.core.RedisHash (preferred), or consider extending one of the following types with your repository: org.springframework.data.keyvalue.repository.KeyValueRepository
2026-03-26 03:14:12 INFO  [] o.s.d.r.c.RepositoryConfigurationExtensionSupport - Spring Data Redis - Could not safely identify store assignment for repository candidate interface com.snatchmart.snatchmart.repository.MerchantRepository; If you want this repository to be a Redis repository, consider annotating your entities with one of these annotations: org.springframework.data.redis.core.RedisHash (preferred), or consider extending one of the following types with your repository: org.springframework.data.keyvalue.repository.KeyValueRepository
2026-03-26 03:14:12 INFO  [] o.s.d.r.c.RepositoryConfigurationExtensionSupport - Spring Data Redis - Could not safely identify store assignment for repository candidate interface com.snatchmart.snatchmart.repository.NotificationRepository; If you want this repository to be a Redis repository, consider annotating your entities with one of these annotations: org.springframework.data.redis.core.RedisHash (preferred), or consider extending one of the following types with your repository: org.springframework.data.keyvalue.repository.KeyValueRepository
2026-03-26 03:14:12 INFO  [] o.s.d.r.c.RepositoryConfigurationExtensionSupport - Spring Data Redis - Could not safely identify store assignment for repository candidate interface com.snatchmart.snatchmart.repository.ProductPriceHistoryRepository; If you want this repository to be a Redis repository, consider annotating your entities with one of these annotations: org.springframework.data.redis.core.RedisHash (preferred), or consider extending one of the following types with your repository: org.springframework.data.keyvalue.repository.KeyValueRepository
2026-03-26 03:14:12 INFO  [] o.s.d.r.c.RepositoryConfigurationExtensionSupport - Spring Data Redis - Could not safely identify store assignment for repository candidate interface com.snatchmart.snatchmart.repository.ProductRepository; If you want this repository to be a Redis repository, consider annotating your entities with one of these annotations: org.springframework.data.redis.core.RedisHash (preferred), or consider extending one of the following types with your repository: org.springframework.data.keyvalue.repository.KeyValueRepository
2026-03-26 03:14:12 INFO  [] o.s.d.r.c.RepositoryConfigurationExtensionSupport - Spring Data Redis - Could not safely identify store assignment for repository candidate interface com.snatchmart.snatchmart.repository.ProductSalesEventRepository; If you want this repository to be a Redis repository, consider annotating your entities with one of these annotations: org.springframework.data.redis.core.RedisHash (preferred), or consider extending one of the following types with your repository: org.springframework.data.keyvalue.repository.KeyValueRepository
2026-03-26 03:14:12 INFO  [] o.s.d.r.c.RepositoryConfigurationExtensionSupport - Spring Data Redis - Could not safely identify store assignment for repository candidate interface com.snatchmart.snatchmart.repository.SalesEventRepository; If you want this repository to be a Redis repository, consider annotating your entities with one of these annotations: org.springframework.data.redis.core.RedisHash (preferred), or consider extending one of the following types with your repository: org.springframework.data.keyvalue.repository.KeyValueRepository
2026-03-26 03:14:12 INFO  [] o.s.d.r.c.RepositoryConfigurationExtensionSupport - Spring Data Redis - Could not safely identify store assignment for repository candidate interface com.snatchmart.snatchmart.repository.UserBudgetRepository; If you want this repository to be a Redis repository, consider annotating your entities with one of these annotations: org.springframework.data.redis.core.RedisHash (preferred), or consider extending one of the following types with your repository: org.springframework.data.keyvalue.repository.KeyValueRepository
2026-03-26 03:14:12 INFO  [] o.s.d.r.c.RepositoryConfigurationExtensionSupport - Spring Data Redis - Could not safely identify store assignment for repository candidate interface com.snatchmart.snatchmart.repository.UserRepository; If you want this repository to be a Redis repository, consider annotating your entities with one of these annotations: org.springframework.data.redis.core.RedisHash (preferred), or consider extending one of the following types with your repository: org.springframework.data.keyvalue.repository.KeyValueRepository
2026-03-26 03:14:12 INFO  [] o.s.d.r.c.RepositoryConfigurationExtensionSupport - Spring Data Redis - Could not safely identify store assignment for repository candidate interface com.snatchmart.snatchmart.repository.UserWishlistRepository; If you want this repository to be a Redis repository, consider annotating your entities with one of these annotations: org.springframework.data.redis.core.RedisHash (preferred), or consider extending one of the following types with your repository: org.springframework.data.keyvalue.repository.KeyValueRepository
2026-03-26 03:14:12 INFO  [] o.s.d.r.c.RepositoryConfigurationDelegate - Finished Spring Data repository scanning in 2 ms. Found 0 Redis repository interfaces.
2026-03-26 03:14:12 INFO  [] o.s.b.w.e.tomcat.TomcatWebServer - Tomcat initialized with port 8081 (http)
2026-03-26 03:14:12 INFO  [] o.a.coyote.http11.Http11NioProtocol - Initializing ProtocolHandler ["http-nio-8081"]
2026-03-26 03:14:12 INFO  [] o.a.catalina.core.StandardService - Starting service [Tomcat]
2026-03-26 03:14:12 INFO  [] o.a.catalina.core.StandardEngine - Starting Servlet engine: [Apache Tomcat/10.1.46]
2026-03-26 03:14:12 INFO  [] o.a.c.c.C.[Tomcat].[localhost].[/] - Initializing Spring embedded WebApplicationContext
2026-03-26 03:14:12 INFO  [] o.s.b.w.s.c.ServletWebServerApplicationContext - Root WebApplicationContext: initialization completed in 217 ms
2026-03-26 03:14:12 INFO  [] o.h.jpa.internal.util.LogHelper - HHH000204: Processing PersistenceUnitInfo [name: default]
2026-03-26 03:14:12 INFO  [] o.h.c.i.RegionFactoryInitiator - HHH000026: Second-level cache disabled
2026-03-26 03:14:12 INFO  [] o.s.o.j.p.SpringPersistenceUnitInfo - No LoadTimeWeaver setup: ignoring JPA class transformer
2026-03-26 03:14:12 INFO  [] com.zaxxer.hikari.HikariDataSource - HikariPool-3 - Starting...
2026-03-26 03:14:15 INFO  [] com.zaxxer.hikari.pool.HikariPool - HikariPool-3 - Added connection org.postgresql.jdbc.PgConnection@2e803559
2026-03-26 03:14:15 INFO  [] com.zaxxer.hikari.HikariDataSource - HikariPool-3 - Start completed.
2026-03-26 03:14:16 WARN  [] org.hibernate.orm.deprecation - HHH90000025: PostgreSQLDialect does not need to be specified explicitly using 'hibernate.dialect' (remove the property setting and it will be selected by default)
2026-03-26 03:14:17 INFO  [] o.hibernate.orm.connections.pooling - HHH10001005: Database info:
	Database JDBC URL [Connecting through datasource 'HikariDataSource (HikariPool-3)']
	Database driver: undefined/unknown
	Database version: 17.8
	Autocommit mode: undefined/unknown
	Isolation level: undefined/unknown
	Minimum pool size: undefined/unknown
	Maximum pool size: undefined/unknown
2026-03-26 03:14:17 INFO  [] o.h.e.t.j.p.i.JtaPlatformInitiator - HHH000489: No JTA platform available (set 'hibernate.transaction.jta.platform' to enable JTA platform integration)
2026-03-26 03:14:17 INFO  [] o.s.o.j.LocalContainerEntityManagerFactoryBean - Initialized JPA EntityManagerFactory for persistence unit 'default'
2026-03-26 03:14:17 DEBUG [] c.s.s.s.JwtAuthenticationFilter - Filter 'jwtAuthenticationFilter' configured for use
2026-03-26 03:14:17 INFO  [] o.s.s.c.a.a.c.InitializeAuthenticationProviderBeanManagerConfigurer$InitializeAuthenticationProviderManagerConfigurer - Global AuthenticationManager configured with AuthenticationProvider bean with name authenticationProvider
2026-03-26 03:14:17 WARN  [] o.s.s.c.a.a.c.InitializeUserDetailsBeanManagerConfigurer$InitializeUserDetailsManagerConfigurer - Global AuthenticationManager configured with an AuthenticationProvider bean. UserDetailsService beans will not be used by Spring Security for automatically configuring username/password login. Consider removing the AuthenticationProvider bean. Alternatively, consider using the UserDetailsService in a manually instantiated DaoAuthenticationProvider. If the current configuration is intentional, to turn off this warning, increase the logging level of 'org.springframework.security.config.annotation.authentication.configuration.InitializeUserDetailsBeanManagerConfigurer' to ERROR
2026-03-26 03:14:17 WARN  [] o.s.b.a.o.j.JpaBaseConfiguration$JpaWebConfiguration - spring.jpa.open-in-view is enabled by default. Therefore, database queries may be performed during view rendering. Explicitly configure spring.jpa.open-in-view to disable this warning
2026-03-26 03:14:17 INFO  [] o.s.b.a.h.H2ConsoleAutoConfiguration - H2 console available at '/h2-console'. Database available at 'jdbc:postgresql://ep-blue-field-afvby5th-pooler.c-2.us-west-2.aws.neon.tech/neondb?sslmode=require'
2026-03-26 03:14:17 INFO  [] o.s.b.d.a.OptionalLiveReloadServer - LiveReload server is running on port 35729
2026-03-26 03:14:17 INFO  [] o.a.coyote.http11.Http11NioProtocol - Starting ProtocolHandler ["http-nio-8081"]
2026-03-26 03:14:17 INFO  [] o.s.b.w.e.tomcat.TomcatWebServer - Tomcat started on port 8081 (http) with context path '/'
2026-03-26 03:14:17 INFO  [] c.s.s.scheduler.DealScheduler - Starting 30-min price sync job
2026-03-26 03:14:17 INFO  [] c.s.snatchmart.SnatchMartApplication - Started SnatchMartApplication in 5.49 seconds (process running for 507.667)
2026-03-26 03:14:17 INFO  [] o.s.b.d.a.ConditionEvaluationDeltaLoggingListener - Condition evaluation unchanged
2026-03-26 03:14:19 INFO  [] c.s.s.i.AmazonAffiliateClient - [Amazon Scraper] Scraped 0 deals from https://www.amazon.in/deals
2026-03-26 03:14:22 INFO  [] c.s.s.i.AmazonAffiliateClient - [Amazon Scraper] Scraped 50 deals from https://www.amazon.in/gp/bestsellers/electronics
2026-03-26 03:14:22 INFO  [] c.s.s.i.AmazonAffiliateClient - [Amazon Scraper] Total deals scraped: 50
2026-03-26 03:14:41 INFO  [] o.s.b.d.a.LocalDevToolsAutoConfiguration$RestartingClassPathChangeChangedEventListener - Restarting due to 1 class path change (0 additions, 0 deletions, 1 modification)
2026-03-26 03:14:41 INFO  [] o.s.b.w.e.tomcat.GracefulShutdown - Commencing graceful shutdown. Waiting for active requests to complete
2026-03-26 03:14:41 INFO  [] o.a.coyote.http11.Http11NioProtocol - Pausing ProtocolHandler ["http-nio-8081"]
2026-03-26 03:14:41 INFO  [] o.s.b.w.e.tomcat.GracefulShutdown - Graceful shutdown complete
2026-03-26 03:14:41 INFO  [] o.a.coyote.http11.Http11NioProtocol - Stopping ProtocolHandler ["http-nio-8081"]
2026-03-26 03:15:10 INFO  [] c.s.s.s.s.AffiliateSyncServiceImpl - Synced 44 deals from amazon (6 skipped — no valid price)
2026-03-26 03:15:10 INFO  [] c.s.s.i.FlipkartAffiliateClient - [Flipkart Scraper] Scraped 0 deals from https://www.flipkart.com/offers-list/deals-of-the-day
2026-03-26 03:15:11 INFO  [] o.s.c.s.DefaultLifecycleProcessor - Shutdown phase 1073741823 ends with 1 bean still running after timeout of 30000ms: [taskScheduler]
2026-03-26 03:15:11 INFO  [] o.s.o.j.LocalContainerEntityManagerFactoryBean - Closing JPA EntityManagerFactory for persistence unit 'default'
2026-03-26 03:15:11 INFO  [] com.zaxxer.hikari.HikariDataSource - HikariPool-3 - Shutdown initiated...
2026-03-26 03:15:11 INFO  [] c.s.s.i.FlipkartAffiliateClient - [Flipkart Scraper] Scraped 0 deals from https://www.flipkart.com/offers-list/electronics
2026-03-26 03:15:11 INFO  [] c.s.s.i.FlipkartAffiliateClient - [Flipkart Scraper] Scraped 0 deals from https://www.flipkart.com/mobiles/pr?sid=tyy,4io&otracker=categorytree
2026-03-26 03:15:11 INFO  [] c.s.s.i.FlipkartAffiliateClient - [Flipkart Scraper] Scraped 0 deals from https://www.flipkart.com/clothing-and-accessories/topwear/pr?sid=clo,ash
2026-03-26 03:15:11 WARN  [] c.s.s.i.FlipkartAffiliateClient - [Flipkart Scraper] All pages failed (0 errors) — using dummy deals as fallback
2026-03-26 03:15:11 WARN  [] c.zaxxer.hikari.pool.ProxyConnection - HikariPool-3 - Connection org.postgresql.jdbc.PgConnection@2e803559 marked as broken because of SQLSTATE(08003), ErrorCode(0)
org.postgresql.util.PSQLException: This connection has been closed.
	at org.postgresql.jdbc.PgConnection.checkClosed(PgConnection.java:1012)
	at org.postgresql.jdbc.PgConnection.rollback(PgConnection.java:1019)
	at com.zaxxer.hikari.pool.ProxyConnection.rollback(ProxyConnection.java:386)
	at com.zaxxer.hikari.pool.HikariProxyConnection.rollback(HikariProxyConnection.java)
	at org.hibernate.resource.jdbc.internal.AbstractLogicalConnectionImplementor.rollback(AbstractLogicalConnectionImplementor.java:127)
	at org.hibernate.resource.transaction.backend.jdbc.internal.JdbcResourceLocalTransactionCoordinatorImpl$TransactionDriverControlImpl.rollback(JdbcResourceLocalTransactionCoordinatorImpl.java:289)
	at org.hibernate.engine.transaction.internal.TransactionImpl.rollback(TransactionImpl.java:142)
	at org.springframework.orm.jpa.JpaTransactionManager.doRollback(JpaTransactionManager.java:590)
	at org.springframework.transaction.support.AbstractPlatformTransactionManager.processRollback(AbstractPlatformTransactionManager.java:897)
	at org.springframework.transaction.support.AbstractPlatformTransactionManager.rollback(AbstractPlatformTransactionManager.java:866)
	at org.springframework.transaction.interceptor.TransactionAspectSupport.completeTransactionAfterThrowing(TransactionAspectSupport.java:716)
	at org.springframework.transaction.interceptor.TransactionAspectSupport.invokeWithinTransaction(TransactionAspectSupport.java:384)
	at org.springframework.transaction.interceptor.TransactionInterceptor.invoke(TransactionInterceptor.java:119)
	at org.springframework.aop.framework.ReflectiveMethodInvocation.proceed(ReflectiveMethodInvocation.java:184)
	at org.springframework.aop.framework.CglibAopProxy$DynamicAdvisedInterceptor.intercept(CglibAopProxy.java:728)
	at com.snatchmart.snatchmart.service.serviceImpl.AffiliateSyncServiceImpl$$SpringCGLIB$$0.syncDeals(<generated>)
	at com.snatchmart.snatchmart.scheduler.DealScheduler.syncPrices(DealScheduler.java:22)
	at java.base/jdk.internal.reflect.DirectMethodHandleAccessor.invoke(DirectMethodHandleAccessor.java:103)
	at java.base/java.lang.reflect.Method.invoke(Method.java:580)
	at org.springframework.scheduling.support.ScheduledMethodRunnable.runInternal(ScheduledMethodRunnable.java:130)
	at org.springframework.scheduling.support.ScheduledMethodRunnable.lambda$run$2(ScheduledMethodRunnable.java:124)
	at io.micrometer.observation.Observation.observe(Observation.java:498)
	at org.springframework.scheduling.support.ScheduledMethodRunnable.run(ScheduledMethodRunnable.java:124)
	at org.springframework.scheduling.config.Task$OutcomeTrackingRunnable.run(Task.java:85)
	at org.springframework.scheduling.support.DelegatingErrorHandlingRunnable.run(DelegatingErrorHandlingRunnable.java:54)
	at java.base/java.util.concurrent.Executors$RunnableAdapter.call(Executors.java:572)
	at java.base/java.util.concurrent.FutureTask.runAndReset(FutureTask.java:358)
	at java.base/java.util.concurrent.ScheduledThreadPoolExecutor$ScheduledFutureTask.run(ScheduledThreadPoolExecutor.java:305)
	at java.base/java.util.concurrent.ThreadPoolExecutor.runWorker(ThreadPoolExecutor.java:1144)
	at java.base/java.util.concurrent.ThreadPoolExecutor$Worker.run(ThreadPoolExecutor.java:642)
	at java.base/java.lang.Thread.run(Thread.java:1583)
2026-03-26 03:15:11 ERROR [] o.s.t.i.TransactionInterceptor - Application exception overridden by rollback exception
org.springframework.dao.InvalidDataAccessApiUsageException: Session/EntityManager is closed
	at org.springframework.orm.jpa.EntityManagerFactoryUtils.convertJpaAccessExceptionIfPossible(EntityManagerFactoryUtils.java:368)
	at org.springframework.orm.jpa.vendor.HibernateJpaDialect.translateExceptionIfPossible(HibernateJpaDialect.java:246)
	at org.springframework.orm.jpa.AbstractEntityManagerFactoryBean.translateExceptionIfPossible(AbstractEntityManagerFactoryBean.java:560)
	at org.springframework.dao.support.ChainedPersistenceExceptionTranslator.translateExceptionIfPossible(ChainedPersistenceExceptionTranslator.java:61)
	at org.springframework.dao.support.DataAccessUtils.translateIfNecessary(DataAccessUtils.java:343)
	at org.springframework.dao.support.PersistenceExceptionTranslationInterceptor.invoke(PersistenceExceptionTranslationInterceptor.java:160)
	at org.springframework.aop.framework.ReflectiveMethodInvocation.proceed(ReflectiveMethodInvocation.java:184)
	at org.springframework.data.jpa.repository.support.CrudMethodMetadataPostProcessor$CrudMethodMetadataPopulatingMethodInterceptor.invoke(CrudMethodMetadataPostProcessor.java:136)
	at org.springframework.aop.framework.ReflectiveMethodInvocation.proceed(ReflectiveMethodInvocation.java:184)
	at org.springframework.aop.framework.JdkDynamicAopProxy.invoke(JdkDynamicAopProxy.java:223)
	at jdk.proxy8/jdk.proxy8.$Proxy229.findByProductUniqueId(Unknown Source)
	at com.snatchmart.snatchmart.service.serviceImpl.AffiliateSyncServiceImpl.syncDeals(AffiliateSyncServiceImpl.java:54)
	at java.base/jdk.internal.reflect.DirectMethodHandleAccessor.invoke(DirectMethodHandleAccessor.java:103)
	at java.base/java.lang.reflect.Method.invoke(Method.java:580)
	at org.springframework.aop.support.AopUtils.invokeJoinpointUsingReflection(AopUtils.java:360)
	at org.springframework.aop.framework.ReflectiveMethodInvocation.invokeJoinpoint(ReflectiveMethodInvocation.java:196)
	at org.springframework.aop.framework.ReflectiveMethodInvocation.proceed(ReflectiveMethodInvocation.java:163)
	at org.springframework.transaction.interceptor.TransactionAspectSupport.invokeWithinTransaction(TransactionAspectSupport.java:380)
	at org.springframework.transaction.interceptor.TransactionInterceptor.invoke(TransactionInterceptor.java:119)
	at org.springframework.aop.framework.ReflectiveMethodInvocation.proceed(ReflectiveMethodInvocation.java:184)
	at org.springframework.aop.framework.CglibAopProxy$DynamicAdvisedInterceptor.intercept(CglibAopProxy.java:728)
	at com.snatchmart.snatchmart.service.serviceImpl.AffiliateSyncServiceImpl$$SpringCGLIB$$0.syncDeals(<generated>)
	at com.snatchmart.snatchmart.scheduler.DealScheduler.syncPrices(DealScheduler.java:22)
	at java.base/jdk.internal.reflect.DirectMethodHandleAccessor.invoke(DirectMethodHandleAccessor.java:103)
	at java.base/java.lang.reflect.Method.invoke(Method.java:580)
	at org.springframework.scheduling.support.ScheduledMethodRunnable.runInternal(ScheduledMethodRunnable.java:130)
	at org.springframework.scheduling.support.ScheduledMethodRunnable.lambda$run$2(ScheduledMethodRunnable.java:124)
	at io.micrometer.observation.Observation.observe(Observation.java:498)
	at org.springframework.scheduling.support.ScheduledMethodRunnable.run(ScheduledMethodRunnable.java:124)
	at org.springframework.scheduling.config.Task$OutcomeTrackingRunnable.run(Task.java:85)
	at org.springframework.scheduling.support.DelegatingErrorHandlingRunnable.run(DelegatingErrorHandlingRunnable.java:54)
	at java.base/java.util.concurrent.Executors$RunnableAdapter.call(Executors.java:572)
	at java.base/java.util.concurrent.FutureTask.runAndReset(FutureTask.java:358)
	at java.base/java.util.concurrent.ScheduledThreadPoolExecutor$ScheduledFutureTask.run(ScheduledThreadPoolExecutor.java:305)
	at java.base/java.util.concurrent.ThreadPoolExecutor.runWorker(ThreadPoolExecutor.java:1144)
	at java.base/java.util.concurrent.ThreadPoolExecutor$Worker.run(ThreadPoolExecutor.java:642)
	at java.base/java.lang.Thread.run(Thread.java:1583)
Caused by: java.lang.IllegalStateException: Session/EntityManager is closed
	at org.hibernate.internal.AbstractSharedSessionContract.checkOpen(AbstractSharedSessionContract.java:518)
	at org.hibernate.engine.spi.SharedSessionContractImplementor.checkOpen(SharedSessionContractImplementor.java:186)
	at org.hibernate.internal.AbstractSharedSessionContract.createQuery(AbstractSharedSessionContract.java:1427)
	at org.hibernate.internal.AbstractSharedSessionContract.createQuery(AbstractSharedSessionContract.java:143)
	at java.base/jdk.internal.reflect.DirectMethodHandleAccessor.invoke(DirectMethodHandleAccessor.java:103)
	at java.base/java.lang.reflect.Method.invoke(Method.java:580)
	at org.springframework.orm.jpa.SharedEntityManagerCreator$SharedEntityManagerInvocationHandler.invoke(SharedEntityManagerCreator.java:320)
	at jdk.proxy8/jdk.proxy8.$Proxy224.createQuery(Unknown Source)
	at org.springframework.data.jpa.repository.query.PartTreeJpaQuery$QueryPreparer.createQuery(PartTreeJpaQuery.java:304)
	at org.springframework.data.jpa.repository.query.PartTreeJpaQuery$QueryPreparer.createQuery(PartTreeJpaQuery.java:248)
	at org.springframework.data.jpa.repository.query.PartTreeJpaQuery.doCreateQuery(PartTreeJpaQuery.java:114)
	at org.springframework.data.jpa.repository.query.AbstractJpaQuery.createQuery(AbstractJpaQuery.java:251)
	at org.springframework.data.jpa.repository.query.JpaQueryExecution$SingleEntityExecution.doExecute(JpaQueryExecution.java:226)
	at org.springframework.data.jpa.repository.query.JpaQueryExecution.execute(JpaQueryExecution.java:95)
	at org.springframework.data.jpa.repository.query.AbstractJpaQuery.doExecute(AbstractJpaQuery.java:160)
	at org.springframework.data.jpa.repository.query.AbstractJpaQuery.execute(AbstractJpaQuery.java:148)
	at org.springframework.data.repository.core.support.RepositoryMethodInvoker.doInvoke(RepositoryMethodInvoker.java:170)
	at org.springframework.data.repository.core.support.RepositoryMethodInvoker.invoke(RepositoryMethodInvoker.java:158)
	at org.springframework.data.repository.core.support.QueryExecutorMethodInterceptor.doInvoke(QueryExecutorMethodInterceptor.java:170)
	at org.springframework.data.repository.core.support.QueryExecutorMethodInterceptor.invoke(QueryExecutorMethodInterceptor.java:149)
	at org.springframework.aop.framework.ReflectiveMethodInvocation.proceed(ReflectiveMethodInvocation.java:184)
	at org.springframework.data.projection.DefaultMethodInvokingMethodInterceptor.invoke(DefaultMethodInvokingMethodInterceptor.java:69)
	at org.springframework.aop.framework.ReflectiveMethodInvocation.proceed(ReflectiveMethodInvocation.java:184)
	at org.springframework.transaction.interceptor.TransactionAspectSupport.invokeWithinTransaction(TransactionAspectSupport.java:380)
	at org.springframework.transaction.interceptor.TransactionInterceptor.invoke(TransactionInterceptor.java:119)
	at org.springframework.aop.framework.ReflectiveMethodInvocation.proceed(ReflectiveMethodInvocation.java:184)
	at org.springframework.dao.support.PersistenceExceptionTranslationInterceptor.invoke(PersistenceExceptionTranslationInterceptor.java:138)
	... 31 common frames omitted
2026-03-26 03:15:11 ERROR [] o.s.s.s.TaskUtils$LoggingErrorHandler - Unexpected error occurred in scheduled task
org.springframework.dao.DataAccessResourceFailureException: Hibernate transaction: Unable to rollback against JDBC Connection; This connection has been closed.
	at org.springframework.jdbc.support.SQLStateSQLExceptionTranslator.doTranslate(SQLStateSQLExceptionTranslator.java:132)
	at org.springframework.jdbc.support.AbstractFallbackSQLExceptionTranslator.translate(AbstractFallbackSQLExceptionTranslator.java:107)
	at org.springframework.jdbc.support.AbstractFallbackSQLExceptionTranslator.translate(AbstractFallbackSQLExceptionTranslator.java:116)
	at org.springframework.orm.jpa.vendor.HibernateJpaDialect.convertHibernateAccessException(HibernateJpaDialect.java:269)
	at org.springframework.orm.jpa.vendor.HibernateJpaDialect.convertHibernateAccessException(HibernateJpaDialect.java:256)
	at org.springframework.orm.jpa.vendor.HibernateJpaDialect.translateExceptionIfPossible(HibernateJpaDialect.java:241)
	at org.springframework.orm.jpa.JpaTransactionManager.doRollback(JpaTransactionManager.java:594)
	at org.springframework.transaction.support.AbstractPlatformTransactionManager.processRollback(AbstractPlatformTransactionManager.java:897)
	at org.springframework.transaction.support.AbstractPlatformTransactionManager.rollback(AbstractPlatformTransactionManager.java:866)
	at org.springframework.transaction.interceptor.TransactionAspectSupport.completeTransactionAfterThrowing(TransactionAspectSupport.java:716)
	at org.springframework.transaction.interceptor.TransactionAspectSupport.invokeWithinTransaction(TransactionAspectSupport.java:384)
	at org.springframework.transaction.interceptor.TransactionInterceptor.invoke(TransactionInterceptor.java:119)
	at org.springframework.aop.framework.ReflectiveMethodInvocation.proceed(ReflectiveMethodInvocation.java:184)
	at org.springframework.aop.framework.CglibAopProxy$DynamicAdvisedInterceptor.intercept(CglibAopProxy.java:728)
	at com.snatchmart.snatchmart.service.serviceImpl.AffiliateSyncServiceImpl$$SpringCGLIB$$0.syncDeals(<generated>)
	at com.snatchmart.snatchmart.scheduler.DealScheduler.syncPrices(DealScheduler.java:22)
	at java.base/jdk.internal.reflect.DirectMethodHandleAccessor.invoke(DirectMethodHandleAccessor.java:103)
	at java.base/java.lang.reflect.Method.invoke(Method.java:580)
	at org.springframework.scheduling.support.ScheduledMethodRunnable.runInternal(ScheduledMethodRunnable.java:130)
	at org.springframework.scheduling.support.ScheduledMethodRunnable.lambda$run$2(ScheduledMethodRunnable.java:124)
	at io.micrometer.observation.Observation.observe(Observation.java:498)
	at org.springframework.scheduling.support.ScheduledMethodRunnable.run(ScheduledMethodRunnable.java:124)
	at org.springframework.scheduling.config.Task$OutcomeTrackingRunnable.run(Task.java:85)
	at org.springframework.scheduling.support.DelegatingErrorHandlingRunnable.run(DelegatingErrorHandlingRunnable.java:54)
	at java.base/java.util.concurrent.Executors$RunnableAdapter.call(Executors.java:572)
	at java.base/java.util.concurrent.FutureTask.runAndReset(FutureTask.java:358)
	at java.base/java.util.concurrent.ScheduledThreadPoolExecutor$ScheduledFutureTask.run(ScheduledThreadPoolExecutor.java:305)
	at java.base/java.util.concurrent.ThreadPoolExecutor.runWorker(ThreadPoolExecutor.java:1144)
	at java.base/java.util.concurrent.ThreadPoolExecutor$Worker.run(ThreadPoolExecutor.java:642)
	at java.base/java.lang.Thread.run(Thread.java:1583)
Caused by: org.postgresql.util.PSQLException: This connection has been closed.
	at org.postgresql.jdbc.PgConnection.checkClosed(PgConnection.java:1012)
	at org.postgresql.jdbc.PgConnection.rollback(PgConnection.java:1019)
	at com.zaxxer.hikari.pool.ProxyConnection.rollback(ProxyConnection.java:386)
	at com.zaxxer.hikari.pool.HikariProxyConnection.rollback(HikariProxyConnection.java)
	at org.hibernate.resource.jdbc.internal.AbstractLogicalConnectionImplementor.rollback(AbstractLogicalConnectionImplementor.java:127)
	at org.hibernate.resource.transaction.backend.jdbc.internal.JdbcResourceLocalTransactionCoordinatorImpl$TransactionDriverControlImpl.rollback(JdbcResourceLocalTransactionCoordinatorImpl.java:289)
	at org.hibernate.engine.transaction.internal.TransactionImpl.rollback(TransactionImpl.java:142)
	at org.springframework.orm.jpa.JpaTransactionManager.doRollback(JpaTransactionManager.java:590)
	... 23 common frames omitted
2026-03-26 03:15:15 INFO  [] com.zaxxer.hikari.HikariDataSource - HikariPool-3 - Shutdown completed.
2026-03-26 03:15:15 INFO  [] c.s.snatchmart.SnatchMartApplication - Starting SnatchMartApplication using Java 21.0.9 with PID 14936 (/Users/pulkitgiddu/Documents/Code/Backend/snatchMart/target/classes started by pulkitgiddu in /Users/pulkitgiddu/Documents/Code/Backend/snatchMart)
2026-03-26 03:15:15 DEBUG [] c.s.snatchmart.SnatchMartApplication - Running with Spring Boot v3.5.6, Spring v6.2.11
2026-03-26 03:15:15 INFO  [] c.s.snatchmart.SnatchMartApplication - The following 1 profile is active: "dev"
2026-03-26 03:15:15 INFO  [] o.s.d.r.c.RepositoryConfigurationDelegate - Multiple Spring Data modules found, entering strict repository configuration mode
2026-03-26 03:15:15 INFO  [] o.s.d.r.c.RepositoryConfigurationDelegate - Bootstrapping Spring Data JPA repositories in DEFAULT mode.
2026-03-26 03:15:15 INFO  [] o.s.d.r.c.RepositoryConfigurationDelegate - Finished Spring Data repository scanning in 11 ms. Found 12 JPA repository interfaces.
2026-03-26 03:15:15 INFO  [] o.s.d.r.c.RepositoryConfigurationDelegate - Multiple Spring Data modules found, entering strict repository configuration mode
2026-03-26 03:15:15 INFO  [] o.s.d.r.c.RepositoryConfigurationDelegate - Bootstrapping Spring Data Redis repositories in DEFAULT mode.
2026-03-26 03:15:15 INFO  [] o.s.d.r.c.RepositoryConfigurationExtensionSupport - Spring Data Redis - Could not safely identify store assignment for repository candidate interface com.snatchmart.snatchmart.repository.AffiliateClickRepository; If you want this repository to be a Redis repository, consider annotating your entities with one of these annotations: org.springframework.data.redis.core.RedisHash (preferred), or consider extending one of the following types with your repository: org.springframework.data.keyvalue.repository.KeyValueRepository
2026-03-26 03:15:15 INFO  [] o.s.d.r.c.RepositoryConfigurationExtensionSupport - Spring Data Redis - Could not safely identify store assignment for repository candidate interface com.snatchmart.snatchmart.repository.CategoryRepository; If you want this repository to be a Redis repository, consider annotating your entities with one of these annotations: org.springframework.data.redis.core.RedisHash (preferred), or consider extending one of the following types with your repository: org.springframework.data.keyvalue.repository.KeyValueRepository
2026-03-26 03:15:15 INFO  [] o.s.d.r.c.RepositoryConfigurationExtensionSupport - Spring Data Redis - Could not safely identify store assignment for repository candidate interface com.snatchmart.snatchmart.repository.CouponRepository; If you want this repository to be a Redis repository, consider annotating your entities with one of these annotations: org.springframework.data.redis.core.RedisHash (preferred), or consider extending one of the following types with your repository: org.springframework.data.keyvalue.repository.KeyValueRepository
2026-03-26 03:15:15 INFO  [] o.s.d.r.c.RepositoryConfigurationExtensionSupport - Spring Data Redis - Could not safely identify store assignment for repository candidate interface com.snatchmart.snatchmart.repository.MerchantRepository; If you want this repository to be a Redis repository, consider annotating your entities with one of these annotations: org.springframework.data.redis.core.RedisHash (preferred), or consider extending one of the following types with your repository: org.springframework.data.keyvalue.repository.KeyValueRepository
2026-03-26 03:15:15 INFO  [] o.s.d.r.c.RepositoryConfigurationExtensionSupport - Spring Data Redis - Could not safely identify store assignment for repository candidate interface com.snatchmart.snatchmart.repository.NotificationRepository; If you want this repository to be a Redis repository, consider annotating your entities with one of these annotations: org.springframework.data.redis.core.RedisHash (preferred), or consider extending one of the following types with your repository: org.springframework.data.keyvalue.repository.KeyValueRepository
2026-03-26 03:15:15 INFO  [] o.s.d.r.c.RepositoryConfigurationExtensionSupport - Spring Data Redis - Could not safely identify store assignment for repository candidate interface com.snatchmart.snatchmart.repository.ProductPriceHistoryRepository; If you want this repository to be a Redis repository, consider annotating your entities with one of these annotations: org.springframework.data.redis.core.RedisHash (preferred), or consider extending one of the following types with your repository: org.springframework.data.keyvalue.repository.KeyValueRepository
2026-03-26 03:15:15 INFO  [] o.s.d.r.c.RepositoryConfigurationExtensionSupport - Spring Data Redis - Could not safely identify store assignment for repository candidate interface com.snatchmart.snatchmart.repository.ProductRepository; If you want this repository to be a Redis repository, consider annotating your entities with one of these annotations: org.springframework.data.redis.core.RedisHash (preferred), or consider extending one of the following types with your repository: org.springframework.data.keyvalue.repository.KeyValueRepository
2026-03-26 03:15:15 INFO  [] o.s.d.r.c.RepositoryConfigurationExtensionSupport - Spring Data Redis - Could not safely identify store assignment for repository candidate interface com.snatchmart.snatchmart.repository.ProductSalesEventRepository; If you want this repository to be a Redis repository, consider annotating your entities with one of these annotations: org.springframework.data.redis.core.RedisHash (preferred), or consider extending one of the following types with your repository: org.springframework.data.keyvalue.repository.KeyValueRepository
2026-03-26 03:15:15 INFO  [] o.s.d.r.c.RepositoryConfigurationExtensionSupport - Spring Data Redis - Could not safely identify store assignment for repository candidate interface com.snatchmart.snatchmart.repository.SalesEventRepository; If you want this repository to be a Redis repository, consider annotating your entities with one of these annotations: org.springframework.data.redis.core.RedisHash (preferred), or consider extending one of the following types with your repository: org.springframework.data.keyvalue.repository.KeyValueRepository
2026-03-26 03:15:15 INFO  [] o.s.d.r.c.RepositoryConfigurationExtensionSupport - Spring Data Redis - Could not safely identify store assignment for repository candidate interface com.snatchmart.snatchmart.repository.UserBudgetRepository; If you want this repository to be a Redis repository, consider annotating your entities with one of these annotations: org.springframework.data.redis.core.RedisHash (preferred), or consider extending one of the following types with your repository: org.springframework.data.keyvalue.repository.KeyValueRepository
2026-03-26 03:15:15 INFO  [] o.s.d.r.c.RepositoryConfigurationExtensionSupport - Spring Data Redis - Could not safely identify store assignment for repository candidate interface com.snatchmart.snatchmart.repository.UserRepository; If you want this repository to be a Redis repository, consider annotating your entities with one of these annotations: org.springframework.data.redis.core.RedisHash (preferred), or consider extending one of the following types with your repository: org.springframework.data.keyvalue.repository.KeyValueRepository
2026-03-26 03:15:15 INFO  [] o.s.d.r.c.RepositoryConfigurationExtensionSupport - Spring Data Redis - Could not safely identify store assignment for repository candidate interface com.snatchmart.snatchmart.repository.UserWishlistRepository; If you want this repository to be a Redis repository, consider annotating your entities with one of these annotations: org.springframework.data.redis.core.RedisHash (preferred), or consider extending one of the following types with your repository: org.springframework.data.keyvalue.repository.KeyValueRepository
2026-03-26 03:15:15 INFO  [] o.s.d.r.c.RepositoryConfigurationDelegate - Finished Spring Data repository scanning in 1 ms. Found 0 Redis repository interfaces.
2026-03-26 03:15:15 INFO  [] o.s.b.w.e.tomcat.TomcatWebServer - Tomcat initialized with port 8081 (http)
2026-03-26 03:15:15 INFO  [] o.a.coyote.http11.Http11NioProtocol - Initializing ProtocolHandler ["http-nio-8081"]
2026-03-26 03:15:15 INFO  [] o.a.catalina.core.StandardService - Starting service [Tomcat]
2026-03-26 03:15:15 INFO  [] o.a.catalina.core.StandardEngine - Starting Servlet engine: [Apache Tomcat/10.1.46]
2026-03-26 03:15:15 INFO  [] o.a.c.c.C.[Tomcat].[localhost].[/] - Initializing Spring embedded WebApplicationContext
2026-03-26 03:15:15 INFO  [] o.s.b.w.s.c.ServletWebServerApplicationContext - Root WebApplicationContext: initialization completed in 154 ms
2026-03-26 03:15:15 INFO  [] o.h.jpa.internal.util.LogHelper - HHH000204: Processing PersistenceUnitInfo [name: default]
2026-03-26 03:15:15 INFO  [] o.h.c.i.RegionFactoryInitiator - HHH000026: Second-level cache disabled
2026-03-26 03:15:15 INFO  [] o.s.o.j.p.SpringPersistenceUnitInfo - No LoadTimeWeaver setup: ignoring JPA class transformer
2026-03-26 03:15:15 INFO  [] com.zaxxer.hikari.HikariDataSource - HikariPool-4 - Starting...
2026-03-26 03:15:19 INFO  [] com.zaxxer.hikari.pool.HikariPool - HikariPool-4 - Added connection org.postgresql.jdbc.PgConnection@304ed4e7
2026-03-26 03:15:19 INFO  [] com.zaxxer.hikari.HikariDataSource - HikariPool-4 - Start completed.
2026-03-26 03:15:19 WARN  [] org.hibernate.orm.deprecation - HHH90000025: PostgreSQLDialect does not need to be specified explicitly using 'hibernate.dialect' (remove the property setting and it will be selected by default)
2026-03-26 03:15:21 INFO  [] o.hibernate.orm.connections.pooling - HHH10001005: Database info:
	Database JDBC URL [Connecting through datasource 'HikariDataSource (HikariPool-4)']
	Database driver: undefined/unknown
	Database version: 17.8
	Autocommit mode: undefined/unknown
	Isolation level: undefined/unknown
	Minimum pool size: undefined/unknown
	Maximum pool size: undefined/unknown
2026-03-26 03:15:21 INFO  [] o.h.e.t.j.p.i.JtaPlatformInitiator - HHH000489: No JTA platform available (set 'hibernate.transaction.jta.platform' to enable JTA platform integration)
2026-03-26 03:15:21 INFO  [] o.s.o.j.LocalContainerEntityManagerFactoryBean - Initialized JPA EntityManagerFactory for persistence unit 'default'
2026-03-26 03:15:21 DEBUG [] c.s.s.s.JwtAuthenticationFilter - Filter 'jwtAuthenticationFilter' configured for use
2026-03-26 03:15:21 INFO  [] o.s.s.c.a.a.c.InitializeAuthenticationProviderBeanManagerConfigurer$InitializeAuthenticationProviderManagerConfigurer - Global AuthenticationManager configured with AuthenticationProvider bean with name authenticationProvider
2026-03-26 03:15:21 WARN  [] o.s.s.c.a.a.c.InitializeUserDetailsBeanManagerConfigurer$InitializeUserDetailsManagerConfigurer - Global AuthenticationManager configured with an AuthenticationProvider bean. UserDetailsService beans will not be used by Spring Security for automatically configuring username/password login. Consider removing the AuthenticationProvider bean. Alternatively, consider using the UserDetailsService in a manually instantiated DaoAuthenticationProvider. If the current configuration is intentional, to turn off this warning, increase the logging level of 'org.springframework.security.config.annotation.authentication.configuration.InitializeUserDetailsBeanManagerConfigurer' to ERROR
2026-03-26 03:15:21 WARN  [] o.s.b.a.o.j.JpaBaseConfiguration$JpaWebConfiguration - spring.jpa.open-in-view is enabled by default. Therefore, database queries may be performed during view rendering. Explicitly configure spring.jpa.open-in-view to disable this warning
2026-03-26 03:15:21 INFO  [] o.s.b.a.h.H2ConsoleAutoConfiguration - H2 console available at '/h2-console'. Database available at 'jdbc:postgresql://ep-blue-field-afvby5th-pooler.c-2.us-west-2.aws.neon.tech/neondb?sslmode=require'
2026-03-26 03:15:21 INFO  [] o.s.b.d.a.OptionalLiveReloadServer - LiveReload server is running on port 35729
2026-03-26 03:15:21 INFO  [] o.a.coyote.http11.Http11NioProtocol - Starting ProtocolHandler ["http-nio-8081"]
2026-03-26 03:15:21 INFO  [] o.s.b.w.e.tomcat.TomcatWebServer - Tomcat started on port 8081 (http) with context path '/'
2026-03-26 03:15:21 INFO  [] c.s.s.scheduler.DealScheduler - Starting 30-min price sync job
2026-03-26 03:15:21 INFO  [] c.s.snatchmart.SnatchMartApplication - Started SnatchMartApplication in 6.358 seconds (process running for 571.592)
2026-03-26 03:15:21 INFO  [] o.s.b.d.a.ConditionEvaluationDeltaLoggingListener - Condition evaluation unchanged
2026-03-26 03:15:23 INFO  [] c.s.s.i.AmazonAffiliateClient - [Amazon Scraper] Scraped 0 deals from https://www.amazon.in/deals
2026-03-26 03:15:26 INFO  [] c.s.s.i.AmazonAffiliateClient - [Amazon Scraper] Scraped 50 deals from https://www.amazon.in/gp/bestsellers/electronics
2026-03-26 03:15:26 INFO  [] c.s.s.i.AmazonAffiliateClient - [Amazon Scraper] Total deals scraped: 50
2026-03-26 03:15:34 INFO  [] o.s.b.d.a.LocalDevToolsAutoConfiguration$RestartingClassPathChangeChangedEventListener - Restarting due to 1 class path change (0 additions, 0 deletions, 1 modification)
2026-03-26 03:15:34 INFO  [] o.s.b.w.e.tomcat.GracefulShutdown - Commencing graceful shutdown. Waiting for active requests to complete
2026-03-26 03:15:34 INFO  [] o.a.coyote.http11.Http11NioProtocol - Pausing ProtocolHandler ["http-nio-8081"]
2026-03-26 03:15:34 INFO  [] o.s.b.w.e.tomcat.GracefulShutdown - Graceful shutdown complete
2026-03-26 03:15:34 INFO  [] o.a.coyote.http11.Http11NioProtocol - Stopping ProtocolHandler ["http-nio-8081"]
2026-03-26 03:16:04 INFO  [] o.s.c.s.DefaultLifecycleProcessor - Shutdown phase 1073741823 ends with 1 bean still running after timeout of 30000ms: [taskScheduler]
2026-03-26 03:16:04 INFO  [] o.s.o.j.LocalContainerEntityManagerFactoryBean - Closing JPA EntityManagerFactory for persistence unit 'default'
2026-03-26 03:16:04 INFO  [] com.zaxxer.hikari.HikariDataSource - HikariPool-4 - Shutdown initiated...
2026-03-26 03:16:04 WARN  [] c.zaxxer.hikari.pool.ProxyConnection - HikariPool-4 - Connection org.postgresql.jdbc.PgConnection@304ed4e7 marked as broken because of SQLSTATE(08006), ErrorCode(0)
org.postgresql.util.PSQLException: An I/O error occurred while sending to the backend.
	at org.postgresql.core.v3.QueryExecutorImpl.execute(QueryExecutorImpl.java:399)
	at org.postgresql.jdbc.PgStatement.executeInternal(PgStatement.java:518)
	at org.postgresql.jdbc.PgStatement.execute(PgStatement.java:435)
	at org.postgresql.jdbc.PgPreparedStatement.executeWithFlags(PgPreparedStatement.java:196)
	at org.postgresql.jdbc.PgPreparedStatement.executeQuery(PgPreparedStatement.java:139)
	at com.zaxxer.hikari.pool.ProxyPreparedStatement.executeQuery(ProxyPreparedStatement.java:52)
	at com.zaxxer.hikari.pool.HikariProxyPreparedStatement.executeQuery(HikariProxyPreparedStatement.java)
	at org.hibernate.sql.results.jdbc.internal.DeferredResultSetAccess.executeQuery(DeferredResultSetAccess.java:251)
	at org.hibernate.sql.results.jdbc.internal.DeferredResultSetAccess.getResultSet(DeferredResultSetAccess.java:172)
	at org.hibernate.sql.results.jdbc.internal.JdbcValuesResultSetImpl.<init>(JdbcValuesResultSetImpl.java:74)
	at org.hibernate.sql.exec.internal.JdbcSelectExecutorStandardImpl.resolveJdbcValuesSource(JdbcSelectExecutorStandardImpl.java:355)
	at org.hibernate.sql.exec.internal.JdbcSelectExecutorStandardImpl.doExecuteQuery(JdbcSelectExecutorStandardImpl.java:137)
	at org.hibernate.sql.exec.internal.JdbcSelectExecutorStandardImpl.executeQuery(JdbcSelectExecutorStandardImpl.java:102)
	at org.hibernate.sql.exec.spi.JdbcSelectExecutor.executeQuery(JdbcSelectExecutor.java:91)
	at org.hibernate.sql.exec.spi.JdbcSelectExecutor.list(JdbcSelectExecutor.java:165)
	at org.hibernate.query.sqm.internal.ConcreteSqmSelectQueryPlan.lambda$new$1(ConcreteSqmSelectQueryPlan.java:149)
	at org.hibernate.query.sqm.internal.ConcreteSqmSelectQueryPlan.withCacheableSqmInterpretation(ConcreteSqmSelectQueryPlan.java:439)
	at org.hibernate.query.sqm.internal.ConcreteSqmSelectQueryPlan.performList(ConcreteSqmSelectQueryPlan.java:359)
	at org.hibernate.query.sqm.internal.QuerySqmImpl.doList(QuerySqmImpl.java:380)
	at org.hibernate.query.spi.AbstractSelectionQuery.list(AbstractSelectionQuery.java:143)
	at org.hibernate.query.spi.AbstractSelectionQuery.getSingleResult(AbstractSelectionQuery.java:275)
	at org.springframework.data.jpa.repository.query.JpaQueryExecution$SingleEntityExecution.doExecute(JpaQueryExecution.java:226)
	at org.springframework.data.jpa.repository.query.JpaQueryExecution.execute(JpaQueryExecution.java:95)
	at org.springframework.data.jpa.repository.query.AbstractJpaQuery.doExecute(AbstractJpaQuery.java:160)
	at org.springframework.data.jpa.repository.query.AbstractJpaQuery.execute(AbstractJpaQuery.java:148)
	at org.springframework.data.repository.core.support.RepositoryMethodInvoker.doInvoke(RepositoryMethodInvoker.java:170)
	at org.springframework.data.repository.core.support.RepositoryMethodInvoker.invoke(RepositoryMethodInvoker.java:158)
	at org.springframework.data.repository.core.support.QueryExecutorMethodInterceptor.doInvoke(QueryExecutorMethodInterceptor.java:170)
	at org.springframework.data.repository.core.support.QueryExecutorMethodInterceptor.invoke(QueryExecutorMethodInterceptor.java:149)
	at org.springframework.aop.framework.ReflectiveMethodInvocation.proceed(ReflectiveMethodInvocation.java:184)
	at org.springframework.data.projection.DefaultMethodInvokingMethodInterceptor.invoke(DefaultMethodInvokingMethodInterceptor.java:69)
	at org.springframework.aop.framework.ReflectiveMethodInvocation.proceed(ReflectiveMethodInvocation.java:184)
	at org.springframework.transaction.interceptor.TransactionAspectSupport.invokeWithinTransaction(TransactionAspectSupport.java:380)
	at org.springframework.transaction.interceptor.TransactionInterceptor.invoke(TransactionInterceptor.java:119)
	at org.springframework.aop.framework.ReflectiveMethodInvocation.proceed(ReflectiveMethodInvocation.java:184)
	at org.springframework.dao.support.PersistenceExceptionTranslationInterceptor.invoke(PersistenceExceptionTranslationInterceptor.java:138)
	at org.springframework.aop.framework.ReflectiveMethodInvocation.proceed(ReflectiveMethodInvocation.java:184)
	at org.springframework.data.jpa.repository.support.CrudMethodMetadataPostProcessor$CrudMethodMetadataPopulatingMethodInterceptor.invoke(CrudMethodMetadataPostProcessor.java:136)
	at org.springframework.aop.framework.ReflectiveMethodInvocation.proceed(ReflectiveMethodInvocation.java:184)
	at org.springframework.aop.framework.JdkDynamicAopProxy.invoke(JdkDynamicAopProxy.java:223)
	at jdk.proxy10/jdk.proxy10.$Proxy245.findByProductUniqueId(Unknown Source)
	at com.snatchmart.snatchmart.service.serviceImpl.AffiliateSyncServiceImpl.syncDeals(AffiliateSyncServiceImpl.java:54)
	at java.base/jdk.internal.reflect.DirectMethodHandleAccessor.invoke(DirectMethodHandleAccessor.java:103)
	at java.base/java.lang.reflect.Method.invoke(Method.java:580)
	at org.springframework.aop.support.AopUtils.invokeJoinpointUsingReflection(AopUtils.java:360)
	at org.springframework.aop.framework.ReflectiveMethodInvocation.invokeJoinpoint(ReflectiveMethodInvocation.java:196)
	at org.springframework.aop.framework.ReflectiveMethodInvocation.proceed(ReflectiveMethodInvocation.java:163)
	at org.springframework.transaction.interceptor.TransactionAspectSupport.invokeWithinTransaction(TransactionAspectSupport.java:380)
	at org.springframework.transaction.interceptor.TransactionInterceptor.invoke(TransactionInterceptor.java:119)
	at org.springframework.aop.framework.ReflectiveMethodInvocation.proceed(ReflectiveMethodInvocation.java:184)
	at org.springframework.aop.framework.CglibAopProxy$DynamicAdvisedInterceptor.intercept(CglibAopProxy.java:728)
	at com.snatchmart.snatchmart.service.serviceImpl.AffiliateSyncServiceImpl$$SpringCGLIB$$0.syncDeals(<generated>)
	at com.snatchmart.snatchmart.scheduler.DealScheduler.syncPrices(DealScheduler.java:22)
	at java.base/jdk.internal.reflect.DirectMethodHandleAccessor.invoke(DirectMethodHandleAccessor.java:103)
	at java.base/java.lang.reflect.Method.invoke(Method.java:580)
	at org.springframework.scheduling.support.ScheduledMethodRunnable.runInternal(ScheduledMethodRunnable.java:130)
	at org.springframework.scheduling.support.ScheduledMethodRunnable.lambda$run$2(ScheduledMethodRunnable.java:124)
	at io.micrometer.observation.Observation.observe(Observation.java:498)
	at org.springframework.scheduling.support.ScheduledMethodRunnable.run(ScheduledMethodRunnable.java:124)
	at org.springframework.scheduling.config.Task$OutcomeTrackingRunnable.run(Task.java:85)
	at org.springframework.scheduling.support.DelegatingErrorHandlingRunnable.run(DelegatingErrorHandlingRunnable.java:54)
	at java.base/java.util.concurrent.Executors$RunnableAdapter.call(Executors.java:572)
	at java.base/java.util.concurrent.FutureTask.runAndReset(FutureTask.java:358)
	at java.base/java.util.concurrent.ScheduledThreadPoolExecutor$ScheduledFutureTask.run(ScheduledThreadPoolExecutor.java:305)
	at java.base/java.util.concurrent.ThreadPoolExecutor.runWorker(ThreadPoolExecutor.java:1144)
	at java.base/java.util.concurrent.ThreadPoolExecutor$Worker.run(ThreadPoolExecutor.java:642)
	at java.base/java.lang.Thread.run(Thread.java:1583)
Caused by: java.net.SocketException: Socket closed
	at java.base/sun.nio.ch.NioSocketImpl.endRead(NioSocketImpl.java:243)
	at java.base/sun.nio.ch.NioSocketImpl.implRead(NioSocketImpl.java:323)
	at java.base/sun.nio.ch.NioSocketImpl.read(NioSocketImpl.java:346)
	at java.base/sun.nio.ch.NioSocketImpl$1.read(NioSocketImpl.java:796)
	at java.base/java.net.Socket$SocketInputStream.read(Socket.java:1099)
	at java.base/sun.security.ssl.SSLSocketInputRecord.read(SSLSocketInputRecord.java:489)
	at java.base/sun.security.ssl.SSLSocketInputRecord.readHeader(SSLSocketInputRecord.java:483)
	at java.base/sun.security.ssl.SSLSocketInputRecord.bytesInCompletePacket(SSLSocketInputRecord.java:70)
	at java.base/sun.security.ssl.SSLSocketImpl.readApplicationRecord(SSLSocketImpl.java:1461)
	at java.base/sun.security.ssl.SSLSocketImpl$AppInputStream.read(SSLSocketImpl.java:1066)
	at org.postgresql.core.VisibleBufferedInputStream.readMore(VisibleBufferedInputStream.java:192)
	at org.postgresql.core.VisibleBufferedInputStream.ensureBytes(VisibleBufferedInputStream.java:159)
	at org.postgresql.core.VisibleBufferedInputStream.ensureBytes(VisibleBufferedInputStream.java:144)
	at org.postgresql.core.VisibleBufferedInputStream.read(VisibleBufferedInputStream.java:76)
	at org.postgresql.core.PGStream.receiveChar(PGStream.java:477)
	at org.postgresql.core.v3.QueryExecutorImpl.processResults(QueryExecutorImpl.java:2175)
	at org.postgresql.core.v3.QueryExecutorImpl.execute(QueryExecutorImpl.java:372)
	... 66 common frames omitted
2026-03-26 03:16:04 WARN  [] o.h.e.jdbc.spi.SqlExceptionHelper - SQL Error: 0, SQLState: 08006
2026-03-26 03:16:04 ERROR [] o.h.e.jdbc.spi.SqlExceptionHelper - An I/O error occurred while sending to the backend.
2026-03-26 03:16:04 ERROR [] o.s.t.i.TransactionInterceptor - Application exception overridden by rollback exception
org.springframework.dao.DataAccessResourceFailureException: JDBC exception executing SQL [select p1_0.id,p1_0.affiliate_url,p1_0.category_id,p1_0.created_at,p1_0.deals_expires_at,p1_0.description,p1_0.image_url,p1_0.is_active,p1_0.merchant_id,p1_0.original_price,p1_0.product_name,p1_0.product_unique_id,p1_0.review_count,p1_0.review_score,p1_0.sale_price,p1_0.updated_at from products p1_0 where p1_0.product_unique_id=?] [An I/O error occurred while sending to the backend.] [n/a]
	at org.springframework.orm.jpa.vendor.HibernateJpaDialect.convertHibernateAccessException(HibernateJpaDialect.java:278)
	at org.springframework.orm.jpa.vendor.HibernateJpaDialect.convertHibernateAccessException(HibernateJpaDialect.java:256)
	at org.springframework.orm.jpa.vendor.HibernateJpaDialect.translateExceptionIfPossible(HibernateJpaDialect.java:241)
	at org.springframework.orm.jpa.AbstractEntityManagerFactoryBean.translateExceptionIfPossible(AbstractEntityManagerFactoryBean.java:560)
	at org.springframework.dao.support.ChainedPersistenceExceptionTranslator.translateExceptionIfPossible(ChainedPersistenceExceptionTranslator.java:61)
	at org.springframework.dao.support.DataAccessUtils.translateIfNecessary(DataAccessUtils.java:343)
	at org.springframework.dao.support.PersistenceExceptionTranslationInterceptor.invoke(PersistenceExceptionTranslationInterceptor.java:160)
	at org.springframework.aop.framework.ReflectiveMethodInvocation.proceed(ReflectiveMethodInvocation.java:184)
	at org.springframework.data.jpa.repository.support.CrudMethodMetadataPostProcessor$CrudMethodMetadataPopulatingMethodInterceptor.invoke(CrudMethodMetadataPostProcessor.java:136)
	at org.springframework.aop.framework.ReflectiveMethodInvocation.proceed(ReflectiveMethodInvocation.java:184)
	at org.springframework.aop.framework.JdkDynamicAopProxy.invoke(JdkDynamicAopProxy.java:223)
	at jdk.proxy10/jdk.proxy10.$Proxy245.findByProductUniqueId(Unknown Source)
	at com.snatchmart.snatchmart.service.serviceImpl.AffiliateSyncServiceImpl.syncDeals(AffiliateSyncServiceImpl.java:54)
	at java.base/jdk.internal.reflect.DirectMethodHandleAccessor.invoke(DirectMethodHandleAccessor.java:103)
	at java.base/java.lang.reflect.Method.invoke(Method.java:580)
	at org.springframework.aop.support.AopUtils.invokeJoinpointUsingReflection(AopUtils.java:360)
	at org.springframework.aop.framework.ReflectiveMethodInvocation.invokeJoinpoint(ReflectiveMethodInvocation.java:196)
	at org.springframework.aop.framework.ReflectiveMethodInvocation.proceed(ReflectiveMethodInvocation.java:163)
	at org.springframework.transaction.interceptor.TransactionAspectSupport.invokeWithinTransaction(TransactionAspectSupport.java:380)
	at org.springframework.transaction.interceptor.TransactionInterceptor.invoke(TransactionInterceptor.java:119)
	at org.springframework.aop.framework.ReflectiveMethodInvocation.proceed(ReflectiveMethodInvocation.java:184)
	at org.springframework.aop.framework.CglibAopProxy$DynamicAdvisedInterceptor.intercept(CglibAopProxy.java:728)
	at com.snatchmart.snatchmart.service.serviceImpl.AffiliateSyncServiceImpl$$SpringCGLIB$$0.syncDeals(<generated>)
	at com.snatchmart.snatchmart.scheduler.DealScheduler.syncPrices(DealScheduler.java:22)
	at java.base/jdk.internal.reflect.DirectMethodHandleAccessor.invoke(DirectMethodHandleAccessor.java:103)
	at java.base/java.lang.reflect.Method.invoke(Method.java:580)
	at org.springframework.scheduling.support.ScheduledMethodRunnable.runInternal(ScheduledMethodRunnable.java:130)
	at org.springframework.scheduling.support.ScheduledMethodRunnable.lambda$run$2(ScheduledMethodRunnable.java:124)
	at io.micrometer.observation.Observation.observe(Observation.java:498)
	at org.springframework.scheduling.support.ScheduledMethodRunnable.run(ScheduledMethodRunnable.java:124)
	at org.springframework.scheduling.config.Task$OutcomeTrackingRunnable.run(Task.java:85)
	at org.springframework.scheduling.support.DelegatingErrorHandlingRunnable.run(DelegatingErrorHandlingRunnable.java:54)
	at java.base/java.util.concurrent.Executors$RunnableAdapter.call(Executors.java:572)
	at java.base/java.util.concurrent.FutureTask.runAndReset(FutureTask.java:358)
	at java.base/java.util.concurrent.ScheduledThreadPoolExecutor$ScheduledFutureTask.run(ScheduledThreadPoolExecutor.java:305)
	at java.base/java.util.concurrent.ThreadPoolExecutor.runWorker(ThreadPoolExecutor.java:1144)
	at java.base/java.util.concurrent.ThreadPoolExecutor$Worker.run(ThreadPoolExecutor.java:642)
	at java.base/java.lang.Thread.run(Thread.java:1583)
Caused by: org.hibernate.exception.JDBCConnectionException: JDBC exception executing SQL [select p1_0.id,p1_0.affiliate_url,p1_0.category_id,p1_0.created_at,p1_0.deals_expires_at,p1_0.description,p1_0.image_url,p1_0.is_active,p1_0.merchant_id,p1_0.original_price,p1_0.product_name,p1_0.product_unique_id,p1_0.review_count,p1_0.review_score,p1_0.sale_price,p1_0.updated_at from products p1_0 where p1_0.product_unique_id=?] [An I/O error occurred while sending to the backend.] [n/a]
	at org.hibernate.exception.internal.SQLStateConversionDelegate.convert(SQLStateConversionDelegate.java:100)
	at org.hibernate.exception.internal.StandardSQLExceptionConverter.convert(StandardSQLExceptionConverter.java:58)
	at org.hibernate.engine.jdbc.spi.SqlExceptionHelper.convert(SqlExceptionHelper.java:108)
	at org.hibernate.engine.jdbc.spi.SqlExceptionHelper.convert(SqlExceptionHelper.java:94)
	at org.hibernate.sql.results.jdbc.internal.DeferredResultSetAccess.executeQuery(DeferredResultSetAccess.java:269)
	at org.hibernate.sql.results.jdbc.internal.DeferredResultSetAccess.getResultSet(DeferredResultSetAccess.java:172)
	at org.hibernate.sql.results.jdbc.internal.JdbcValuesResultSetImpl.<init>(JdbcValuesResultSetImpl.java:74)
	at org.hibernate.sql.exec.internal.JdbcSelectExecutorStandardImpl.resolveJdbcValuesSource(JdbcSelectExecutorStandardImpl.java:355)
	at org.hibernate.sql.exec.internal.JdbcSelectExecutorStandardImpl.doExecuteQuery(JdbcSelectExecutorStandardImpl.java:137)
	at org.hibernate.sql.exec.internal.JdbcSelectExecutorStandardImpl.executeQuery(JdbcSelectExecutorStandardImpl.java:102)
	at org.hibernate.sql.exec.spi.JdbcSelectExecutor.executeQuery(JdbcSelectExecutor.java:91)
	at org.hibernate.sql.exec.spi.JdbcSelectExecutor.list(JdbcSelectExecutor.java:165)
	at org.hibernate.query.sqm.internal.ConcreteSqmSelectQueryPlan.lambda$new$1(ConcreteSqmSelectQueryPlan.java:149)
	at org.hibernate.query.sqm.internal.ConcreteSqmSelectQueryPlan.withCacheableSqmInterpretation(ConcreteSqmSelectQueryPlan.java:439)
	at org.hibernate.query.sqm.internal.ConcreteSqmSelectQueryPlan.performList(ConcreteSqmSelectQueryPlan.java:359)
	at org.hibernate.query.sqm.internal.QuerySqmImpl.doList(QuerySqmImpl.java:380)
	at org.hibernate.query.spi.AbstractSelectionQuery.list(AbstractSelectionQuery.java:143)
	at org.hibernate.query.spi.AbstractSelectionQuery.getSingleResult(AbstractSelectionQuery.java:275)
	at org.springframework.data.jpa.repository.query.JpaQueryExecution$SingleEntityExecution.doExecute(JpaQueryExecution.java:226)
	at org.springframework.data.jpa.repository.query.JpaQueryExecution.execute(JpaQueryExecution.java:95)
	at org.springframework.data.jpa.repository.query.AbstractJpaQuery.doExecute(AbstractJpaQuery.java:160)
	at org.springframework.data.jpa.repository.query.AbstractJpaQuery.execute(AbstractJpaQuery.java:148)
	at org.springframework.data.repository.core.support.RepositoryMethodInvoker.doInvoke(RepositoryMethodInvoker.java:170)
	at org.springframework.data.repository.core.support.RepositoryMethodInvoker.invoke(RepositoryMethodInvoker.java:158)
	at org.springframework.data.repository.core.support.QueryExecutorMethodInterceptor.doInvoke(QueryExecutorMethodInterceptor.java:170)
	at org.springframework.data.repository.core.support.QueryExecutorMethodInterceptor.invoke(QueryExecutorMethodInterceptor.java:149)
	at org.springframework.aop.framework.ReflectiveMethodInvocation.proceed(ReflectiveMethodInvocation.java:184)
	at org.springframework.data.projection.DefaultMethodInvokingMethodInterceptor.invoke(DefaultMethodInvokingMethodInterceptor.java:69)
	at org.springframework.aop.framework.ReflectiveMethodInvocation.proceed(ReflectiveMethodInvocation.java:184)
	at org.springframework.transaction.interceptor.TransactionAspectSupport.invokeWithinTransaction(TransactionAspectSupport.java:380)
	at org.springframework.transaction.interceptor.TransactionInterceptor.invoke(TransactionInterceptor.java:119)
	at org.springframework.aop.framework.ReflectiveMethodInvocation.proceed(ReflectiveMethodInvocation.java:184)
	at org.springframework.dao.support.PersistenceExceptionTranslationInterceptor.invoke(PersistenceExceptionTranslationInterceptor.java:138)
	... 31 common frames omitted
Caused by: org.postgresql.util.PSQLException: An I/O error occurred while sending to the backend.
	at org.postgresql.core.v3.QueryExecutorImpl.execute(QueryExecutorImpl.java:399)
	at org.postgresql.jdbc.PgStatement.executeInternal(PgStatement.java:518)
	at org.postgresql.jdbc.PgStatement.execute(PgStatement.java:435)
	at org.postgresql.jdbc.PgPreparedStatement.executeWithFlags(PgPreparedStatement.java:196)
	at org.postgresql.jdbc.PgPreparedStatement.executeQuery(PgPreparedStatement.java:139)
	at com.zaxxer.hikari.pool.ProxyPreparedStatement.executeQuery(ProxyPreparedStatement.java:52)
	at com.zaxxer.hikari.pool.HikariProxyPreparedStatement.executeQuery(HikariProxyPreparedStatement.java)
	at org.hibernate.sql.results.jdbc.internal.DeferredResultSetAccess.executeQuery(DeferredResultSetAccess.java:251)
	... 59 common frames omitted
Caused by: java.net.SocketException: Socket closed
	at java.base/sun.nio.ch.NioSocketImpl.endRead(NioSocketImpl.java:243)
	at java.base/sun.nio.ch.NioSocketImpl.implRead(NioSocketImpl.java:323)
	at java.base/sun.nio.ch.NioSocketImpl.read(NioSocketImpl.java:346)
	at java.base/sun.nio.ch.NioSocketImpl$1.read(NioSocketImpl.java:796)
	at java.base/java.net.Socket$SocketInputStream.read(Socket.java:1099)
	at java.base/sun.security.ssl.SSLSocketInputRecord.read(SSLSocketInputRecord.java:489)
	at java.base/sun.security.ssl.SSLSocketInputRecord.readHeader(SSLSocketInputRecord.java:483)
	at java.base/sun.security.ssl.SSLSocketInputRecord.bytesInCompletePacket(SSLSocketInputRecord.java:70)
	at java.base/sun.security.ssl.SSLSocketImpl.readApplicationRecord(SSLSocketImpl.java:1461)
	at java.base/sun.security.ssl.SSLSocketImpl$AppInputStream.read(SSLSocketImpl.java:1066)
	at org.postgresql.core.VisibleBufferedInputStream.readMore(VisibleBufferedInputStream.java:192)
	at org.postgresql.core.VisibleBufferedInputStream.ensureBytes(VisibleBufferedInputStream.java:159)
	at org.postgresql.core.VisibleBufferedInputStream.ensureBytes(VisibleBufferedInputStream.java:144)
	at org.postgresql.core.VisibleBufferedInputStream.read(VisibleBufferedInputStream.java:76)
	at org.postgresql.core.PGStream.receiveChar(PGStream.java:477)
	at org.postgresql.core.v3.QueryExecutorImpl.processResults(QueryExecutorImpl.java:2175)
	at org.postgresql.core.v3.QueryExecutorImpl.execute(QueryExecutorImpl.java:372)
	... 66 common frames omitted
2026-03-26 03:16:04 ERROR [] o.s.s.s.TaskUtils$LoggingErrorHandler - Unexpected error occurred in scheduled task
org.springframework.orm.jpa.JpaSystemException: Unable to rollback against JDBC Connection
	at org.springframework.orm.jpa.vendor.HibernateJpaDialect.convertHibernateAccessException(HibernateJpaDialect.java:348)
	at org.springframework.orm.jpa.vendor.HibernateJpaDialect.convertHibernateAccessException(HibernateJpaDialect.java:256)
	at org.springframework.orm.jpa.vendor.HibernateJpaDialect.translateExceptionIfPossible(HibernateJpaDialect.java:241)
	at org.springframework.orm.jpa.JpaTransactionManager.doRollback(JpaTransactionManager.java:594)
	at org.springframework.transaction.support.AbstractPlatformTransactionManager.processRollback(AbstractPlatformTransactionManager.java:897)
	at org.springframework.transaction.support.AbstractPlatformTransactionManager.rollback(AbstractPlatformTransactionManager.java:866)
	at org.springframework.transaction.interceptor.TransactionAspectSupport.completeTransactionAfterThrowing(TransactionAspectSupport.java:716)
	at org.springframework.transaction.interceptor.TransactionAspectSupport.invokeWithinTransaction(TransactionAspectSupport.java:384)
	at org.springframework.transaction.interceptor.TransactionInterceptor.invoke(TransactionInterceptor.java:119)
	at org.springframework.aop.framework.ReflectiveMethodInvocation.proceed(ReflectiveMethodInvocation.java:184)
	at org.springframework.aop.framework.CglibAopProxy$DynamicAdvisedInterceptor.intercept(CglibAopProxy.java:728)
	at com.snatchmart.snatchmart.service.serviceImpl.AffiliateSyncServiceImpl$$SpringCGLIB$$0.syncDeals(<generated>)
	at com.snatchmart.snatchmart.scheduler.DealScheduler.syncPrices(DealScheduler.java:22)
	at java.base/jdk.internal.reflect.DirectMethodHandleAccessor.invoke(DirectMethodHandleAccessor.java:103)
	at java.base/java.lang.reflect.Method.invoke(Method.java:580)
	at org.springframework.scheduling.support.ScheduledMethodRunnable.runInternal(ScheduledMethodRunnable.java:130)
	at org.springframework.scheduling.support.ScheduledMethodRunnable.lambda$run$2(ScheduledMethodRunnable.java:124)
	at io.micrometer.observation.Observation.observe(Observation.java:498)
	at org.springframework.scheduling.support.ScheduledMethodRunnable.run(ScheduledMethodRunnable.java:124)
	at org.springframework.scheduling.config.Task$OutcomeTrackingRunnable.run(Task.java:85)
	at org.springframework.scheduling.support.DelegatingErrorHandlingRunnable.run(DelegatingErrorHandlingRunnable.java:54)
	at java.base/java.util.concurrent.Executors$RunnableAdapter.call(Executors.java:572)
	at java.base/java.util.concurrent.FutureTask.runAndReset(FutureTask.java:358)
	at java.base/java.util.concurrent.ScheduledThreadPoolExecutor$ScheduledFutureTask.run(ScheduledThreadPoolExecutor.java:305)
	at java.base/java.util.concurrent.ThreadPoolExecutor.runWorker(ThreadPoolExecutor.java:1144)
	at java.base/java.util.concurrent.ThreadPoolExecutor$Worker.run(ThreadPoolExecutor.java:642)
	at java.base/java.lang.Thread.run(Thread.java:1583)
Caused by: org.hibernate.TransactionException: Unable to rollback against JDBC Connection
	at org.hibernate.resource.jdbc.internal.AbstractLogicalConnectionImplementor.rollback(AbstractLogicalConnectionImplementor.java:137)
	at org.hibernate.resource.transaction.backend.jdbc.internal.JdbcResourceLocalTransactionCoordinatorImpl$TransactionDriverControlImpl.rollback(JdbcResourceLocalTransactionCoordinatorImpl.java:289)
	at org.hibernate.engine.transaction.internal.TransactionImpl.rollback(TransactionImpl.java:142)
	at org.springframework.orm.jpa.JpaTransactionManager.doRollback(JpaTransactionManager.java:590)
	... 23 common frames omitted
Caused by: java.sql.SQLException: Connection is closed
	at com.zaxxer.hikari.pool.ProxyConnection$ClosedConnection.lambda$getClosedConnection$0(ProxyConnection.java:562)
	at jdk.proxy3/jdk.proxy3.$Proxy124.rollback(Unknown Source)
	at com.zaxxer.hikari.pool.ProxyConnection.rollback(ProxyConnection.java:386)
	at com.zaxxer.hikari.pool.HikariProxyConnection.rollback(HikariProxyConnection.java)
	at org.hibernate.resource.jdbc.internal.AbstractLogicalConnectionImplementor.rollback(AbstractLogicalConnectionImplementor.java:127)
	... 26 common frames omitted
2026-03-26 03:16:08 INFO  [] com.zaxxer.hikari.HikariDataSource - HikariPool-4 - Shutdown completed.
2026-03-26 03:16:08 INFO  [] c.s.snatchmart.SnatchMartApplication - Starting SnatchMartApplication using Java 21.0.9 with PID 14936 (/Users/pulkitgiddu/Documents/Code/Backend/snatchMart/target/classes started by pulkitgiddu in /Users/pulkitgiddu/Documents/Code/Backend/snatchMart)
2026-03-26 03:16:08 DEBUG [] c.s.snatchmart.SnatchMartApplication - Running with Spring Boot v3.5.6, Spring v6.2.11
2026-03-26 03:16:08 INFO  [] c.s.snatchmart.SnatchMartApplication - The following 1 profile is active: "dev"
2026-03-26 03:16:08 INFO  [] o.s.d.r.c.RepositoryConfigurationDelegate - Multiple Spring Data modules found, entering strict repository configuration mode
2026-03-26 03:16:08 INFO  [] o.s.d.r.c.RepositoryConfigurationDelegate - Bootstrapping Spring Data JPA repositories in DEFAULT mode.
2026-03-26 03:16:08 INFO  [] o.s.d.r.c.RepositoryConfigurationDelegate - Finished Spring Data repository scanning in 10 ms. Found 12 JPA repository interfaces.
2026-03-26 03:16:08 INFO  [] o.s.d.r.c.RepositoryConfigurationDelegate - Multiple Spring Data modules found, entering strict repository configuration mode
2026-03-26 03:16:08 INFO  [] o.s.d.r.c.RepositoryConfigurationDelegate - Bootstrapping Spring Data Redis repositories in DEFAULT mode.
2026-03-26 03:16:08 INFO  [] o.s.d.r.c.RepositoryConfigurationExtensionSupport - Spring Data Redis - Could not safely identify store assignment for repository candidate interface com.snatchmart.snatchmart.repository.AffiliateClickRepository; If you want this repository to be a Redis repository, consider annotating your entities with one of these annotations: org.springframework.data.redis.core.RedisHash (preferred), or consider extending one of the following types with your repository: org.springframework.data.keyvalue.repository.KeyValueRepository
2026-03-26 03:16:08 INFO  [] o.s.d.r.c.RepositoryConfigurationExtensionSupport - Spring Data Redis - Could not safely identify store assignment for repository candidate interface com.snatchmart.snatchmart.repository.CategoryRepository; If you want this repository to be a Redis repository, consider annotating your entities with one of these annotations: org.springframework.data.redis.core.RedisHash (preferred), or consider extending one of the following types with your repository: org.springframework.data.keyvalue.repository.KeyValueRepository
2026-03-26 03:16:08 INFO  [] o.s.d.r.c.RepositoryConfigurationExtensionSupport - Spring Data Redis - Could not safely identify store assignment for repository candidate interface com.snatchmart.snatchmart.repository.CouponRepository; If you want this repository to be a Redis repository, consider annotating your entities with one of these annotations: org.springframework.data.redis.core.RedisHash (preferred), or consider extending one of the following types with your repository: org.springframework.data.keyvalue.repository.KeyValueRepository
2026-03-26 03:16:08 INFO  [] o.s.d.r.c.RepositoryConfigurationExtensionSupport - Spring Data Redis - Could not safely identify store assignment for repository candidate interface com.snatchmart.snatchmart.repository.MerchantRepository; If you want this repository to be a Redis repository, consider annotating your entities with one of these annotations: org.springframework.data.redis.core.RedisHash (preferred), or consider extending one of the following types with your repository: org.springframework.data.keyvalue.repository.KeyValueRepository
2026-03-26 03:16:08 INFO  [] o.s.d.r.c.RepositoryConfigurationExtensionSupport - Spring Data Redis - Could not safely identify store assignment for repository candidate interface com.snatchmart.snatchmart.repository.NotificationRepository; If you want this repository to be a Redis repository, consider annotating your entities with one of these annotations: org.springframework.data.redis.core.RedisHash (preferred), or consider extending one of the following types with your repository: org.springframework.data.keyvalue.repository.KeyValueRepository
2026-03-26 03:16:08 INFO  [] o.s.d.r.c.RepositoryConfigurationExtensionSupport - Spring Data Redis - Could not safely identify store assignment for repository candidate interface com.snatchmart.snatchmart.repository.ProductPriceHistoryRepository; If you want this repository to be a Redis repository, consider annotating your entities with one of these annotations: org.springframework.data.redis.core.RedisHash (preferred), or consider extending one of the following types with your repository: org.springframework.data.keyvalue.repository.KeyValueRepository
2026-03-26 03:16:08 INFO  [] o.s.d.r.c.RepositoryConfigurationExtensionSupport - Spring Data Redis - Could not safely identify store assignment for repository candidate interface com.snatchmart.snatchmart.repository.ProductRepository; If you want this repository to be a Redis repository, consider annotating your entities with one of these annotations: org.springframework.data.redis.core.RedisHash (preferred), or consider extending one of the following types with your repository: org.springframework.data.keyvalue.repository.KeyValueRepository
2026-03-26 03:16:08 INFO  [] o.s.d.r.c.RepositoryConfigurationExtensionSupport - Spring Data Redis - Could not safely identify store assignment for repository candidate interface com.snatchmart.snatchmart.repository.ProductSalesEventRepository; If you want this repository to be a Redis repository, consider annotating your entities with one of these annotations: org.springframework.data.redis.core.RedisHash (preferred), or consider extending one of the following types with your repository: org.springframework.data.keyvalue.repository.KeyValueRepository
2026-03-26 03:16:08 INFO  [] o.s.d.r.c.RepositoryConfigurationExtensionSupport - Spring Data Redis - Could not safely identify store assignment for repository candidate interface com.snatchmart.snatchmart.repository.SalesEventRepository; If you want this repository to be a Redis repository, consider annotating your entities with one of these annotations: org.springframework.data.redis.core.RedisHash (preferred), or consider extending one of the following types with your repository: org.springframework.data.keyvalue.repository.KeyValueRepository
2026-03-26 03:16:08 INFO  [] o.s.d.r.c.RepositoryConfigurationExtensionSupport - Spring Data Redis - Could not safely identify store assignment for repository candidate interface com.snatchmart.snatchmart.repository.UserBudgetRepository; If you want this repository to be a Redis repository, consider annotating your entities with one of these annotations: org.springframework.data.redis.core.RedisHash (preferred), or consider extending one of the following types with your repository: org.springframework.data.keyvalue.repository.KeyValueRepository
2026-03-26 03:16:08 INFO  [] o.s.d.r.c.RepositoryConfigurationExtensionSupport - Spring Data Redis - Could not safely identify store assignment for repository candidate interface com.snatchmart.snatchmart.repository.UserRepository; If you want this repository to be a Redis repository, consider annotating your entities with one of these annotations: org.springframework.data.redis.core.RedisHash (preferred), or consider extending one of the following types with your repository: org.springframework.data.keyvalue.repository.KeyValueRepository
2026-03-26 03:16:08 INFO  [] o.s.d.r.c.RepositoryConfigurationExtensionSupport - Spring Data Redis - Could not safely identify store assignment for repository candidate interface com.snatchmart.snatchmart.repository.UserWishlistRepository; If you want this repository to be a Redis repository, consider annotating your entities with one of these annotations: org.springframework.data.redis.core.RedisHash (preferred), or consider extending one of the following types with your repository: org.springframework.data.keyvalue.repository.KeyValueRepository
2026-03-26 03:16:08 INFO  [] o.s.d.r.c.RepositoryConfigurationDelegate - Finished Spring Data repository scanning in 2 ms. Found 0 Redis repository interfaces.
2026-03-26 03:16:08 INFO  [] o.s.b.w.e.tomcat.TomcatWebServer - Tomcat initialized with port 8081 (http)
2026-03-26 03:16:08 INFO  [] o.a.coyote.http11.Http11NioProtocol - Initializing ProtocolHandler ["http-nio-8081"]
2026-03-26 03:16:08 INFO  [] o.a.catalina.core.StandardService - Starting service [Tomcat]
2026-03-26 03:16:08 INFO  [] o.a.catalina.core.StandardEngine - Starting Servlet engine: [Apache Tomcat/10.1.46]
2026-03-26 03:16:08 INFO  [] o.a.c.c.C.[Tomcat].[localhost].[/] - Initializing Spring embedded WebApplicationContext
2026-03-26 03:16:08 INFO  [] o.s.b.w.s.c.ServletWebServerApplicationContext - Root WebApplicationContext: initialization completed in 162 ms
2026-03-26 03:16:08 INFO  [] o.h.jpa.internal.util.LogHelper - HHH000204: Processing PersistenceUnitInfo [name: default]
2026-03-26 03:16:08 INFO  [] o.h.c.i.RegionFactoryInitiator - HHH000026: Second-level cache disabled
2026-03-26 03:16:08 INFO  [] o.s.o.j.p.SpringPersistenceUnitInfo - No LoadTimeWeaver setup: ignoring JPA class transformer
2026-03-26 03:16:08 INFO  [] com.zaxxer.hikari.HikariDataSource - HikariPool-5 - Starting...
2026-03-26 03:16:12 INFO  [] com.zaxxer.hikari.pool.HikariPool - HikariPool-5 - Added connection org.postgresql.jdbc.PgConnection@66378794
2026-03-26 03:16:12 INFO  [] com.zaxxer.hikari.HikariDataSource - HikariPool-5 - Start completed.
2026-03-26 03:16:13 WARN  [] org.hibernate.orm.deprecation - HHH90000025: PostgreSQLDialect does not need to be specified explicitly using 'hibernate.dialect' (remove the property setting and it will be selected by default)
2026-03-26 03:16:14 INFO  [] o.hibernate.orm.connections.pooling - HHH10001005: Database info:
	Database JDBC URL [Connecting through datasource 'HikariDataSource (HikariPool-5)']
	Database driver: undefined/unknown
	Database version: 17.8
	Autocommit mode: undefined/unknown
	Isolation level: undefined/unknown
	Minimum pool size: undefined/unknown
	Maximum pool size: undefined/unknown
2026-03-26 03:16:14 INFO  [] o.h.e.t.j.p.i.JtaPlatformInitiator - HHH000489: No JTA platform available (set 'hibernate.transaction.jta.platform' to enable JTA platform integration)
2026-03-26 03:16:14 INFO  [] o.s.o.j.LocalContainerEntityManagerFactoryBean - Initialized JPA EntityManagerFactory for persistence unit 'default'
2026-03-26 03:16:14 DEBUG [] c.s.s.s.JwtAuthenticationFilter - Filter 'jwtAuthenticationFilter' configured for use
2026-03-26 03:16:14 INFO  [] o.s.s.c.a.a.c.InitializeAuthenticationProviderBeanManagerConfigurer$InitializeAuthenticationProviderManagerConfigurer - Global AuthenticationManager configured with AuthenticationProvider bean with name authenticationProvider
2026-03-26 03:16:14 WARN  [] o.s.s.c.a.a.c.InitializeUserDetailsBeanManagerConfigurer$InitializeUserDetailsManagerConfigurer - Global AuthenticationManager configured with an AuthenticationProvider bean. UserDetailsService beans will not be used by Spring Security for automatically configuring username/password login. Consider removing the AuthenticationProvider bean. Alternatively, consider using the UserDetailsService in a manually instantiated DaoAuthenticationProvider. If the current configuration is intentional, to turn off this warning, increase the logging level of 'org.springframework.security.config.annotation.authentication.configuration.InitializeUserDetailsBeanManagerConfigurer' to ERROR
2026-03-26 03:16:14 WARN  [] o.s.b.a.o.j.JpaBaseConfiguration$JpaWebConfiguration - spring.jpa.open-in-view is enabled by default. Therefore, database queries may be performed during view rendering. Explicitly configure spring.jpa.open-in-view to disable this warning
2026-03-26 03:16:14 INFO  [] o.s.b.a.h.H2ConsoleAutoConfiguration - H2 console available at '/h2-console'. Database available at 'jdbc:postgresql://ep-blue-field-afvby5th-pooler.c-2.us-west-2.aws.neon.tech/neondb?sslmode=require'
2026-03-26 03:16:14 INFO  [] o.s.b.d.a.OptionalLiveReloadServer - LiveReload server is running on port 35729
2026-03-26 03:16:14 INFO  [] o.a.coyote.http11.Http11NioProtocol - Starting ProtocolHandler ["http-nio-8081"]
2026-03-26 03:16:14 INFO  [] o.s.b.w.e.tomcat.TomcatWebServer - Tomcat started on port 8081 (http) with context path '/'
2026-03-26 03:16:14 INFO  [] c.s.s.scheduler.DealScheduler - Starting 30-min price sync job
2026-03-26 03:16:14 INFO  [] c.s.snatchmart.SnatchMartApplication - Started SnatchMartApplication in 6.651 seconds (process running for 625.0)
2026-03-26 03:16:14 INFO  [] o.s.b.d.a.ConditionEvaluationDeltaLoggingListener - Condition evaluation unchanged
2026-03-26 03:16:16 INFO  [] c.s.s.i.AmazonAffiliateClient - [Amazon Scraper] Scraped 0 deals from https://www.amazon.in/deals
2026-03-26 03:16:19 INFO  [] c.s.s.i.AmazonAffiliateClient - [Amazon Scraper] Scraped 50 deals from https://www.amazon.in/gp/bestsellers/electronics
2026-03-26 03:16:19 INFO  [] c.s.s.i.AmazonAffiliateClient - [Amazon Scraper] Total deals scraped: 50
2026-03-26 03:17:11 INFO  [] c.s.s.s.s.AffiliateSyncServiceImpl - Synced 44 deals from amazon (6 skipped — no valid price)
2026-03-26 03:17:11 INFO  [] c.s.s.i.FlipkartAffiliateClient - [Flipkart Scraper] Parsed 0 deals (HTML) from: https://www.flipkart.com/search?q=headphones&sort=popularity
2026-03-26 03:17:14 INFO  [] c.s.s.i.FlipkartAffiliateClient - [Flipkart Scraper] Parsed 0 deals (HTML) from: https://www.flipkart.com/search?q=smartwatch&sort=relevance
2026-03-26 03:17:16 INFO  [] c.s.s.i.FlipkartAffiliateClient - [Flipkart Scraper] Parsed 0 deals (HTML) from: https://www.flipkart.com/search?q=running+shoes&sort=popularity
2026-03-26 03:17:18 INFO  [] c.s.s.i.FlipkartAffiliateClient - [Flipkart Scraper] Parsed 0 deals (HTML) from: https://www.flipkart.com/search?q=power+bank&sort=popularity
2026-03-26 03:17:20 INFO  [] c.s.s.i.FlipkartAffiliateClient - [Flipkart Scraper] Parsed 0 deals (HTML) from: https://www.flipkart.com/search?q=bluetooth+speaker&sort=popularity
2026-03-26 03:17:22 WARN  [] c.s.s.i.FlipkartAffiliateClient - [Flipkart Scraper] No deals scraped — using dummy fallback
2026-03-26 03:17:26 INFO  [] c.s.s.s.s.AffiliateSyncServiceImpl - Synced 5 deals from flipkart (0 skipped — no valid price)
2026-03-26 03:36:42 INFO  [] o.s.b.w.e.tomcat.GracefulShutdown - Commencing graceful shutdown. Waiting for active requests to complete
2026-03-26 03:36:42 INFO  [] o.s.b.w.e.tomcat.GracefulShutdown - Graceful shutdown complete
2026-03-26 03:36:42 INFO  [] o.s.o.j.LocalContainerEntityManagerFactoryBean - Closing JPA EntityManagerFactory for persistence unit 'default'
2026-03-26 03:36:42 INFO  [] com.zaxxer.hikari.HikariDataSource - HikariPool-5 - Shutdown initiated...
2026-03-26 03:36:46 INFO  [] com.zaxxer.hikari.HikariDataSource - HikariPool-5 - Shutdown completed.
2026-03-26 03:36:54 INFO  [] o.h.validator.internal.util.Version - HV000001: Hibernate Validator 8.0.3.Final
2026-03-26 03:36:54 INFO  [] c.s.snatchmart.SnatchMartApplication - Starting SnatchMartApplication using Java 21.0.9 with PID 18693 (/Users/pulkitgiddu/Documents/Code/Backend/snatchMart/target/classes started by pulkitgiddu in /Users/pulkitgiddu/Documents/Code/Backend/snatchMart)
2026-03-26 03:36:54 DEBUG [] c.s.snatchmart.SnatchMartApplication - Running with Spring Boot v3.5.6, Spring v6.2.11
2026-03-26 03:36:54 INFO  [] c.s.snatchmart.SnatchMartApplication - The following 1 profile is active: "dev"
2026-03-26 03:36:54 INFO  [] o.s.b.d.e.DevToolsPropertyDefaultsPostProcessor - Devtools property defaults active! Set 'spring.devtools.add-properties' to 'false' to disable
2026-03-26 03:36:54 INFO  [] o.s.b.d.e.DevToolsPropertyDefaultsPostProcessor - For additional web related logging consider setting the 'logging.level.web' property to 'DEBUG'
2026-03-26 03:36:54 INFO  [] o.s.d.r.c.RepositoryConfigurationDelegate - Multiple Spring Data modules found, entering strict repository configuration mode
2026-03-26 03:36:54 INFO  [] o.s.d.r.c.RepositoryConfigurationDelegate - Bootstrapping Spring Data JPA repositories in DEFAULT mode.
2026-03-26 03:36:54 INFO  [] o.s.d.r.c.RepositoryConfigurationDelegate - Finished Spring Data repository scanning in 58 ms. Found 12 JPA repository interfaces.
2026-03-26 03:36:54 INFO  [] o.s.d.r.c.RepositoryConfigurationDelegate - Multiple Spring Data modules found, entering strict repository configuration mode
2026-03-26 03:36:54 INFO  [] o.s.d.r.c.RepositoryConfigurationDelegate - Bootstrapping Spring Data Redis repositories in DEFAULT mode.
2026-03-26 03:36:54 INFO  [] o.s.d.r.c.RepositoryConfigurationExtensionSupport - Spring Data Redis - Could not safely identify store assignment for repository candidate interface com.snatchmart.snatchmart.repository.AffiliateClickRepository; If you want this repository to be a Redis repository, consider annotating your entities with one of these annotations: org.springframework.data.redis.core.RedisHash (preferred), or consider extending one of the following types with your repository: org.springframework.data.keyvalue.repository.KeyValueRepository
2026-03-26 03:36:54 INFO  [] o.s.d.r.c.RepositoryConfigurationExtensionSupport - Spring Data Redis - Could not safely identify store assignment for repository candidate interface com.snatchmart.snatchmart.repository.CategoryRepository; If you want this repository to be a Redis repository, consider annotating your entities with one of these annotations: org.springframework.data.redis.core.RedisHash (preferred), or consider extending one of the following types with your repository: org.springframework.data.keyvalue.repository.KeyValueRepository
2026-03-26 03:36:54 INFO  [] o.s.d.r.c.RepositoryConfigurationExtensionSupport - Spring Data Redis - Could not safely identify store assignment for repository candidate interface com.snatchmart.snatchmart.repository.CouponRepository; If you want this repository to be a Redis repository, consider annotating your entities with one of these annotations: org.springframework.data.redis.core.RedisHash (preferred), or consider extending one of the following types with your repository: org.springframework.data.keyvalue.repository.KeyValueRepository
2026-03-26 03:36:54 INFO  [] o.s.d.r.c.RepositoryConfigurationExtensionSupport - Spring Data Redis - Could not safely identify store assignment for repository candidate interface com.snatchmart.snatchmart.repository.MerchantRepository; If you want this repository to be a Redis repository, consider annotating your entities with one of these annotations: org.springframework.data.redis.core.RedisHash (preferred), or consider extending one of the following types with your repository: org.springframework.data.keyvalue.repository.KeyValueRepository
2026-03-26 03:36:54 INFO  [] o.s.d.r.c.RepositoryConfigurationExtensionSupport - Spring Data Redis - Could not safely identify store assignment for repository candidate interface com.snatchmart.snatchmart.repository.NotificationRepository; If you want this repository to be a Redis repository, consider annotating your entities with one of these annotations: org.springframework.data.redis.core.RedisHash (preferred), or consider extending one of the following types with your repository: org.springframework.data.keyvalue.repository.KeyValueRepository
2026-03-26 03:36:54 INFO  [] o.s.d.r.c.RepositoryConfigurationExtensionSupport - Spring Data Redis - Could not safely identify store assignment for repository candidate interface com.snatchmart.snatchmart.repository.ProductPriceHistoryRepository; If you want this repository to be a Redis repository, consider annotating your entities with one of these annotations: org.springframework.data.redis.core.RedisHash (preferred), or consider extending one of the following types with your repository: org.springframework.data.keyvalue.repository.KeyValueRepository
2026-03-26 03:36:54 INFO  [] o.s.d.r.c.RepositoryConfigurationExtensionSupport - Spring Data Redis - Could not safely identify store assignment for repository candidate interface com.snatchmart.snatchmart.repository.ProductRepository; If you want this repository to be a Redis repository, consider annotating your entities with one of these annotations: org.springframework.data.redis.core.RedisHash (preferred), or consider extending one of the following types with your repository: org.springframework.data.keyvalue.repository.KeyValueRepository
2026-03-26 03:36:54 INFO  [] o.s.d.r.c.RepositoryConfigurationExtensionSupport - Spring Data Redis - Could not safely identify store assignment for repository candidate interface com.snatchmart.snatchmart.repository.ProductSalesEventRepository; If you want this repository to be a Redis repository, consider annotating your entities with one of these annotations: org.springframework.data.redis.core.RedisHash (preferred), or consider extending one of the following types with your repository: org.springframework.data.keyvalue.repository.KeyValueRepository
2026-03-26 03:36:54 INFO  [] o.s.d.r.c.RepositoryConfigurationExtensionSupport - Spring Data Redis - Could not safely identify store assignment for repository candidate interface com.snatchmart.snatchmart.repository.SalesEventRepository; If you want this repository to be a Redis repository, consider annotating your entities with one of these annotations: org.springframework.data.redis.core.RedisHash (preferred), or consider extending one of the following types with your repository: org.springframework.data.keyvalue.repository.KeyValueRepository
2026-03-26 03:36:54 INFO  [] o.s.d.r.c.RepositoryConfigurationExtensionSupport - Spring Data Redis - Could not safely identify store assignment for repository candidate interface com.snatchmart.snatchmart.repository.UserBudgetRepository; If you want this repository to be a Redis repository, consider annotating your entities with one of these annotations: org.springframework.data.redis.core.RedisHash (preferred), or consider extending one of the following types with your repository: org.springframework.data.keyvalue.repository.KeyValueRepository
2026-03-26 03:36:54 INFO  [] o.s.d.r.c.RepositoryConfigurationExtensionSupport - Spring Data Redis - Could not safely identify store assignment for repository candidate interface com.snatchmart.snatchmart.repository.UserRepository; If you want this repository to be a Redis repository, consider annotating your entities with one of these annotations: org.springframework.data.redis.core.RedisHash (preferred), or consider extending one of the following types with your repository: org.springframework.data.keyvalue.repository.KeyValueRepository
2026-03-26 03:36:54 INFO  [] o.s.d.r.c.RepositoryConfigurationExtensionSupport - Spring Data Redis - Could not safely identify store assignment for repository candidate interface com.snatchmart.snatchmart.repository.UserWishlistRepository; If you want this repository to be a Redis repository, consider annotating your entities with one of these annotations: org.springframework.data.redis.core.RedisHash (preferred), or consider extending one of the following types with your repository: org.springframework.data.keyvalue.repository.KeyValueRepository
2026-03-26 03:36:54 INFO  [] o.s.d.r.c.RepositoryConfigurationDelegate - Finished Spring Data repository scanning in 4 ms. Found 0 Redis repository interfaces.
2026-03-26 03:36:54 INFO  [] o.s.b.w.e.tomcat.TomcatWebServer - Tomcat initialized with port 8081 (http)
2026-03-26 03:36:54 INFO  [] o.a.coyote.http11.Http11NioProtocol - Initializing ProtocolHandler ["http-nio-8081"]
2026-03-26 03:36:54 INFO  [] o.a.catalina.core.StandardService - Starting service [Tomcat]
2026-03-26 03:36:54 INFO  [] o.a.catalina.core.StandardEngine - Starting Servlet engine: [Apache Tomcat/10.1.46]
2026-03-26 03:36:54 INFO  [] o.a.c.c.C.[Tomcat].[localhost].[/] - Initializing Spring embedded WebApplicationContext
2026-03-26 03:36:54 INFO  [] o.s.b.w.s.c.ServletWebServerApplicationContext - Root WebApplicationContext: initialization completed in 653 ms
2026-03-26 03:36:54 INFO  [] o.h.jpa.internal.util.LogHelper - HHH000204: Processing PersistenceUnitInfo [name: default]
2026-03-26 03:36:54 INFO  [] org.hibernate.Version - HHH000412: Hibernate ORM core version 6.6.29.Final
2026-03-26 03:36:54 INFO  [] o.h.c.i.RegionFactoryInitiator - HHH000026: Second-level cache disabled
2026-03-26 03:36:55 INFO  [] o.s.o.j.p.SpringPersistenceUnitInfo - No LoadTimeWeaver setup: ignoring JPA class transformer
2026-03-26 03:36:55 INFO  [] com.zaxxer.hikari.HikariDataSource - HikariPool-1 - Starting...
2026-03-26 03:36:58 INFO  [] com.zaxxer.hikari.pool.HikariPool - HikariPool-1 - Added connection org.postgresql.jdbc.PgConnection@4eba0e9e
2026-03-26 03:36:58 INFO  [] com.zaxxer.hikari.HikariDataSource - HikariPool-1 - Start completed.
2026-03-26 03:36:59 WARN  [] org.hibernate.orm.deprecation - HHH90000025: PostgreSQLDialect does not need to be specified explicitly using 'hibernate.dialect' (remove the property setting and it will be selected by default)
2026-03-26 03:37:00 INFO  [] o.hibernate.orm.connections.pooling - HHH10001005: Database info:
	Database JDBC URL [Connecting through datasource 'HikariDataSource (HikariPool-1)']
	Database driver: undefined/unknown
	Database version: 17.8
	Autocommit mode: undefined/unknown
	Isolation level: undefined/unknown
	Minimum pool size: undefined/unknown
	Maximum pool size: undefined/unknown
2026-03-26 03:37:01 INFO  [] o.h.e.t.j.p.i.JtaPlatformInitiator - HHH000489: No JTA platform available (set 'hibernate.transaction.jta.platform' to enable JTA platform integration)
2026-03-26 03:37:01 INFO  [] o.s.o.j.LocalContainerEntityManagerFactoryBean - Initialized JPA EntityManagerFactory for persistence unit 'default'
2026-03-26 03:37:01 INFO  [] o.s.d.j.r.query.QueryEnhancerFactory - Hibernate is in classpath; If applicable, HQL parser will be used.
2026-03-26 03:37:01 DEBUG [] c.s.s.s.JwtAuthenticationFilter - Filter 'jwtAuthenticationFilter' configured for use
2026-03-26 03:37:01 INFO  [] o.s.s.c.a.a.c.InitializeAuthenticationProviderBeanManagerConfigurer$InitializeAuthenticationProviderManagerConfigurer - Global AuthenticationManager configured with AuthenticationProvider bean with name authenticationProvider
2026-03-26 03:37:01 WARN  [] o.s.s.c.a.a.c.InitializeUserDetailsBeanManagerConfigurer$InitializeUserDetailsManagerConfigurer - Global AuthenticationManager configured with an AuthenticationProvider bean. UserDetailsService beans will not be used by Spring Security for automatically configuring username/password login. Consider removing the AuthenticationProvider bean. Alternatively, consider using the UserDetailsService in a manually instantiated DaoAuthenticationProvider. If the current configuration is intentional, to turn off this warning, increase the logging level of 'org.springframework.security.config.annotation.authentication.configuration.InitializeUserDetailsBeanManagerConfigurer' to ERROR
2026-03-26 03:37:01 WARN  [] o.s.b.a.o.j.JpaBaseConfiguration$JpaWebConfiguration - spring.jpa.open-in-view is enabled by default. Therefore, database queries may be performed during view rendering. Explicitly configure spring.jpa.open-in-view to disable this warning
2026-03-26 03:37:02 INFO  [] o.s.b.a.h.H2ConsoleAutoConfiguration - H2 console available at '/h2-console'. Database available at 'jdbc:postgresql://ep-blue-field-afvby5th-pooler.c-2.us-west-2.aws.neon.tech/neondb?sslmode=require'
2026-03-26 03:37:02 INFO  [] o.s.b.d.a.OptionalLiveReloadServer - LiveReload server is running on port 35729
2026-03-26 03:37:02 INFO  [] o.a.coyote.http11.Http11NioProtocol - Starting ProtocolHandler ["http-nio-8081"]
2026-03-26 03:37:02 INFO  [] o.s.b.w.e.tomcat.TomcatWebServer - Tomcat started on port 8081 (http) with context path '/'
2026-03-26 03:37:02 INFO  [] c.s.snatchmart.SnatchMartApplication - Started SnatchMartApplication in 8.429 seconds (process running for 8.566)
2026-03-26 03:37:02 INFO  [] c.s.s.scheduler.DealScheduler - Starting 30-min price sync job
2026-03-26 03:37:03 INFO  [] c.s.s.i.AmazonAffiliateClient - [Amazon Scraper] Scraped 0 deals from https://www.amazon.in/deals
2026-03-26 03:37:07 INFO  [] c.s.s.i.AmazonAffiliateClient - [Amazon Scraper] Scraped 50 deals from https://www.amazon.in/gp/bestsellers/electronics
2026-03-26 03:37:07 INFO  [] c.s.s.i.AmazonAffiliateClient - [Amazon Scraper] Total deals scraped: 50
2026-03-26 03:37:50 INFO  [] c.s.s.s.s.AffiliateSyncServiceImpl - Synced 44 deals from amazon (6 skipped — no valid price)
2026-03-26 03:37:51 INFO  [] c.s.s.i.FlipkartAffiliateClient - [Flipkart Scraper] Parsed 0 deals (HTML) from: https://www.flipkart.com/search?q=headphones&sort=popularity
2026-03-26 03:37:53 INFO  [] c.s.s.i.FlipkartAffiliateClient - [Flipkart Scraper] Parsed 0 deals (HTML) from: https://www.flipkart.com/search?q=smartwatch&sort=relevance
2026-03-26 03:37:55 INFO  [] c.s.s.i.FlipkartAffiliateClient - [Flipkart Scraper] Parsed 0 deals (HTML) from: https://www.flipkart.com/search?q=running+shoes&sort=popularity
2026-03-26 03:37:57 INFO  [] c.s.s.i.FlipkartAffiliateClient - [Flipkart Scraper] Parsed 0 deals (HTML) from: https://www.flipkart.com/search?q=power+bank&sort=popularity
2026-03-26 03:37:59 INFO  [] c.s.s.i.FlipkartAffiliateClient - [Flipkart Scraper] Parsed 0 deals (HTML) from: https://www.flipkart.com/search?q=bluetooth+speaker&sort=popularity
2026-03-26 03:38:01 WARN  [] c.s.s.i.FlipkartAffiliateClient - [Flipkart Scraper] No deals scraped — using dummy fallback
2026-03-26 03:38:04 INFO  [] c.s.s.s.s.AffiliateSyncServiceImpl - Synced 5 deals from flipkart (0 skipped — no valid price)
2026-03-26 03:39:03 INFO  [] o.a.c.c.C.[Tomcat].[localhost].[/] - Initializing Spring DispatcherServlet 'dispatcherServlet'
2026-03-26 03:39:03 INFO  [] o.s.web.servlet.DispatcherServlet - Initializing Servlet 'dispatcherServlet'
2026-03-26 03:39:03 INFO  [] o.s.web.servlet.DispatcherServlet - Completed initialization in 10 ms
2026-03-26 03:39:03 WARN  [] o.s.w.s.m.m.a.ExceptionHandlerExceptionResolver - Resolved [org.springframework.web.HttpRequestMethodNotSupportedException: Request method 'GET' is not supported]
2026-03-26 04:11:05 WARN  [] com.zaxxer.hikari.pool.HikariPool - HikariPool-1 - Thread starvation or clock leap detected (housekeeper delta=15m5s596ms).
2026-03-26 04:32:42 WARN  [] com.zaxxer.hikari.pool.PoolBase - HikariPool-1 - Failed to validate connection org.postgresql.jdbc.PgConnection@56eac535 (This connection has been closed.). Possibly consider using a shorter maxLifetime value.
2026-03-26 04:32:52 WARN  [] com.zaxxer.hikari.pool.PoolBase - HikariPool-1 - Failed to validate connection org.postgresql.jdbc.PgConnection@24d28b1e (This connection has been closed.). Possibly consider using a shorter maxLifetime value.
2026-03-26 04:33:02 WARN  [] com.zaxxer.hikari.pool.PoolBase - HikariPool-1 - Failed to validate connection org.postgresql.jdbc.PgConnection@41804d (This connection has been closed.). Possibly consider using a shorter maxLifetime value.
2026-03-26 04:33:12 WARN  [] com.zaxxer.hikari.pool.PoolBase - HikariPool-1 - Failed to validate connection org.postgresql.jdbc.PgConnection@6f6e5c1 (This connection has been closed.). Possibly consider using a shorter maxLifetime value.
2026-03-26 04:33:12 WARN  [] com.zaxxer.hikari.pool.HikariPool - HikariPool-1 - Thread starvation or clock leap detected (housekeeper delta=22m7s66ms).
2026-03-26 04:33:22 WARN  [] com.zaxxer.hikari.pool.PoolBase - HikariPool-1 - Failed to validate connection org.postgresql.jdbc.PgConnection@270b95df (This connection has been closed.). Possibly consider using a shorter maxLifetime value.
2026-03-26 04:33:32 WARN  [] com.zaxxer.hikari.pool.PoolBase - HikariPool-1 - Failed to validate connection org.postgresql.jdbc.PgConnection@4eba0e9e (This connection has been closed.). Possibly consider using a shorter maxLifetime value.
2026-03-26 04:33:42 WARN  [] com.zaxxer.hikari.pool.PoolBase - HikariPool-1 - Failed to validate connection org.postgresql.jdbc.PgConnection@4afda091 (This connection has been closed.). Possibly consider using a shorter maxLifetime value.
2026-03-26 04:33:52 WARN  [] com.zaxxer.hikari.pool.PoolBase - HikariPool-1 - Failed to validate connection org.postgresql.jdbc.PgConnection@5564a80d (This connection has been closed.). Possibly consider using a shorter maxLifetime value.
2026-03-26 04:34:02 WARN  [] com.zaxxer.hikari.pool.PoolBase - HikariPool-1 - Failed to validate connection org.postgresql.jdbc.PgConnection@6e34dfa7 (This connection has been closed.). Possibly consider using a shorter maxLifetime value.
2026-03-26 04:34:12 WARN  [] com.zaxxer.hikari.pool.PoolBase - HikariPool-1 - Failed to validate connection org.postgresql.jdbc.PgConnection@346217c7 (This connection has been closed.). Possibly consider using a shorter maxLifetime value.
2026-03-26 04:34:12 WARN  [] com.zaxxer.hikari.pool.HikariPool - HikariPool-1 - Thread starvation or clock leap detected (housekeeper delta=1m30ms).
2026-03-26 04:42:47 INFO  [] c.s.s.scheduler.DealScheduler - Starting 30-min price sync job
2026-03-26 04:42:48 INFO  [] c.s.s.i.AmazonAffiliateClient - [Amazon Scraper] Scraped 0 deals from https://www.amazon.in/deals
2026-03-26 04:42:51 INFO  [] c.s.s.i.AmazonAffiliateClient - [Amazon Scraper] Scraped 50 deals from https://www.amazon.in/gp/bestsellers/electronics
2026-03-26 04:42:51 INFO  [] c.s.s.i.AmazonAffiliateClient - [Amazon Scraper] Total deals scraped: 50
2026-03-26 04:43:35 INFO  [] c.s.s.s.s.AffiliateSyncServiceImpl - Synced 44 deals from amazon (6 skipped — no valid price)
2026-03-26 04:43:35 INFO  [] c.s.s.i.FlipkartAffiliateClient - [Flipkart Scraper] Parsed 0 deals (HTML) from: https://www.flipkart.com/search?q=headphones&sort=popularity
2026-03-26 04:43:38 INFO  [] c.s.s.i.FlipkartAffiliateClient - [Flipkart Scraper] Parsed 0 deals (HTML) from: https://www.flipkart.com/search?q=smartwatch&sort=relevance
2026-03-26 04:43:40 INFO  [] c.s.s.i.FlipkartAffiliateClient - [Flipkart Scraper] Parsed 0 deals (HTML) from: https://www.flipkart.com/search?q=running+shoes&sort=popularity
2026-03-26 04:43:42 INFO  [] c.s.s.i.FlipkartAffiliateClient - [Flipkart Scraper] Parsed 0 deals (HTML) from: https://www.flipkart.com/search?q=power+bank&sort=popularity
2026-03-26 04:43:44 INFO  [] c.s.s.i.FlipkartAffiliateClient - [Flipkart Scraper] Parsed 0 deals (HTML) from: https://www.flipkart.com/search?q=bluetooth+speaker&sort=popularity
2026-03-26 04:43:46 WARN  [] c.s.s.i.FlipkartAffiliateClient - [Flipkart Scraper] No deals scraped — using dummy fallback
2026-03-26 04:43:50 INFO  [] c.s.s.s.s.AffiliateSyncServiceImpl - Synced 5 deals from flipkart (0 skipped — no valid price)
2026-03-26 04:50:36 INFO  [] o.s.b.w.e.tomcat.GracefulShutdown - Commencing graceful shutdown. Waiting for active requests to complete
2026-03-26 04:50:36 INFO  [] o.s.b.w.e.tomcat.GracefulShutdown - Graceful shutdown complete
2026-03-26 04:50:36 INFO  [] o.s.o.j.LocalContainerEntityManagerFactoryBean - Closing JPA EntityManagerFactory for persistence unit 'default'
2026-03-26 04:50:36 INFO  [] com.zaxxer.hikari.HikariDataSource - HikariPool-1 - Shutdown initiated...
2026-03-26 04:50:40 INFO  [] com.zaxxer.hikari.HikariDataSource - HikariPool-1 - Shutdown completed.
