2026-02-21 00:21:43 INFO  [] o.h.validator.internal.util.Version - HV000001: Hibernate Validator 8.0.3.Final
2026-02-21 00:21:43 INFO  [] c.s.snatchmart.SnatchMartApplication - Starting SnatchMartApplication using Java 25.0.1 with PID 34246 (/Users/pulkitgiddu/Documents/Code/Backend/snatchMart/target/classes started by pulkitgiddu in /Users/pulkitgiddu/Documents/Code/Backend/snatchMart)
2026-02-21 00:21:43 DEBUG [] c.s.snatchmart.SnatchMartApplication - Running with Spring Boot v3.5.6, Spring v6.2.11
2026-02-21 00:21:43 INFO  [] c.s.snatchmart.SnatchMartApplication - The following 1 profile is active: "dev"
2026-02-21 00:21:43 INFO  [] o.s.b.d.e.DevToolsPropertyDefaultsPostProcessor - Devtools property defaults active! Set 'spring.devtools.add-properties' to 'false' to disable
2026-02-21 00:21:43 INFO  [] o.s.b.d.e.DevToolsPropertyDefaultsPostProcessor - For additional web related logging consider setting the 'logging.level.web' property to 'DEBUG'
2026-02-21 00:21:43 INFO  [] o.s.d.r.c.RepositoryConfigurationDelegate - Multiple Spring Data modules found, entering strict repository configuration mode
2026-02-21 00:21:43 INFO  [] o.s.d.r.c.RepositoryConfigurationDelegate - Bootstrapping Spring Data JPA repositories in DEFAULT mode.
2026-02-21 00:21:43 INFO  [] o.s.d.r.c.RepositoryConfigurationDelegate - Finished Spring Data repository scanning in 60 ms. Found 12 JPA repository interfaces.
2026-02-21 00:21:43 INFO  [] o.s.d.r.c.RepositoryConfigurationDelegate - Multiple Spring Data modules found, entering strict repository configuration mode
2026-02-21 00:21:43 INFO  [] o.s.d.r.c.RepositoryConfigurationDelegate - Bootstrapping Spring Data Redis repositories in DEFAULT mode.
2026-02-21 00:21:43 INFO  [] o.s.d.r.c.RepositoryConfigurationExtensionSupport - Spring Data Redis - Could not safely identify store assignment for repository candidate interface com.snatchmart.snatchmart.repository.AffiliateClickRepository; If you want this repository to be a Redis repository, consider annotating your entities with one of these annotations: org.springframework.data.redis.core.RedisHash (preferred), or consider extending one of the following types with your repository: org.springframework.data.keyvalue.repository.KeyValueRepository
2026-02-21 00:21:43 INFO  [] o.s.d.r.c.RepositoryConfigurationExtensionSupport - Spring Data Redis - Could not safely identify store assignment for repository candidate interface com.snatchmart.snatchmart.repository.CategoryRepository; If you want this repository to be a Redis repository, consider annotating your entities with one of these annotations: org.springframework.data.redis.core.RedisHash (preferred), or consider extending one of the following types with your repository: org.springframework.data.keyvalue.repository.KeyValueRepository
2026-02-21 00:21:43 INFO  [] o.s.d.r.c.RepositoryConfigurationExtensionSupport - Spring Data Redis - Could not safely identify store assignment for repository candidate interface com.snatchmart.snatchmart.repository.CouponRepository; If you want this repository to be a Redis repository, consider annotating your entities with one of these annotations: org.springframework.data.redis.core.RedisHash (preferred), or consider extending one of the following types with your repository: org.springframework.data.keyvalue.repository.KeyValueRepository
2026-02-21 00:21:43 INFO  [] o.s.d.r.c.RepositoryConfigurationExtensionSupport - Spring Data Redis - Could not safely identify store assignment for repository candidate interface com.snatchmart.snatchmart.repository.MerchantRepository; If you want this repository to be a Redis repository, consider annotating your entities with one of these annotations: org.springframework.data.redis.core.RedisHash (preferred), or consider extending one of the following types with your repository: org.springframework.data.keyvalue.repository.KeyValueRepository
2026-02-21 00:21:43 INFO  [] o.s.d.r.c.RepositoryConfigurationExtensionSupport - Spring Data Redis - Could not safely identify store assignment for repository candidate interface com.snatchmart.snatchmart.repository.NotificationRepository; If you want this repository to be a Redis repository, consider annotating your entities with one of these annotations: org.springframework.data.redis.core.RedisHash (preferred), or consider extending one of the following types with your repository: org.springframework.data.keyvalue.repository.KeyValueRepository
2026-02-21 00:21:43 INFO  [] o.s.d.r.c.RepositoryConfigurationExtensionSupport - Spring Data Redis - Could not safely identify store assignment for repository candidate interface com.snatchmart.snatchmart.repository.ProductPriceHistoryRepository; If you want this repository to be a Redis repository, consider annotating your entities with one of these annotations: org.springframework.data.redis.core.RedisHash (preferred), or consider extending one of the following types with your repository: org.springframework.data.keyvalue.repository.KeyValueRepository
2026-02-21 00:21:43 INFO  [] o.s.d.r.c.RepositoryConfigurationExtensionSupport - Spring Data Redis - Could not safely identify store assignment for repository candidate interface com.snatchmart.snatchmart.repository.ProductRepository; If you want this repository to be a Redis repository, consider annotating your entities with one of these annotations: org.springframework.data.redis.core.RedisHash (preferred), or consider extending one of the following types with your repository: org.springframework.data.keyvalue.repository.KeyValueRepository
2026-02-21 00:21:43 INFO  [] o.s.d.r.c.RepositoryConfigurationExtensionSupport - Spring Data Redis - Could not safely identify store assignment for repository candidate interface com.snatchmart.snatchmart.repository.ProductSalesEventRepository; If you want this repository to be a Redis repository, consider annotating your entities with one of these annotations: org.springframework.data.redis.core.RedisHash (preferred), or consider extending one of the following types with your repository: org.springframework.data.keyvalue.repository.KeyValueRepository
2026-02-21 00:21:43 INFO  [] o.s.d.r.c.RepositoryConfigurationExtensionSupport - Spring Data Redis - Could not safely identify store assignment for repository candidate interface com.snatchmart.snatchmart.repository.SalesEventRepository; If you want this repository to be a Redis repository, consider annotating your entities with one of these annotations: org.springframework.data.redis.core.RedisHash (preferred), or consider extending one of the following types with your repository: org.springframework.data.keyvalue.repository.KeyValueRepository
2026-02-21 00:21:43 INFO  [] o.s.d.r.c.RepositoryConfigurationExtensionSupport - Spring Data Redis - Could not safely identify store assignment for repository candidate interface com.snatchmart.snatchmart.repository.UserBudgetRepository; If you want this repository to be a Redis repository, consider annotating your entities with one of these annotations: org.springframework.data.redis.core.RedisHash (preferred), or consider extending one of the following types with your repository: org.springframework.data.keyvalue.repository.KeyValueRepository
2026-02-21 00:21:43 INFO  [] o.s.d.r.c.RepositoryConfigurationExtensionSupport - Spring Data Redis - Could not safely identify store assignment for repository candidate interface com.snatchmart.snatchmart.repository.UserRepository; If you want this repository to be a Redis repository, consider annotating your entities with one of these annotations: org.springframework.data.redis.core.RedisHash (preferred), or consider extending one of the following types with your repository: org.springframework.data.keyvalue.repository.KeyValueRepository
2026-02-21 00:21:43 INFO  [] o.s.d.r.c.RepositoryConfigurationExtensionSupport - Spring Data Redis - Could not safely identify store assignment for repository candidate interface com.snatchmart.snatchmart.repository.UserWishlistRepository; If you want this repository to be a Redis repository, consider annotating your entities with one of these annotations: org.springframework.data.redis.core.RedisHash (preferred), or consider extending one of the following types with your repository: org.springframework.data.keyvalue.repository.KeyValueRepository
2026-02-21 00:21:43 INFO  [] o.s.d.r.c.RepositoryConfigurationDelegate - Finished Spring Data repository scanning in 4 ms. Found 0 Redis repository interfaces.
2026-02-21 00:21:44 INFO  [] o.s.b.w.e.tomcat.TomcatWebServer - Tomcat initialized with port 8081 (http)
2026-02-21 00:21:44 INFO  [] o.a.coyote.http11.Http11NioProtocol - Initializing ProtocolHandler ["http-nio-8081"]
2026-02-21 00:21:44 INFO  [] o.a.catalina.core.StandardService - Starting service [Tomcat]
2026-02-21 00:21:44 INFO  [] o.a.catalina.core.StandardEngine - Starting Servlet engine: [Apache Tomcat/10.1.46]
2026-02-21 00:21:44 INFO  [] o.a.c.c.C.[Tomcat].[localhost].[/] - Initializing Spring embedded WebApplicationContext
2026-02-21 00:21:44 INFO  [] o.s.b.w.s.c.ServletWebServerApplicationContext - Root WebApplicationContext: initialization completed in 735 ms
2026-02-21 00:21:44 INFO  [] o.h.jpa.internal.util.LogHelper - HHH000204: Processing PersistenceUnitInfo [name: default]
2026-02-21 00:21:44 INFO  [] org.hibernate.Version - HHH000412: Hibernate ORM core version 6.6.29.Final
2026-02-21 00:21:44 INFO  [] o.h.c.i.RegionFactoryInitiator - HHH000026: Second-level cache disabled
2026-02-21 00:21:44 INFO  [] o.s.o.j.p.SpringPersistenceUnitInfo - No LoadTimeWeaver setup: ignoring JPA class transformer
2026-02-21 00:21:44 INFO  [] com.zaxxer.hikari.HikariDataSource - HikariPool-1 - Starting...
2026-02-21 00:21:51 INFO  [] com.zaxxer.hikari.pool.HikariPool - HikariPool-1 - Added connection org.postgresql.jdbc.PgConnection@493e09a8
2026-02-21 00:21:51 INFO  [] com.zaxxer.hikari.HikariDataSource - HikariPool-1 - Start completed.
2026-02-21 00:21:51 WARN  [] org.hibernate.orm.deprecation - HHH90000025: PostgreSQLDialect does not need to be specified explicitly using 'hibernate.dialect' (remove the property setting and it will be selected by default)
2026-02-21 00:21:52 INFO  [] o.hibernate.orm.connections.pooling - HHH10001005: Database info:
	Database JDBC URL [Connecting through datasource 'HikariDataSource (HikariPool-1)']
	Database driver: undefined/unknown
	Database version: 17.7
	Autocommit mode: undefined/unknown
	Isolation level: undefined/unknown
	Minimum pool size: undefined/unknown
	Maximum pool size: undefined/unknown
2026-02-21 00:21:52 INFO  [] o.h.e.t.j.p.i.JtaPlatformInitiator - HHH000489: No JTA platform available (set 'hibernate.transaction.jta.platform' to enable JTA platform integration)
2026-02-21 00:21:52 INFO  [] o.s.o.j.LocalContainerEntityManagerFactoryBean - Initialized JPA EntityManagerFactory for persistence unit 'default'
2026-02-21 00:21:52 INFO  [] o.s.d.j.r.query.QueryEnhancerFactory - Hibernate is in classpath; If applicable, HQL parser will be used.
2026-02-21 00:21:53 DEBUG [] c.s.s.s.JwtAuthenticationFilter - Filter 'jwtAuthenticationFilter' configured for use
2026-02-21 00:21:53 INFO  [] o.s.s.c.a.a.c.InitializeAuthenticationProviderBeanManagerConfigurer$InitializeAuthenticationProviderManagerConfigurer - Global AuthenticationManager configured with AuthenticationProvider bean with name authenticationProvider
2026-02-21 00:21:53 WARN  [] o.s.s.c.a.a.c.InitializeUserDetailsBeanManagerConfigurer$InitializeUserDetailsManagerConfigurer - Global AuthenticationManager configured with an AuthenticationProvider bean. UserDetailsService beans will not be used by Spring Security for automatically configuring username/password login. Consider removing the AuthenticationProvider bean. Alternatively, consider using the UserDetailsService in a manually instantiated DaoAuthenticationProvider. If the current configuration is intentional, to turn off this warning, increase the logging level of 'org.springframework.security.config.annotation.authentication.configuration.InitializeUserDetailsBeanManagerConfigurer' to ERROR
2026-02-21 00:21:53 WARN  [] o.s.b.a.o.j.JpaBaseConfiguration$JpaWebConfiguration - spring.jpa.open-in-view is enabled by default. Therefore, database queries may be performed during view rendering. Explicitly configure spring.jpa.open-in-view to disable this warning
2026-02-21 00:21:53 INFO  [] o.s.b.a.h.H2ConsoleAutoConfiguration - H2 console available at '/h2-console'. Database available at 'jdbc:postgresql://ep-blue-field-afvby5th-pooler.c-2.us-west-2.aws.neon.tech/neondb?sslmode=require'
2026-02-21 00:21:53 INFO  [] o.s.b.d.a.OptionalLiveReloadServer - LiveReload server is running on port 35729
2026-02-21 00:21:53 INFO  [] o.a.coyote.http11.Http11NioProtocol - Starting ProtocolHandler ["http-nio-8081"]
2026-02-21 00:21:53 INFO  [] o.s.b.w.e.tomcat.TomcatWebServer - Tomcat started on port 8081 (http) with context path '/'
2026-02-21 00:21:53 INFO  [] c.s.snatchmart.SnatchMartApplication - Started SnatchMartApplication in 10.612 seconds (process running for 10.902)
2026-02-21 00:21:53 INFO  [] c.s.s.scheduler.DealScheduler - Starting 30-min price sync job
2026-02-21 00:21:53 INFO  [] c.s.s.s.s.AffiliateSyncServiceImpl - Synced 0 deals from amazon
2026-02-21 00:21:53 INFO  [] c.s.s.s.s.AffiliateSyncServiceImpl - Synced 0 deals from flipkart
2026-02-21 00:23:12 INFO  [] o.s.b.w.e.tomcat.GracefulShutdown - Commencing graceful shutdown. Waiting for active requests to complete
2026-02-21 00:23:12 INFO  [] o.s.b.w.e.tomcat.GracefulShutdown - Graceful shutdown complete
2026-02-21 00:23:12 INFO  [] o.s.o.j.LocalContainerEntityManagerFactoryBean - Closing JPA EntityManagerFactory for persistence unit 'default'
2026-02-21 00:23:12 INFO  [] com.zaxxer.hikari.HikariDataSource - HikariPool-1 - Shutdown initiated...
2026-02-21 00:23:15 INFO  [] com.zaxxer.hikari.HikariDataSource - HikariPool-1 - Shutdown completed.
2026-02-21 00:23:48 INFO  [] o.h.validator.internal.util.Version - HV000001: Hibernate Validator 8.0.3.Final
2026-02-21 00:23:49 INFO  [] c.s.snatchmart.SnatchMartApplication - Starting SnatchMartApplication using Java 21.0.9 with PID 34698 (/Users/pulkitgiddu/Documents/Code/Backend/snatchMart/target/classes started by pulkitgiddu in /Users/pulkitgiddu/Documents/Code/Backend/snatchMart)
2026-02-21 00:23:49 DEBUG [] c.s.snatchmart.SnatchMartApplication - Running with Spring Boot v3.5.6, Spring v6.2.11
2026-02-21 00:23:49 INFO  [] c.s.snatchmart.SnatchMartApplication - The following 1 profile is active: "local"
2026-02-21 00:23:49 INFO  [] o.s.b.d.e.DevToolsPropertyDefaultsPostProcessor - Devtools property defaults active! Set 'spring.devtools.add-properties' to 'false' to disable
2026-02-21 00:23:49 INFO  [] o.s.b.d.e.DevToolsPropertyDefaultsPostProcessor - For additional web related logging consider setting the 'logging.level.web' property to 'DEBUG'
2026-02-21 00:23:49 INFO  [] o.s.d.r.c.RepositoryConfigurationDelegate - Multiple Spring Data modules found, entering strict repository configuration mode
2026-02-21 00:23:49 INFO  [] o.s.d.r.c.RepositoryConfigurationDelegate - Bootstrapping Spring Data JPA repositories in DEFAULT mode.
2026-02-21 00:23:49 INFO  [] o.s.d.r.c.RepositoryConfigurationDelegate - Finished Spring Data repository scanning in 56 ms. Found 12 JPA repository interfaces.
2026-02-21 00:23:49 INFO  [] o.s.b.w.e.tomcat.TomcatWebServer - Tomcat initialized with port 8081 (http)
2026-02-21 00:23:49 INFO  [] o.a.coyote.http11.Http11NioProtocol - Initializing ProtocolHandler ["http-nio-0.0.0.0-8081"]
2026-02-21 00:23:49 INFO  [] o.a.catalina.core.StandardService - Starting service [Tomcat]
2026-02-21 00:23:49 INFO  [] o.a.catalina.core.StandardEngine - Starting Servlet engine: [Apache Tomcat/10.1.46]
2026-02-21 00:23:49 INFO  [] o.a.c.c.C.[Tomcat].[localhost].[/] - Initializing Spring embedded WebApplicationContext
2026-02-21 00:23:49 INFO  [] o.s.b.w.s.c.ServletWebServerApplicationContext - Root WebApplicationContext: initialization completed in 586 ms
2026-02-21 00:23:49 INFO  [] o.h.jpa.internal.util.LogHelper - HHH000204: Processing PersistenceUnitInfo [name: default]
2026-02-21 00:23:49 INFO  [] org.hibernate.Version - HHH000412: Hibernate ORM core version 6.6.29.Final
2026-02-21 00:23:49 INFO  [] o.h.c.i.RegionFactoryInitiator - HHH000026: Second-level cache disabled
2026-02-21 00:23:49 INFO  [] o.s.o.j.p.SpringPersistenceUnitInfo - No LoadTimeWeaver setup: ignoring JPA class transformer
2026-02-21 00:23:49 INFO  [] com.zaxxer.hikari.HikariDataSource - HikariPool-1 - Starting...
2026-02-21 00:23:52 INFO  [] com.zaxxer.hikari.pool.HikariPool - HikariPool-1 - Added connection org.postgresql.jdbc.PgConnection@bf02888
2026-02-21 00:23:52 INFO  [] com.zaxxer.hikari.HikariDataSource - HikariPool-1 - Start completed.
2026-02-21 00:23:53 WARN  [] org.hibernate.orm.deprecation - HHH90000025: PostgreSQLDialect does not need to be specified explicitly using 'hibernate.dialect' (remove the property setting and it will be selected by default)
2026-02-21 00:23:54 INFO  [] o.hibernate.orm.connections.pooling - HHH10001005: Database info:
	Database JDBC URL [Connecting through datasource 'HikariDataSource (HikariPool-1)']
	Database driver: undefined/unknown
	Database version: 17.7
	Autocommit mode: undefined/unknown
	Isolation level: undefined/unknown
	Minimum pool size: undefined/unknown
	Maximum pool size: undefined/unknown
2026-02-21 00:23:54 INFO  [] o.h.e.t.j.p.i.JtaPlatformInitiator - HHH000489: No JTA platform available (set 'hibernate.transaction.jta.platform' to enable JTA platform integration)
2026-02-21 00:24:10 INFO  [] o.s.o.j.LocalContainerEntityManagerFactoryBean - Initialized JPA EntityManagerFactory for persistence unit 'default'
2026-02-21 00:24:10 INFO  [] o.s.d.j.r.query.QueryEnhancerFactory - Hibernate is in classpath; If applicable, HQL parser will be used.
2026-02-21 00:24:10 DEBUG [] c.s.s.s.JwtAuthenticationFilter - Filter 'jwtAuthenticationFilter' configured for use
2026-02-21 00:24:10 INFO  [] o.s.s.c.a.a.c.InitializeAuthenticationProviderBeanManagerConfigurer$InitializeAuthenticationProviderManagerConfigurer - Global AuthenticationManager configured with AuthenticationProvider bean with name authenticationProvider
2026-02-21 00:24:10 WARN  [] o.s.s.c.a.a.c.InitializeUserDetailsBeanManagerConfigurer$InitializeUserDetailsManagerConfigurer - Global AuthenticationManager configured with an AuthenticationProvider bean. UserDetailsService beans will not be used by Spring Security for automatically configuring username/password login. Consider removing the AuthenticationProvider bean. Alternatively, consider using the UserDetailsService in a manually instantiated DaoAuthenticationProvider. If the current configuration is intentional, to turn off this warning, increase the logging level of 'org.springframework.security.config.annotation.authentication.configuration.InitializeUserDetailsBeanManagerConfigurer' to ERROR
2026-02-21 00:24:10 WARN  [] o.s.b.a.o.j.JpaBaseConfiguration$JpaWebConfiguration - spring.jpa.open-in-view is enabled by default. Therefore, database queries may be performed during view rendering. Explicitly configure spring.jpa.open-in-view to disable this warning
2026-02-21 00:24:11 INFO  [] o.s.b.a.h.H2ConsoleAutoConfiguration - H2 console available at '/h2-console'. Database available at 'jdbc:postgresql://ep-blue-field-afvby5th-pooler.c-2.us-west-2.aws.neon.tech/neondb?sslmode=require'
2026-02-21 00:24:11 INFO  [] o.s.b.d.a.OptionalLiveReloadServer - LiveReload server is running on port 35729
2026-02-21 00:24:11 INFO  [] o.a.coyote.http11.Http11NioProtocol - Starting ProtocolHandler ["http-nio-0.0.0.0-8081"]
2026-02-21 00:24:11 INFO  [] o.s.b.w.e.tomcat.TomcatWebServer - Tomcat started on port 8081 (http) with context path '/'
2026-02-21 00:24:11 INFO  [] c.s.snatchmart.SnatchMartApplication - Started SnatchMartApplication in 22.381 seconds (process running for 22.512)
2026-02-21 00:24:11 INFO  [] c.s.s.scheduler.DealScheduler - Starting 30-min price sync job
2026-02-21 00:24:11 INFO  [] c.s.s.s.s.AffiliateSyncServiceImpl - Synced 0 deals from amazon
2026-02-21 00:24:11 INFO  [] c.s.s.s.s.AffiliateSyncServiceImpl - Synced 0 deals from flipkart
2026-02-21 00:30:49 INFO  [] o.s.b.w.e.tomcat.GracefulShutdown - Commencing graceful shutdown. Waiting for active requests to complete
2026-02-21 00:30:49 INFO  [] o.s.b.w.e.tomcat.GracefulShutdown - Graceful shutdown complete
2026-02-21 00:30:49 INFO  [] o.s.o.j.LocalContainerEntityManagerFactoryBean - Closing JPA EntityManagerFactory for persistence unit 'default'
2026-02-21 00:30:49 INFO  [] com.zaxxer.hikari.HikariDataSource - HikariPool-1 - Shutdown initiated...
2026-02-21 00:30:51 INFO  [] com.zaxxer.hikari.HikariDataSource - HikariPool-1 - Shutdown completed.
2026-02-21 00:30:58 INFO  [] o.h.validator.internal.util.Version - HV000001: Hibernate Validator 8.0.3.Final
2026-02-21 00:30:58 INFO  [] c.s.snatchmart.SnatchMartApplication - Starting SnatchMartApplication using Java 21.0.9 with PID 36206 (/Users/pulkitgiddu/Documents/Code/Backend/snatchMart/target/classes started by pulkitgiddu in /Users/pulkitgiddu/Documents/Code/Backend/snatchMart)
2026-02-21 00:30:58 DEBUG [] c.s.snatchmart.SnatchMartApplication - Running with Spring Boot v3.5.6, Spring v6.2.11
2026-02-21 00:30:58 INFO  [] c.s.snatchmart.SnatchMartApplication - The following 1 profile is active: "local"
2026-02-21 00:30:58 INFO  [] o.s.b.d.e.DevToolsPropertyDefaultsPostProcessor - Devtools property defaults active! Set 'spring.devtools.add-properties' to 'false' to disable
2026-02-21 00:30:58 INFO  [] o.s.b.d.e.DevToolsPropertyDefaultsPostProcessor - For additional web related logging consider setting the 'logging.level.web' property to 'DEBUG'
2026-02-21 00:30:58 INFO  [] o.s.d.r.c.RepositoryConfigurationDelegate - Multiple Spring Data modules found, entering strict repository configuration mode
2026-02-21 00:30:58 INFO  [] o.s.d.r.c.RepositoryConfigurationDelegate - Bootstrapping Spring Data JPA repositories in DEFAULT mode.
2026-02-21 00:30:58 INFO  [] o.s.d.r.c.RepositoryConfigurationDelegate - Finished Spring Data repository scanning in 55 ms. Found 12 JPA repository interfaces.
2026-02-21 00:30:58 INFO  [] o.s.b.w.e.tomcat.TomcatWebServer - Tomcat initialized with port 8081 (http)
2026-02-21 00:30:58 INFO  [] o.a.coyote.http11.Http11NioProtocol - Initializing ProtocolHandler ["http-nio-0.0.0.0-8081"]
2026-02-21 00:30:58 INFO  [] o.a.catalina.core.StandardService - Starting service [Tomcat]
2026-02-21 00:30:58 INFO  [] o.a.catalina.core.StandardEngine - Starting Servlet engine: [Apache Tomcat/10.1.46]
2026-02-21 00:30:58 INFO  [] o.a.c.c.C.[Tomcat].[localhost].[/] - Initializing Spring embedded WebApplicationContext
2026-02-21 00:30:58 INFO  [] o.s.b.w.s.c.ServletWebServerApplicationContext - Root WebApplicationContext: initialization completed in 555 ms
2026-02-21 00:30:58 INFO  [] o.h.jpa.internal.util.LogHelper - HHH000204: Processing PersistenceUnitInfo [name: default]
2026-02-21 00:30:58 INFO  [] org.hibernate.Version - HHH000412: Hibernate ORM core version 6.6.29.Final
2026-02-21 00:30:58 INFO  [] o.h.c.i.RegionFactoryInitiator - HHH000026: Second-level cache disabled
2026-02-21 00:30:58 INFO  [] o.s.o.j.p.SpringPersistenceUnitInfo - No LoadTimeWeaver setup: ignoring JPA class transformer
2026-02-21 00:30:58 INFO  [] com.zaxxer.hikari.HikariDataSource - HikariPool-1 - Starting...
2026-02-21 00:31:01 INFO  [] com.zaxxer.hikari.pool.HikariPool - HikariPool-1 - Added connection org.postgresql.jdbc.PgConnection@177b8cfe
2026-02-21 00:31:01 INFO  [] com.zaxxer.hikari.HikariDataSource - HikariPool-1 - Start completed.
2026-02-21 00:31:02 WARN  [] org.hibernate.orm.deprecation - HHH90000025: PostgreSQLDialect does not need to be specified explicitly using 'hibernate.dialect' (remove the property setting and it will be selected by default)
2026-02-21 00:31:03 INFO  [] o.hibernate.orm.connections.pooling - HHH10001005: Database info:
	Database JDBC URL [Connecting through datasource 'HikariDataSource (HikariPool-1)']
	Database driver: undefined/unknown
	Database version: 17.7
	Autocommit mode: undefined/unknown
	Isolation level: undefined/unknown
	Minimum pool size: undefined/unknown
	Maximum pool size: undefined/unknown
2026-02-21 00:31:03 INFO  [] o.h.e.t.j.p.i.JtaPlatformInitiator - HHH000489: No JTA platform available (set 'hibernate.transaction.jta.platform' to enable JTA platform integration)
2026-02-21 00:31:19 INFO  [] o.s.o.j.LocalContainerEntityManagerFactoryBean - Initialized JPA EntityManagerFactory for persistence unit 'default'
2026-02-21 00:31:19 INFO  [] o.s.d.j.r.query.QueryEnhancerFactory - Hibernate is in classpath; If applicable, HQL parser will be used.
2026-02-21 00:31:19 DEBUG [] c.s.s.s.JwtAuthenticationFilter - Filter 'jwtAuthenticationFilter' configured for use
2026-02-21 00:31:19 INFO  [] o.s.s.c.a.a.c.InitializeAuthenticationProviderBeanManagerConfigurer$InitializeAuthenticationProviderManagerConfigurer - Global AuthenticationManager configured with AuthenticationProvider bean with name authenticationProvider
2026-02-21 00:31:19 WARN  [] o.s.s.c.a.a.c.InitializeUserDetailsBeanManagerConfigurer$InitializeUserDetailsManagerConfigurer - Global AuthenticationManager configured with an AuthenticationProvider bean. UserDetailsService beans will not be used by Spring Security for automatically configuring username/password login. Consider removing the AuthenticationProvider bean. Alternatively, consider using the UserDetailsService in a manually instantiated DaoAuthenticationProvider. If the current configuration is intentional, to turn off this warning, increase the logging level of 'org.springframework.security.config.annotation.authentication.configuration.InitializeUserDetailsBeanManagerConfigurer' to ERROR
2026-02-21 00:31:19 WARN  [] o.s.b.a.o.j.JpaBaseConfiguration$JpaWebConfiguration - spring.jpa.open-in-view is enabled by default. Therefore, database queries may be performed during view rendering. Explicitly configure spring.jpa.open-in-view to disable this warning
2026-02-21 00:31:20 INFO  [] o.s.b.a.h.H2ConsoleAutoConfiguration - H2 console available at '/h2-console'. Database available at 'jdbc:postgresql://ep-blue-field-afvby5th-pooler.c-2.us-west-2.aws.neon.tech/neondb?sslmode=require'
2026-02-21 00:31:20 INFO  [] o.s.b.d.a.OptionalLiveReloadServer - LiveReload server is running on port 35729
2026-02-21 00:31:20 INFO  [] o.a.coyote.http11.Http11NioProtocol - Starting ProtocolHandler ["http-nio-0.0.0.0-8081"]
2026-02-21 00:31:20 INFO  [] o.s.b.w.e.tomcat.TomcatWebServer - Tomcat started on port 8081 (http) with context path '/'
2026-02-21 00:31:20 INFO  [] c.s.snatchmart.SnatchMartApplication - Started SnatchMartApplication in 22.24 seconds (process running for 22.368)
2026-02-21 00:31:20 INFO  [] c.s.s.scheduler.DealScheduler - Starting 30-min price sync job
2026-02-21 00:31:20 INFO  [] c.s.s.s.s.AffiliateSyncServiceImpl - Synced 0 deals from amazon
2026-02-21 00:31:20 INFO  [] c.s.s.s.s.AffiliateSyncServiceImpl - Synced 0 deals from flipkart
2026-02-21 00:36:19 INFO  [] o.s.b.w.e.tomcat.GracefulShutdown - Commencing graceful shutdown. Waiting for active requests to complete
2026-02-21 00:36:19 INFO  [] o.s.b.w.e.tomcat.GracefulShutdown - Graceful shutdown complete
2026-02-21 00:36:19 INFO  [] o.s.o.j.LocalContainerEntityManagerFactoryBean - Closing JPA EntityManagerFactory for persistence unit 'default'
2026-02-21 00:36:19 INFO  [] com.zaxxer.hikari.HikariDataSource - HikariPool-1 - Shutdown initiated...
2026-02-21 00:36:22 INFO  [] com.zaxxer.hikari.HikariDataSource - HikariPool-1 - Shutdown completed.
2026-02-21 00:36:37 INFO  [] o.h.validator.internal.util.Version - HV000001: Hibernate Validator 8.0.3.Final
2026-02-21 00:36:37 INFO  [] c.s.snatchmart.SnatchMartApplication - Starting SnatchMartApplication using Java 21.0.9 with PID 37567 (/Users/pulkitgiddu/Documents/Code/Backend/snatchMart/target/classes started by pulkitgiddu in /Users/pulkitgiddu/Documents/Code/Backend/snatchMart)
2026-02-21 00:36:37 DEBUG [] c.s.snatchmart.SnatchMartApplication - Running with Spring Boot v3.5.6, Spring v6.2.11
2026-02-21 00:36:37 INFO  [] c.s.snatchmart.SnatchMartApplication - The following 1 profile is active: "local"
2026-02-21 00:36:37 INFO  [] o.s.b.d.e.DevToolsPropertyDefaultsPostProcessor - Devtools property defaults active! Set 'spring.devtools.add-properties' to 'false' to disable
2026-02-21 00:36:37 INFO  [] o.s.b.d.e.DevToolsPropertyDefaultsPostProcessor - For additional web related logging consider setting the 'logging.level.web' property to 'DEBUG'
2026-02-21 00:36:37 INFO  [] o.s.d.r.c.RepositoryConfigurationDelegate - Multiple Spring Data modules found, entering strict repository configuration mode
2026-02-21 00:36:37 INFO  [] o.s.d.r.c.RepositoryConfigurationDelegate - Bootstrapping Spring Data JPA repositories in DEFAULT mode.
2026-02-21 00:36:37 INFO  [] o.s.d.r.c.RepositoryConfigurationDelegate - Finished Spring Data repository scanning in 57 ms. Found 12 JPA repository interfaces.
2026-02-21 00:36:37 INFO  [] o.s.b.w.e.tomcat.TomcatWebServer - Tomcat initialized with port 8081 (http)
2026-02-21 00:36:37 INFO  [] o.a.coyote.http11.Http11NioProtocol - Initializing ProtocolHandler ["http-nio-0.0.0.0-8081"]
2026-02-21 00:36:37 INFO  [] o.a.catalina.core.StandardService - Starting service [Tomcat]
2026-02-21 00:36:37 INFO  [] o.a.catalina.core.StandardEngine - Starting Servlet engine: [Apache Tomcat/10.1.46]
2026-02-21 00:36:38 INFO  [] o.a.c.c.C.[Tomcat].[localhost].[/] - Initializing Spring embedded WebApplicationContext
2026-02-21 00:36:38 INFO  [] o.s.b.w.s.c.ServletWebServerApplicationContext - Root WebApplicationContext: initialization completed in 608 ms
2026-02-21 00:36:38 INFO  [] o.h.jpa.internal.util.LogHelper - HHH000204: Processing PersistenceUnitInfo [name: default]
2026-02-21 00:36:38 INFO  [] org.hibernate.Version - HHH000412: Hibernate ORM core version 6.6.29.Final
2026-02-21 00:36:38 INFO  [] o.h.c.i.RegionFactoryInitiator - HHH000026: Second-level cache disabled
2026-02-21 00:36:38 INFO  [] o.s.o.j.p.SpringPersistenceUnitInfo - No LoadTimeWeaver setup: ignoring JPA class transformer
2026-02-21 00:36:38 INFO  [] com.zaxxer.hikari.HikariDataSource - HikariPool-1 - Starting...
2026-02-21 00:36:40 INFO  [] com.zaxxer.hikari.pool.HikariPool - HikariPool-1 - Added connection org.postgresql.jdbc.PgConnection@38412548
2026-02-21 00:36:40 INFO  [] com.zaxxer.hikari.HikariDataSource - HikariPool-1 - Start completed.
2026-02-21 00:36:41 WARN  [] org.hibernate.orm.deprecation - HHH90000025: PostgreSQLDialect does not need to be specified explicitly using 'hibernate.dialect' (remove the property setting and it will be selected by default)
2026-02-21 00:36:42 INFO  [] o.hibernate.orm.connections.pooling - HHH10001005: Database info:
	Database JDBC URL [Connecting through datasource 'HikariDataSource (HikariPool-1)']
	Database driver: undefined/unknown
	Database version: 17.7
	Autocommit mode: undefined/unknown
	Isolation level: undefined/unknown
	Minimum pool size: undefined/unknown
	Maximum pool size: undefined/unknown
2026-02-21 00:36:42 INFO  [] o.h.e.t.j.p.i.JtaPlatformInitiator - HHH000489: No JTA platform available (set 'hibernate.transaction.jta.platform' to enable JTA platform integration)
2026-02-21 00:36:57 INFO  [] o.s.o.j.LocalContainerEntityManagerFactoryBean - Initialized JPA EntityManagerFactory for persistence unit 'default'
2026-02-21 00:36:57 INFO  [] o.s.d.j.r.query.QueryEnhancerFactory - Hibernate is in classpath; If applicable, HQL parser will be used.
2026-02-21 00:36:58 DEBUG [] c.s.s.s.JwtAuthenticationFilter - Filter 'jwtAuthenticationFilter' configured for use
2026-02-21 00:36:58 INFO  [] o.s.s.c.a.a.c.InitializeAuthenticationProviderBeanManagerConfigurer$InitializeAuthenticationProviderManagerConfigurer - Global AuthenticationManager configured with AuthenticationProvider bean with name authenticationProvider
2026-02-21 00:36:58 WARN  [] o.s.s.c.a.a.c.InitializeUserDetailsBeanManagerConfigurer$InitializeUserDetailsManagerConfigurer - Global AuthenticationManager configured with an AuthenticationProvider bean. UserDetailsService beans will not be used by Spring Security for automatically configuring username/password login. Consider removing the AuthenticationProvider bean. Alternatively, consider using the UserDetailsService in a manually instantiated DaoAuthenticationProvider. If the current configuration is intentional, to turn off this warning, increase the logging level of 'org.springframework.security.config.annotation.authentication.configuration.InitializeUserDetailsBeanManagerConfigurer' to ERROR
2026-02-21 00:36:58 WARN  [] o.s.b.a.o.j.JpaBaseConfiguration$JpaWebConfiguration - spring.jpa.open-in-view is enabled by default. Therefore, database queries may be performed during view rendering. Explicitly configure spring.jpa.open-in-view to disable this warning
2026-02-21 00:36:58 INFO  [] o.s.b.a.h.H2ConsoleAutoConfiguration - H2 console available at '/h2-console'. Database available at 'jdbc:postgresql://ep-blue-field-afvby5th-pooler.c-2.us-west-2.aws.neon.tech/neondb?sslmode=require'
2026-02-21 00:36:58 INFO  [] o.s.b.d.a.OptionalLiveReloadServer - LiveReload server is running on port 35729
2026-02-21 00:36:58 INFO  [] o.a.coyote.http11.Http11NioProtocol - Starting ProtocolHandler ["http-nio-0.0.0.0-8081"]
2026-02-21 00:36:58 INFO  [] o.s.b.w.e.tomcat.TomcatWebServer - Tomcat started on port 8081 (http) with context path '/'
2026-02-21 00:36:58 INFO  [] c.s.snatchmart.SnatchMartApplication - Started SnatchMartApplication in 21.528 seconds (process running for 21.656)
2026-02-21 00:36:58 INFO  [] c.s.s.scheduler.DealScheduler - Starting 30-min price sync job
2026-02-21 00:36:58 INFO  [] c.s.s.s.s.AffiliateSyncServiceImpl - Synced 0 deals from amazon
2026-02-21 00:36:58 INFO  [] c.s.s.s.s.AffiliateSyncServiceImpl - Synced 0 deals from flipkart
2026-02-21 00:40:21 INFO  [] o.s.b.w.e.tomcat.GracefulShutdown - Commencing graceful shutdown. Waiting for active requests to complete
2026-02-21 00:40:21 INFO  [] o.s.b.w.e.tomcat.GracefulShutdown - Graceful shutdown complete
2026-02-21 00:40:21 INFO  [] o.s.o.j.LocalContainerEntityManagerFactoryBean - Closing JPA EntityManagerFactory for persistence unit 'default'
2026-02-21 00:40:21 INFO  [] com.zaxxer.hikari.HikariDataSource - HikariPool-1 - Shutdown initiated...
2026-02-21 00:40:24 INFO  [] com.zaxxer.hikari.HikariDataSource - HikariPool-1 - Shutdown completed.
2026-02-21 00:40:33 INFO  [] o.h.validator.internal.util.Version - HV000001: Hibernate Validator 8.0.3.Final
2026-02-21 00:40:33 INFO  [] c.s.snatchmart.SnatchMartApplication - Starting SnatchMartApplication using Java 21.0.9 with PID 38519 (/Users/pulkitgiddu/Documents/Code/Backend/snatchMart/target/classes started by pulkitgiddu in /Users/pulkitgiddu/Documents/Code/Backend/snatchMart)
2026-02-21 00:40:33 DEBUG [] c.s.snatchmart.SnatchMartApplication - Running with Spring Boot v3.5.6, Spring v6.2.11
2026-02-21 00:40:33 INFO  [] c.s.snatchmart.SnatchMartApplication - The following 1 profile is active: "local"
2026-02-21 00:40:33 INFO  [] o.s.b.d.e.DevToolsPropertyDefaultsPostProcessor - Devtools property defaults active! Set 'spring.devtools.add-properties' to 'false' to disable
2026-02-21 00:40:33 INFO  [] o.s.b.d.e.DevToolsPropertyDefaultsPostProcessor - For additional web related logging consider setting the 'logging.level.web' property to 'DEBUG'
2026-02-21 00:40:33 INFO  [] o.s.d.r.c.RepositoryConfigurationDelegate - Multiple Spring Data modules found, entering strict repository configuration mode
2026-02-21 00:40:33 INFO  [] o.s.d.r.c.RepositoryConfigurationDelegate - Bootstrapping Spring Data JPA repositories in DEFAULT mode.
2026-02-21 00:40:33 INFO  [] o.s.d.r.c.RepositoryConfigurationDelegate - Finished Spring Data repository scanning in 58 ms. Found 12 JPA repository interfaces.
2026-02-21 00:40:33 INFO  [] o.s.b.w.e.tomcat.TomcatWebServer - Tomcat initialized with port 8081 (http)
2026-02-21 00:40:33 INFO  [] o.a.coyote.http11.Http11NioProtocol - Initializing ProtocolHandler ["http-nio-0.0.0.0-8081"]
2026-02-21 00:40:33 INFO  [] o.a.catalina.core.StandardService - Starting service [Tomcat]
2026-02-21 00:40:33 INFO  [] o.a.catalina.core.StandardEngine - Starting Servlet engine: [Apache Tomcat/10.1.46]
2026-02-21 00:40:33 INFO  [] o.a.c.c.C.[Tomcat].[localhost].[/] - Initializing Spring embedded WebApplicationContext
2026-02-21 00:40:33 INFO  [] o.s.b.w.s.c.ServletWebServerApplicationContext - Root WebApplicationContext: initialization completed in 631 ms
2026-02-21 00:40:33 INFO  [] o.h.jpa.internal.util.LogHelper - HHH000204: Processing PersistenceUnitInfo [name: default]
2026-02-21 00:40:33 INFO  [] org.hibernate.Version - HHH000412: Hibernate ORM core version 6.6.29.Final
2026-02-21 00:40:33 INFO  [] o.h.c.i.RegionFactoryInitiator - HHH000026: Second-level cache disabled
2026-02-21 00:40:33 INFO  [] o.s.o.j.p.SpringPersistenceUnitInfo - No LoadTimeWeaver setup: ignoring JPA class transformer
2026-02-21 00:40:33 INFO  [] com.zaxxer.hikari.HikariDataSource - HikariPool-1 - Starting...
2026-02-21 00:40:36 INFO  [] com.zaxxer.hikari.pool.HikariPool - HikariPool-1 - Added connection org.postgresql.jdbc.PgConnection@1226e0c9
2026-02-21 00:40:36 INFO  [] com.zaxxer.hikari.HikariDataSource - HikariPool-1 - Start completed.
2026-02-21 00:40:37 WARN  [] org.hibernate.orm.deprecation - HHH90000025: PostgreSQLDialect does not need to be specified explicitly using 'hibernate.dialect' (remove the property setting and it will be selected by default)
2026-02-21 00:40:38 INFO  [] o.hibernate.orm.connections.pooling - HHH10001005: Database info:
	Database JDBC URL [Connecting through datasource 'HikariDataSource (HikariPool-1)']
	Database driver: undefined/unknown
	Database version: 17.7
	Autocommit mode: undefined/unknown
	Isolation level: undefined/unknown
	Minimum pool size: undefined/unknown
	Maximum pool size: undefined/unknown
2026-02-21 00:40:38 INFO  [] o.h.e.t.j.p.i.JtaPlatformInitiator - HHH000489: No JTA platform available (set 'hibernate.transaction.jta.platform' to enable JTA platform integration)
2026-02-21 00:40:54 INFO  [] o.s.o.j.LocalContainerEntityManagerFactoryBean - Initialized JPA EntityManagerFactory for persistence unit 'default'
2026-02-21 00:40:54 INFO  [] o.s.d.j.r.query.QueryEnhancerFactory - Hibernate is in classpath; If applicable, HQL parser will be used.
2026-02-21 00:40:54 DEBUG [] c.s.s.s.JwtAuthenticationFilter - Filter 'jwtAuthenticationFilter' configured for use
2026-02-21 00:40:54 INFO  [] o.s.s.c.a.a.c.InitializeAuthenticationProviderBeanManagerConfigurer$InitializeAuthenticationProviderManagerConfigurer - Global AuthenticationManager configured with AuthenticationProvider bean with name authenticationProvider
2026-02-21 00:40:54 WARN  [] o.s.s.c.a.a.c.InitializeUserDetailsBeanManagerConfigurer$InitializeUserDetailsManagerConfigurer - Global AuthenticationManager configured with an AuthenticationProvider bean. UserDetailsService beans will not be used by Spring Security for automatically configuring username/password login. Consider removing the AuthenticationProvider bean. Alternatively, consider using the UserDetailsService in a manually instantiated DaoAuthenticationProvider. If the current configuration is intentional, to turn off this warning, increase the logging level of 'org.springframework.security.config.annotation.authentication.configuration.InitializeUserDetailsBeanManagerConfigurer' to ERROR
2026-02-21 00:40:54 WARN  [] o.s.b.a.o.j.JpaBaseConfiguration$JpaWebConfiguration - spring.jpa.open-in-view is enabled by default. Therefore, database queries may be performed during view rendering. Explicitly configure spring.jpa.open-in-view to disable this warning
2026-02-21 00:40:55 INFO  [] o.s.b.a.h.H2ConsoleAutoConfiguration - H2 console available at '/h2-console'. Database available at 'jdbc:postgresql://ep-blue-field-afvby5th-pooler.c-2.us-west-2.aws.neon.tech/neondb?sslmode=require'
2026-02-21 00:40:55 INFO  [] o.s.b.d.a.OptionalLiveReloadServer - LiveReload server is running on port 35729
2026-02-21 00:40:55 INFO  [] o.a.coyote.http11.Http11NioProtocol - Starting ProtocolHandler ["http-nio-0.0.0.0-8081"]
2026-02-21 00:40:55 INFO  [] o.s.b.w.e.tomcat.TomcatWebServer - Tomcat started on port 8081 (http) with context path '/'
2026-02-21 00:40:55 INFO  [] c.s.snatchmart.SnatchMartApplication - Started SnatchMartApplication in 22.202 seconds (process running for 22.363)
2026-02-21 00:40:55 INFO  [] c.s.s.scheduler.DealScheduler - Starting 30-min price sync job
2026-02-21 00:40:55 INFO  [] c.s.s.s.s.AffiliateSyncServiceImpl - Synced 0 deals from amazon
2026-02-21 00:40:55 INFO  [] c.s.s.s.s.AffiliateSyncServiceImpl - Synced 0 deals from flipkart
2026-02-21 00:42:49 INFO  [] o.a.c.c.C.[Tomcat].[localhost].[/] - Initializing Spring DispatcherServlet 'dispatcherServlet'
2026-02-21 00:42:49 INFO  [] o.s.web.servlet.DispatcherServlet - Initializing Servlet 'dispatcherServlet'
2026-02-21 00:42:49 INFO  [] o.s.web.servlet.DispatcherServlet - Completed initialization in 1 ms
2026-02-21 00:43:03 INFO  [] o.s.b.w.e.tomcat.GracefulShutdown - Commencing graceful shutdown. Waiting for active requests to complete
2026-02-21 00:43:03 INFO  [] o.s.b.w.e.tomcat.GracefulShutdown - Graceful shutdown complete
2026-02-21 00:43:03 INFO  [] o.s.o.j.LocalContainerEntityManagerFactoryBean - Closing JPA EntityManagerFactory for persistence unit 'default'
2026-02-21 00:43:03 INFO  [] com.zaxxer.hikari.HikariDataSource - HikariPool-1 - Shutdown initiated...
2026-02-21 00:43:06 INFO  [] com.zaxxer.hikari.HikariDataSource - HikariPool-1 - Shutdown completed.
2026-02-21 00:43:11 INFO  [] o.h.validator.internal.util.Version - HV000001: Hibernate Validator 8.0.3.Final
2026-02-21 00:43:11 INFO  [] c.s.snatchmart.SnatchMartApplication - Starting SnatchMartApplication using Java 21.0.9 with PID 39531 (/Users/pulkitgiddu/Documents/Code/Backend/snatchMart/target/classes started by pulkitgiddu in /Users/pulkitgiddu/Documents/Code/Backend/snatchMart)
2026-02-21 00:43:11 DEBUG [] c.s.snatchmart.SnatchMartApplication - Running with Spring Boot v3.5.6, Spring v6.2.11
2026-02-21 00:43:11 INFO  [] c.s.snatchmart.SnatchMartApplication - The following 1 profile is active: "local"
2026-02-21 00:43:11 INFO  [] o.s.b.d.e.DevToolsPropertyDefaultsPostProcessor - Devtools property defaults active! Set 'spring.devtools.add-properties' to 'false' to disable
2026-02-21 00:43:11 INFO  [] o.s.b.d.e.DevToolsPropertyDefaultsPostProcessor - For additional web related logging consider setting the 'logging.level.web' property to 'DEBUG'
2026-02-21 00:43:11 INFO  [] o.s.d.r.c.RepositoryConfigurationDelegate - Multiple Spring Data modules found, entering strict repository configuration mode
2026-02-21 00:43:11 INFO  [] o.s.d.r.c.RepositoryConfigurationDelegate - Bootstrapping Spring Data JPA repositories in DEFAULT mode.
2026-02-21 00:43:11 INFO  [] o.s.d.r.c.RepositoryConfigurationDelegate - Finished Spring Data repository scanning in 57 ms. Found 12 JPA repository interfaces.
2026-02-21 00:43:12 INFO  [] o.s.b.w.e.tomcat.TomcatWebServer - Tomcat initialized with port 8081 (http)
2026-02-21 00:43:12 INFO  [] o.a.coyote.http11.Http11NioProtocol - Initializing ProtocolHandler ["http-nio-0.0.0.0-8081"]
2026-02-21 00:43:12 INFO  [] o.a.catalina.core.StandardService - Starting service [Tomcat]
2026-02-21 00:43:12 INFO  [] o.a.catalina.core.StandardEngine - Starting Servlet engine: [Apache Tomcat/10.1.46]
2026-02-21 00:43:12 INFO  [] o.a.c.c.C.[Tomcat].[localhost].[/] - Initializing Spring embedded WebApplicationContext
2026-02-21 00:43:12 INFO  [] o.s.b.w.s.c.ServletWebServerApplicationContext - Root WebApplicationContext: initialization completed in 591 ms
2026-02-21 00:43:12 INFO  [] o.h.jpa.internal.util.LogHelper - HHH000204: Processing PersistenceUnitInfo [name: default]
2026-02-21 00:43:12 INFO  [] org.hibernate.Version - HHH000412: Hibernate ORM core version 6.6.29.Final
2026-02-21 00:43:12 INFO  [] o.h.c.i.RegionFactoryInitiator - HHH000026: Second-level cache disabled
2026-02-21 00:43:12 INFO  [] o.s.o.j.p.SpringPersistenceUnitInfo - No LoadTimeWeaver setup: ignoring JPA class transformer
2026-02-21 00:43:12 INFO  [] com.zaxxer.hikari.HikariDataSource - HikariPool-1 - Starting...
2026-02-21 00:43:15 INFO  [] com.zaxxer.hikari.pool.HikariPool - HikariPool-1 - Added connection org.postgresql.jdbc.PgConnection@7e2980e4
2026-02-21 00:43:15 INFO  [] com.zaxxer.hikari.HikariDataSource - HikariPool-1 - Start completed.
2026-02-21 00:43:15 WARN  [] org.hibernate.orm.deprecation - HHH90000025: PostgreSQLDialect does not need to be specified explicitly using 'hibernate.dialect' (remove the property setting and it will be selected by default)
2026-02-21 00:43:16 INFO  [] o.hibernate.orm.connections.pooling - HHH10001005: Database info:
	Database JDBC URL [Connecting through datasource 'HikariDataSource (HikariPool-1)']
	Database driver: undefined/unknown
	Database version: 17.7
	Autocommit mode: undefined/unknown
	Isolation level: undefined/unknown
	Minimum pool size: undefined/unknown
	Maximum pool size: undefined/unknown
2026-02-21 00:43:16 INFO  [] o.h.e.t.j.p.i.JtaPlatformInitiator - HHH000489: No JTA platform available (set 'hibernate.transaction.jta.platform' to enable JTA platform integration)
2026-02-21 00:43:31 INFO  [] o.s.o.j.LocalContainerEntityManagerFactoryBean - Initialized JPA EntityManagerFactory for persistence unit 'default'
2026-02-21 00:43:31 INFO  [] o.s.d.j.r.query.QueryEnhancerFactory - Hibernate is in classpath; If applicable, HQL parser will be used.
2026-02-21 00:43:31 DEBUG [] c.s.s.s.JwtAuthenticationFilter - Filter 'jwtAuthenticationFilter' configured for use
2026-02-21 00:43:32 INFO  [] o.s.s.c.a.a.c.InitializeAuthenticationProviderBeanManagerConfigurer$InitializeAuthenticationProviderManagerConfigurer - Global AuthenticationManager configured with AuthenticationProvider bean with name authenticationProvider
2026-02-21 00:43:32 WARN  [] o.s.s.c.a.a.c.InitializeUserDetailsBeanManagerConfigurer$InitializeUserDetailsManagerConfigurer - Global AuthenticationManager configured with an AuthenticationProvider bean. UserDetailsService beans will not be used by Spring Security for automatically configuring username/password login. Consider removing the AuthenticationProvider bean. Alternatively, consider using the UserDetailsService in a manually instantiated DaoAuthenticationProvider. If the current configuration is intentional, to turn off this warning, increase the logging level of 'org.springframework.security.config.annotation.authentication.configuration.InitializeUserDetailsBeanManagerConfigurer' to ERROR
2026-02-21 00:43:32 WARN  [] o.s.b.a.o.j.JpaBaseConfiguration$JpaWebConfiguration - spring.jpa.open-in-view is enabled by default. Therefore, database queries may be performed during view rendering. Explicitly configure spring.jpa.open-in-view to disable this warning
2026-02-21 00:43:32 INFO  [] o.s.b.a.h.H2ConsoleAutoConfiguration - H2 console available at '/h2-console'. Database available at 'jdbc:postgresql://ep-blue-field-afvby5th-pooler.c-2.us-west-2.aws.neon.tech/neondb?sslmode=require'
2026-02-21 00:43:32 INFO  [] o.s.b.d.a.OptionalLiveReloadServer - LiveReload server is running on port 35729
2026-02-21 00:43:32 INFO  [] o.a.coyote.http11.Http11NioProtocol - Starting ProtocolHandler ["http-nio-0.0.0.0-8081"]
2026-02-21 00:43:32 INFO  [] o.s.b.w.e.tomcat.TomcatWebServer - Tomcat started on port 8081 (http) with context path '/'
2026-02-21 00:43:32 INFO  [] c.s.snatchmart.SnatchMartApplication - Started SnatchMartApplication in 21.467 seconds (process running for 21.597)
2026-02-21 00:43:32 INFO  [] c.s.s.scheduler.DealScheduler - Starting 30-min price sync job
2026-02-21 00:43:32 INFO  [] c.s.s.s.s.AffiliateSyncServiceImpl - Synced 0 deals from amazon
2026-02-21 00:43:32 INFO  [] c.s.s.s.s.AffiliateSyncServiceImpl - Synced 0 deals from flipkart
2026-02-21 00:43:36 INFO  [] o.a.c.c.C.[Tomcat].[localhost].[/] - Initializing Spring DispatcherServlet 'dispatcherServlet'
2026-02-21 00:43:36 INFO  [] o.s.web.servlet.DispatcherServlet - Initializing Servlet 'dispatcherServlet'
2026-02-21 00:43:36 INFO  [] o.s.web.servlet.DispatcherServlet - Completed initialization in 1 ms
2026-02-21 00:47:32 INFO  [] o.s.b.w.e.tomcat.GracefulShutdown - Commencing graceful shutdown. Waiting for active requests to complete
2026-02-21 00:47:32 INFO  [] o.s.b.w.e.tomcat.GracefulShutdown - Graceful shutdown complete
2026-02-21 00:47:32 INFO  [] o.s.o.j.LocalContainerEntityManagerFactoryBean - Closing JPA EntityManagerFactory for persistence unit 'default'
2026-02-21 00:47:32 INFO  [] com.zaxxer.hikari.HikariDataSource - HikariPool-1 - Shutdown initiated...
2026-02-21 00:47:35 INFO  [] com.zaxxer.hikari.HikariDataSource - HikariPool-1 - Shutdown completed.
2026-02-21 00:47:44 INFO  [] o.h.validator.internal.util.Version - HV000001: Hibernate Validator 8.0.3.Final
2026-02-21 00:47:44 INFO  [] c.s.snatchmart.SnatchMartApplication - Starting SnatchMartApplication using Java 21.0.9 with PID 40685 (/Users/pulkitgiddu/Documents/Code/Backend/snatchMart/target/classes started by pulkitgiddu in /Users/pulkitgiddu/Documents/Code/Backend/snatchMart)
2026-02-21 00:47:44 DEBUG [] c.s.snatchmart.SnatchMartApplication - Running with Spring Boot v3.5.6, Spring v6.2.11
2026-02-21 00:47:44 INFO  [] c.s.snatchmart.SnatchMartApplication - The following 1 profile is active: "local"
2026-02-21 00:47:44 INFO  [] o.s.b.d.e.DevToolsPropertyDefaultsPostProcessor - Devtools property defaults active! Set 'spring.devtools.add-properties' to 'false' to disable
2026-02-21 00:47:44 INFO  [] o.s.b.d.e.DevToolsPropertyDefaultsPostProcessor - For additional web related logging consider setting the 'logging.level.web' property to 'DEBUG'
2026-02-21 00:47:45 INFO  [] o.s.d.r.c.RepositoryConfigurationDelegate - Multiple Spring Data modules found, entering strict repository configuration mode
2026-02-21 00:47:45 INFO  [] o.s.d.r.c.RepositoryConfigurationDelegate - Bootstrapping Spring Data JPA repositories in DEFAULT mode.
2026-02-21 00:47:45 INFO  [] o.s.d.r.c.RepositoryConfigurationDelegate - Finished Spring Data repository scanning in 56 ms. Found 12 JPA repository interfaces.
2026-02-21 00:47:45 INFO  [] o.s.b.w.e.tomcat.TomcatWebServer - Tomcat initialized with port 8081 (http)
2026-02-21 00:47:45 INFO  [] o.a.coyote.http11.Http11NioProtocol - Initializing ProtocolHandler ["http-nio-0.0.0.0-8081"]
2026-02-21 00:47:45 INFO  [] o.a.catalina.core.StandardService - Starting service [Tomcat]
2026-02-21 00:47:45 INFO  [] o.a.catalina.core.StandardEngine - Starting Servlet engine: [Apache Tomcat/10.1.46]
2026-02-21 00:47:45 INFO  [] o.a.c.c.C.[Tomcat].[localhost].[/] - Initializing Spring embedded WebApplicationContext
2026-02-21 00:47:45 INFO  [] o.s.b.w.s.c.ServletWebServerApplicationContext - Root WebApplicationContext: initialization completed in 568 ms
2026-02-21 00:47:45 INFO  [] o.h.jpa.internal.util.LogHelper - HHH000204: Processing PersistenceUnitInfo [name: default]
2026-02-21 00:47:45 INFO  [] org.hibernate.Version - HHH000412: Hibernate ORM core version 6.6.29.Final
2026-02-21 00:47:45 INFO  [] o.h.c.i.RegionFactoryInitiator - HHH000026: Second-level cache disabled
2026-02-21 00:47:45 INFO  [] o.s.o.j.p.SpringPersistenceUnitInfo - No LoadTimeWeaver setup: ignoring JPA class transformer
2026-02-21 00:47:45 INFO  [] com.zaxxer.hikari.HikariDataSource - HikariPool-1 - Starting...
2026-02-21 00:47:48 INFO  [] com.zaxxer.hikari.pool.HikariPool - HikariPool-1 - Added connection org.postgresql.jdbc.PgConnection@5fda7567
2026-02-21 00:47:48 INFO  [] com.zaxxer.hikari.HikariDataSource - HikariPool-1 - Start completed.
2026-02-21 00:47:48 WARN  [] org.hibernate.orm.deprecation - HHH90000025: PostgreSQLDialect does not need to be specified explicitly using 'hibernate.dialect' (remove the property setting and it will be selected by default)
2026-02-21 00:47:49 INFO  [] o.hibernate.orm.connections.pooling - HHH10001005: Database info:
	Database JDBC URL [Connecting through datasource 'HikariDataSource (HikariPool-1)']
	Database driver: undefined/unknown
	Database version: 17.7
	Autocommit mode: undefined/unknown
	Isolation level: undefined/unknown
	Minimum pool size: undefined/unknown
	Maximum pool size: undefined/unknown
2026-02-21 00:47:50 INFO  [] o.h.e.t.j.p.i.JtaPlatformInitiator - HHH000489: No JTA platform available (set 'hibernate.transaction.jta.platform' to enable JTA platform integration)
2026-02-21 00:48:06 INFO  [] o.s.o.j.LocalContainerEntityManagerFactoryBean - Initialized JPA EntityManagerFactory for persistence unit 'default'
2026-02-21 00:48:06 INFO  [] o.s.d.j.r.query.QueryEnhancerFactory - Hibernate is in classpath; If applicable, HQL parser will be used.
2026-02-21 00:48:06 DEBUG [] c.s.s.s.JwtAuthenticationFilter - Filter 'jwtAuthenticationFilter' configured for use
2026-02-21 00:48:06 INFO  [] o.s.s.c.a.a.c.InitializeAuthenticationProviderBeanManagerConfigurer$InitializeAuthenticationProviderManagerConfigurer - Global AuthenticationManager configured with AuthenticationProvider bean with name authenticationProvider
2026-02-21 00:48:06 WARN  [] o.s.s.c.a.a.c.InitializeUserDetailsBeanManagerConfigurer$InitializeUserDetailsManagerConfigurer - Global AuthenticationManager configured with an AuthenticationProvider bean. UserDetailsService beans will not be used by Spring Security for automatically configuring username/password login. Consider removing the AuthenticationProvider bean. Alternatively, consider using the UserDetailsService in a manually instantiated DaoAuthenticationProvider. If the current configuration is intentional, to turn off this warning, increase the logging level of 'org.springframework.security.config.annotation.authentication.configuration.InitializeUserDetailsBeanManagerConfigurer' to ERROR
2026-02-21 00:48:06 WARN  [] o.s.b.a.o.j.JpaBaseConfiguration$JpaWebConfiguration - spring.jpa.open-in-view is enabled by default. Therefore, database queries may be performed during view rendering. Explicitly configure spring.jpa.open-in-view to disable this warning
2026-02-21 00:48:07 INFO  [] o.s.b.a.h.H2ConsoleAutoConfiguration - H2 console available at '/h2-console'. Database available at 'jdbc:postgresql://ep-blue-field-afvby5th-pooler.c-2.us-west-2.aws.neon.tech/neondb?sslmode=require'
2026-02-21 00:48:07 INFO  [] o.s.b.d.a.OptionalLiveReloadServer - LiveReload server is running on port 35729
2026-02-21 00:48:07 INFO  [] o.a.coyote.http11.Http11NioProtocol - Starting ProtocolHandler ["http-nio-0.0.0.0-8081"]
2026-02-21 00:48:07 INFO  [] o.s.b.w.e.tomcat.TomcatWebServer - Tomcat started on port 8081 (http) with context path '/'
2026-02-21 00:48:07 INFO  [] c.s.snatchmart.SnatchMartApplication - Started SnatchMartApplication in 22.799 seconds (process running for 22.935)
2026-02-21 00:48:07 INFO  [] c.s.s.scheduler.DealScheduler - Starting 30-min price sync job
2026-02-21 00:48:07 INFO  [] c.s.s.s.s.AffiliateSyncServiceImpl - Synced 0 deals from amazon
2026-02-21 00:48:07 INFO  [] c.s.s.s.s.AffiliateSyncServiceImpl - Synced 0 deals from flipkart
2026-02-21 00:50:05 INFO  [] o.a.c.c.C.[Tomcat].[localhost].[/] - Initializing Spring DispatcherServlet 'dispatcherServlet'
2026-02-21 00:50:05 INFO  [] o.s.web.servlet.DispatcherServlet - Initializing Servlet 'dispatcherServlet'
2026-02-21 00:50:05 INFO  [] o.s.web.servlet.DispatcherServlet - Completed initialization in 3 ms
2026-02-21 00:50:31 INFO  [] c.s.s.c.UserSignUpController - BACKEND received POST /api/v1/login: email_id=pulkitgiddu09@gmail.com, password present=true
2026-02-21 00:50:32 WARN  [] o.s.w.s.m.m.a.ExceptionHandlerExceptionResolver - Resolved [java.lang.RuntimeException: Invalid email or password]
2026-02-21 00:53:03 INFO  [] c.s.s.c.UserSignUpController - BACKEND received POST /api/v1/login: email_id=pulkitgiddu09@gmail.com, password present=true
2026-02-21 00:53:04 INFO  [] c.s.s.c.UserSignUpController - BACKEND login success: id=8789ba4d-c1ba-4041-a3ef-37bc17ff21a9
2026-02-21 00:55:20 INFO  [] o.s.b.d.a.LocalDevToolsAutoConfiguration$RestartingClassPathChangeChangedEventListener - Restarting due to 1 class path change (0 additions, 0 deletions, 1 modification)
2026-02-21 00:55:20 INFO  [] o.s.b.w.e.tomcat.GracefulShutdown - Commencing graceful shutdown. Waiting for active requests to complete
2026-02-21 00:55:20 INFO  [] o.a.coyote.http11.Http11NioProtocol - Pausing ProtocolHandler ["http-nio-0.0.0.0-8081"]
2026-02-21 00:55:20 INFO  [] o.s.b.w.e.tomcat.GracefulShutdown - Graceful shutdown complete
2026-02-21 00:55:20 INFO  [] o.a.coyote.http11.Http11NioProtocol - Stopping ProtocolHandler ["http-nio-0.0.0.0-8081"]
2026-02-21 00:55:20 INFO  [] o.s.o.j.LocalContainerEntityManagerFactoryBean - Closing JPA EntityManagerFactory for persistence unit 'default'
2026-02-21 00:55:20 INFO  [] com.zaxxer.hikari.HikariDataSource - HikariPool-1 - Shutdown initiated...
2026-02-21 00:55:23 INFO  [] com.zaxxer.hikari.HikariDataSource - HikariPool-1 - Shutdown completed.
2026-02-21 00:55:23 INFO  [] c.s.snatchmart.SnatchMartApplication - Starting SnatchMartApplication using Java 21.0.9 with PID 40685 (/Users/pulkitgiddu/Documents/Code/Backend/snatchMart/target/classes started by pulkitgiddu in /Users/pulkitgiddu/Documents/Code/Backend/snatchMart)
2026-02-21 00:55:23 DEBUG [] c.s.snatchmart.SnatchMartApplication - Running with Spring Boot v3.5.6, Spring v6.2.11
2026-02-21 00:55:23 INFO  [] c.s.snatchmart.SnatchMartApplication - The following 1 profile is active: "local"
2026-02-21 00:55:23 INFO  [] o.s.d.r.c.RepositoryConfigurationDelegate - Multiple Spring Data modules found, entering strict repository configuration mode
2026-02-21 00:55:23 INFO  [] o.s.d.r.c.RepositoryConfigurationDelegate - Bootstrapping Spring Data JPA repositories in DEFAULT mode.
2026-02-21 00:55:23 INFO  [] o.s.d.r.c.RepositoryConfigurationDelegate - Finished Spring Data repository scanning in 30 ms. Found 12 JPA repository interfaces.
2026-02-21 00:55:23 INFO  [] o.s.b.w.e.tomcat.TomcatWebServer - Tomcat initialized with port 8081 (http)
2026-02-21 00:55:23 INFO  [] o.a.coyote.http11.Http11NioProtocol - Initializing ProtocolHandler ["http-nio-0.0.0.0-8081"]
2026-02-21 00:55:23 INFO  [] o.a.catalina.core.StandardService - Starting service [Tomcat]
2026-02-21 00:55:23 INFO  [] o.a.catalina.core.StandardEngine - Starting Servlet engine: [Apache Tomcat/10.1.46]
2026-02-21 00:55:23 INFO  [] o.a.c.c.C.[Tomcat].[localhost].[/] - Initializing Spring embedded WebApplicationContext
2026-02-21 00:55:23 INFO  [] o.s.b.w.s.c.ServletWebServerApplicationContext - Root WebApplicationContext: initialization completed in 282 ms
2026-02-21 00:55:23 INFO  [] o.h.jpa.internal.util.LogHelper - HHH000204: Processing PersistenceUnitInfo [name: default]
2026-02-21 00:55:23 INFO  [] o.h.c.i.RegionFactoryInitiator - HHH000026: Second-level cache disabled
2026-02-21 00:55:23 INFO  [] o.s.o.j.p.SpringPersistenceUnitInfo - No LoadTimeWeaver setup: ignoring JPA class transformer
2026-02-21 00:55:23 INFO  [] com.zaxxer.hikari.HikariDataSource - HikariPool-2 - Starting...
2026-02-21 00:55:26 INFO  [] com.zaxxer.hikari.pool.HikariPool - HikariPool-2 - Added connection org.postgresql.jdbc.PgConnection@15d1d478
2026-02-21 00:55:26 INFO  [] com.zaxxer.hikari.HikariDataSource - HikariPool-2 - Start completed.
2026-02-21 00:55:26 WARN  [] org.hibernate.orm.deprecation - HHH90000025: PostgreSQLDialect does not need to be specified explicitly using 'hibernate.dialect' (remove the property setting and it will be selected by default)
2026-02-21 00:55:27 INFO  [] o.hibernate.orm.connections.pooling - HHH10001005: Database info:
	Database JDBC URL [Connecting through datasource 'HikariDataSource (HikariPool-2)']
	Database driver: undefined/unknown
	Database version: 17.7
	Autocommit mode: undefined/unknown
	Isolation level: undefined/unknown
	Minimum pool size: undefined/unknown
	Maximum pool size: undefined/unknown
2026-02-21 00:55:27 INFO  [] o.h.e.t.j.p.i.JtaPlatformInitiator - HHH000489: No JTA platform available (set 'hibernate.transaction.jta.platform' to enable JTA platform integration)
2026-02-21 00:55:41 INFO  [] o.s.o.j.LocalContainerEntityManagerFactoryBean - Initialized JPA EntityManagerFactory for persistence unit 'default'
2026-02-21 00:55:41 DEBUG [] c.s.s.s.JwtAuthenticationFilter - Filter 'jwtAuthenticationFilter' configured for use
2026-02-21 00:55:41 INFO  [] o.s.s.c.a.a.c.InitializeAuthenticationProviderBeanManagerConfigurer$InitializeAuthenticationProviderManagerConfigurer - Global AuthenticationManager configured with AuthenticationProvider bean with name authenticationProvider
2026-02-21 00:55:41 WARN  [] o.s.s.c.a.a.c.InitializeUserDetailsBeanManagerConfigurer$InitializeUserDetailsManagerConfigurer - Global AuthenticationManager configured with an AuthenticationProvider bean. UserDetailsService beans will not be used by Spring Security for automatically configuring username/password login. Consider removing the AuthenticationProvider bean. Alternatively, consider using the UserDetailsService in a manually instantiated DaoAuthenticationProvider. If the current configuration is intentional, to turn off this warning, increase the logging level of 'org.springframework.security.config.annotation.authentication.configuration.InitializeUserDetailsBeanManagerConfigurer' to ERROR
2026-02-21 00:55:41 WARN  [] o.s.b.a.o.j.JpaBaseConfiguration$JpaWebConfiguration - spring.jpa.open-in-view is enabled by default. Therefore, database queries may be performed during view rendering. Explicitly configure spring.jpa.open-in-view to disable this warning
2026-02-21 00:55:41 INFO  [] o.s.b.a.h.H2ConsoleAutoConfiguration - H2 console available at '/h2-console'. Database available at 'jdbc:postgresql://ep-blue-field-afvby5th-pooler.c-2.us-west-2.aws.neon.tech/neondb?sslmode=require'
2026-02-21 00:55:41 INFO  [] o.s.b.d.a.OptionalLiveReloadServer - LiveReload server is running on port 35729
2026-02-21 00:55:41 INFO  [] o.a.coyote.http11.Http11NioProtocol - Starting ProtocolHandler ["http-nio-0.0.0.0-8081"]
2026-02-21 00:55:41 INFO  [] o.s.b.w.e.tomcat.TomcatWebServer - Tomcat started on port 8081 (http) with context path '/'
2026-02-21 00:55:41 INFO  [] c.s.s.scheduler.DealScheduler - Starting 30-min price sync job
2026-02-21 00:55:41 INFO  [] c.s.snatchmart.SnatchMartApplication - Started SnatchMartApplication in 18.714 seconds (process running for 477.424)
2026-02-21 00:55:41 INFO  [] c.s.s.s.s.AffiliateSyncServiceImpl - Synced 0 deals from amazon
2026-02-21 00:55:41 INFO  [] c.s.s.s.s.AffiliateSyncServiceImpl - Synced 0 deals from flipkart
2026-02-21 00:55:41 INFO  [] o.s.b.d.a.ConditionEvaluationDeltaLoggingListener - Condition evaluation unchanged
2026-02-21 00:58:02 INFO  [] o.s.b.w.e.tomcat.GracefulShutdown - Commencing graceful shutdown. Waiting for active requests to complete
2026-02-21 00:58:02 INFO  [] o.s.b.w.e.tomcat.GracefulShutdown - Graceful shutdown complete
2026-02-21 00:58:02 INFO  [] o.s.o.j.LocalContainerEntityManagerFactoryBean - Closing JPA EntityManagerFactory for persistence unit 'default'
2026-02-21 00:58:02 INFO  [] com.zaxxer.hikari.HikariDataSource - HikariPool-2 - Shutdown initiated...
2026-02-21 00:58:05 INFO  [] com.zaxxer.hikari.HikariDataSource - HikariPool-2 - Shutdown completed.
2026-02-21 00:58:17 INFO  [] o.h.validator.internal.util.Version - HV000001: Hibernate Validator 8.0.3.Final
2026-02-21 00:58:17 INFO  [] c.s.snatchmart.SnatchMartApplication - Starting SnatchMartApplication using Java 21.0.9 with PID 42467 (/Users/pulkitgiddu/Documents/Code/Backend/snatchMart/target/classes started by pulkitgiddu in /Users/pulkitgiddu/Documents/Code/Backend/snatchMart)
2026-02-21 00:58:17 DEBUG [] c.s.snatchmart.SnatchMartApplication - Running with Spring Boot v3.5.6, Spring v6.2.11
2026-02-21 00:58:17 INFO  [] c.s.snatchmart.SnatchMartApplication - The following 1 profile is active: "local"
2026-02-21 00:58:17 INFO  [] o.s.b.d.e.DevToolsPropertyDefaultsPostProcessor - Devtools property defaults active! Set 'spring.devtools.add-properties' to 'false' to disable
2026-02-21 00:58:17 INFO  [] o.s.b.d.e.DevToolsPropertyDefaultsPostProcessor - For additional web related logging consider setting the 'logging.level.web' property to 'DEBUG'
2026-02-21 00:58:17 INFO  [] o.s.d.r.c.RepositoryConfigurationDelegate - Multiple Spring Data modules found, entering strict repository configuration mode
2026-02-21 00:58:17 INFO  [] o.s.d.r.c.RepositoryConfigurationDelegate - Bootstrapping Spring Data JPA repositories in DEFAULT mode.
2026-02-21 00:58:17 INFO  [] o.s.d.r.c.RepositoryConfigurationDelegate - Finished Spring Data repository scanning in 61 ms. Found 12 JPA repository interfaces.
2026-02-21 00:58:17 INFO  [] o.s.b.w.e.tomcat.TomcatWebServer - Tomcat initialized with port 8081 (http)
2026-02-21 00:58:17 INFO  [] o.a.coyote.http11.Http11NioProtocol - Initializing ProtocolHandler ["http-nio-0.0.0.0-8081"]
2026-02-21 00:58:17 INFO  [] o.a.catalina.core.StandardService - Starting service [Tomcat]
2026-02-21 00:58:17 INFO  [] o.a.catalina.core.StandardEngine - Starting Servlet engine: [Apache Tomcat/10.1.46]
2026-02-21 00:58:17 INFO  [] o.a.c.c.C.[Tomcat].[localhost].[/] - Initializing Spring embedded WebApplicationContext
2026-02-21 00:58:17 INFO  [] o.s.b.w.s.c.ServletWebServerApplicationContext - Root WebApplicationContext: initialization completed in 747 ms
2026-02-21 00:58:17 INFO  [] o.h.jpa.internal.util.LogHelper - HHH000204: Processing PersistenceUnitInfo [name: default]
2026-02-21 00:58:17 INFO  [] org.hibernate.Version - HHH000412: Hibernate ORM core version 6.6.29.Final
2026-02-21 00:58:17 INFO  [] o.h.c.i.RegionFactoryInitiator - HHH000026: Second-level cache disabled
2026-02-21 00:58:18 INFO  [] o.s.o.j.p.SpringPersistenceUnitInfo - No LoadTimeWeaver setup: ignoring JPA class transformer
2026-02-21 00:58:18 INFO  [] com.zaxxer.hikari.HikariDataSource - HikariPool-1 - Starting...
2026-02-21 00:58:20 INFO  [] com.zaxxer.hikari.pool.HikariPool - HikariPool-1 - Added connection org.postgresql.jdbc.PgConnection@48e4794
2026-02-21 00:58:20 INFO  [] com.zaxxer.hikari.HikariDataSource - HikariPool-1 - Start completed.
2026-02-21 00:58:21 WARN  [] org.hibernate.orm.deprecation - HHH90000025: PostgreSQLDialect does not need to be specified explicitly using 'hibernate.dialect' (remove the property setting and it will be selected by default)
2026-02-21 00:58:22 INFO  [] o.hibernate.orm.connections.pooling - HHH10001005: Database info:
	Database JDBC URL [Connecting through datasource 'HikariDataSource (HikariPool-1)']
	Database driver: undefined/unknown
	Database version: 17.7
	Autocommit mode: undefined/unknown
	Isolation level: undefined/unknown
	Minimum pool size: undefined/unknown
	Maximum pool size: undefined/unknown
2026-02-21 00:58:22 INFO  [] o.h.e.t.j.p.i.JtaPlatformInitiator - HHH000489: No JTA platform available (set 'hibernate.transaction.jta.platform' to enable JTA platform integration)
2026-02-21 00:58:38 INFO  [] o.s.o.j.LocalContainerEntityManagerFactoryBean - Initialized JPA EntityManagerFactory for persistence unit 'default'
2026-02-21 00:58:38 INFO  [] o.s.d.j.r.query.QueryEnhancerFactory - Hibernate is in classpath; If applicable, HQL parser will be used.
2026-02-21 00:58:38 DEBUG [] c.s.s.s.JwtAuthenticationFilter - Filter 'jwtAuthenticationFilter' configured for use
2026-02-21 00:58:38 INFO  [] o.s.s.c.a.a.c.InitializeAuthenticationProviderBeanManagerConfigurer$InitializeAuthenticationProviderManagerConfigurer - Global AuthenticationManager configured with AuthenticationProvider bean with name authenticationProvider
2026-02-21 00:58:38 WARN  [] o.s.s.c.a.a.c.InitializeUserDetailsBeanManagerConfigurer$InitializeUserDetailsManagerConfigurer - Global AuthenticationManager configured with an AuthenticationProvider bean. UserDetailsService beans will not be used by Spring Security for automatically configuring username/password login. Consider removing the AuthenticationProvider bean. Alternatively, consider using the UserDetailsService in a manually instantiated DaoAuthenticationProvider. If the current configuration is intentional, to turn off this warning, increase the logging level of 'org.springframework.security.config.annotation.authentication.configuration.InitializeUserDetailsBeanManagerConfigurer' to ERROR
2026-02-21 00:58:38 WARN  [] o.s.b.a.o.j.JpaBaseConfiguration$JpaWebConfiguration - spring.jpa.open-in-view is enabled by default. Therefore, database queries may be performed during view rendering. Explicitly configure spring.jpa.open-in-view to disable this warning
2026-02-21 00:58:39 INFO  [] o.s.b.a.h.H2ConsoleAutoConfiguration - H2 console available at '/h2-console'. Database available at 'jdbc:postgresql://ep-blue-field-afvby5th-pooler.c-2.us-west-2.aws.neon.tech/neondb?sslmode=require'
2026-02-21 00:58:39 INFO  [] o.s.b.d.a.OptionalLiveReloadServer - LiveReload server is running on port 35729
2026-02-21 00:58:39 INFO  [] o.a.coyote.http11.Http11NioProtocol - Starting ProtocolHandler ["http-nio-0.0.0.0-8081"]
2026-02-21 00:58:39 INFO  [] o.s.b.w.e.tomcat.TomcatWebServer - Tomcat started on port 8081 (http) with context path '/'
2026-02-21 00:58:39 INFO  [] c.s.snatchmart.SnatchMartApplication - Started SnatchMartApplication in 22.385 seconds (process running for 22.558)
2026-02-21 00:58:39 INFO  [] c.s.s.scheduler.DealScheduler - Starting 30-min price sync job
2026-02-21 00:58:39 INFO  [] c.s.s.s.s.AffiliateSyncServiceImpl - Synced 0 deals from amazon
2026-02-21 00:58:39 INFO  [] c.s.s.s.s.AffiliateSyncServiceImpl - Synced 0 deals from flipkart
2026-02-21 00:58:48 INFO  [] o.a.c.c.C.[Tomcat].[localhost].[/] - Initializing Spring DispatcherServlet 'dispatcherServlet'
2026-02-21 00:58:48 INFO  [] o.s.web.servlet.DispatcherServlet - Initializing Servlet 'dispatcherServlet'
2026-02-21 00:58:48 INFO  [] o.s.web.servlet.DispatcherServlet - Completed initialization in 2 ms
2026-02-21 00:59:13 INFO  [] c.s.s.c.UserSignUpController - BACKEND received POST /api/v1/login: email_id=pulkitgiddu09@gmail.com, password present=true
2026-02-21 00:59:14 WARN  [] o.s.w.s.m.m.a.ExceptionHandlerExceptionResolver - Resolved [java.lang.RuntimeException: Invalid email or password]
2026-02-21 00:59:38 INFO  [] c.s.s.c.UserSignUpController - BACKEND received POST /api/v1/login: email_id=pulkitgiddu09@gmail.com, password present=true
2026-02-21 00:59:39 INFO  [] c.s.s.c.UserSignUpController - BACKEND login success: id=8789ba4d-c1ba-4041-a3ef-37bc17ff21a9
2026-02-21 01:28:39 INFO  [] c.s.s.scheduler.DealScheduler - Starting 30-min price sync job
2026-02-21 01:28:39 INFO  [] c.s.s.s.s.AffiliateSyncServiceImpl - Synced 0 deals from amazon
2026-02-21 01:28:39 INFO  [] c.s.s.s.s.AffiliateSyncServiceImpl - Synced 0 deals from flipkart
2026-02-21 01:58:39 INFO  [] c.s.s.scheduler.DealScheduler - Starting 30-min price sync job
2026-02-21 01:58:39 INFO  [] c.s.s.s.s.AffiliateSyncServiceImpl - Synced 0 deals from amazon
2026-02-21 01:58:39 INFO  [] c.s.s.s.s.AffiliateSyncServiceImpl - Synced 0 deals from flipkart
2026-02-21 02:26:01 WARN  [] o.h.p.entity.AbstractEntityPersister - HHH000502: The [product] property of the [com.snatchmart.snatchmart.entity.UserWishlist] entity was modified, but it won't be updated because the property is immutable.
2026-02-21 02:26:01 WARN  [] o.h.p.entity.AbstractEntityPersister - HHH000502: The [user] property of the [com.snatchmart.snatchmart.entity.UserWishlist] entity was modified, but it won't be updated because the property is immutable.
2026-02-21 02:28:39 INFO  [] c.s.s.scheduler.DealScheduler - Starting 30-min price sync job
2026-02-21 02:28:39 INFO  [] c.s.s.s.s.AffiliateSyncServiceImpl - Synced 0 deals from amazon
2026-02-21 02:28:39 INFO  [] c.s.s.s.s.AffiliateSyncServiceImpl - Synced 0 deals from flipkart
2026-02-21 02:58:39 INFO  [] c.s.s.scheduler.DealScheduler - Starting 30-min price sync job
2026-02-21 02:58:39 INFO  [] c.s.s.s.s.AffiliateSyncServiceImpl - Synced 0 deals from amazon
2026-02-21 02:58:39 INFO  [] c.s.s.s.s.AffiliateSyncServiceImpl - Synced 0 deals from flipkart
2026-02-21 03:03:23 WARN  [] com.zaxxer.hikari.pool.PoolBase - HikariPool-1 - Failed to validate connection org.postgresql.jdbc.PgConnection@3f75a11f (This connection has been closed.). Possibly consider using a shorter maxLifetime value.
2026-02-21 03:28:39 INFO  [] c.s.s.scheduler.DealScheduler - Starting 30-min price sync job
2026-02-21 03:28:39 INFO  [] c.s.s.s.s.AffiliateSyncServiceImpl - Synced 0 deals from amazon
2026-02-21 03:28:39 INFO  [] c.s.s.s.s.AffiliateSyncServiceImpl - Synced 0 deals from flipkart
2026-02-21 05:00:41 WARN  [] com.zaxxer.hikari.pool.PoolBase - HikariPool-1 - Failed to validate connection org.postgresql.jdbc.PgConnection@1a8d55aa (This connection has been closed.). Possibly consider using a shorter maxLifetime value.
2026-02-21 05:00:42 WARN  [] com.zaxxer.hikari.pool.PoolBase - HikariPool-1 - Failed to validate connection org.postgresql.jdbc.PgConnection@172cb728 (This connection has been closed.). Possibly consider using a shorter maxLifetime value.
2026-02-21 05:00:44 WARN  [] com.zaxxer.hikari.pool.HikariPool - HikariPool-1 - Thread starvation or clock leap detected (housekeeper delta=1h3m40s335ms).
2026-02-21 05:52:52 WARN  [] com.zaxxer.hikari.pool.PoolBase - HikariPool-1 - Failed to validate connection org.postgresql.jdbc.PgConnection@2dcc2e2f (This connection has been closed.). Possibly consider using a shorter maxLifetime value.
2026-02-21 05:57:22 WARN  [] com.zaxxer.hikari.pool.HikariPool - HikariPool-1 - Thread starvation or clock leap detected (housekeeper delta=56m38s691ms).
2026-02-21 05:57:33 WARN  [] com.zaxxer.hikari.pool.PoolBase - HikariPool-1 - Failed to validate connection org.postgresql.jdbc.PgConnection@23ba6715 (This connection has been closed.). Possibly consider using a shorter maxLifetime value.
2026-02-21 05:57:36 WARN  [] com.zaxxer.hikari.pool.PoolBase - HikariPool-1 - Failed to validate connection org.postgresql.jdbc.PgConnection@52eb1e73 (This connection has been closed.). Possibly consider using a shorter maxLifetime value.
2026-02-21 06:13:40 WARN  [] com.zaxxer.hikari.pool.PoolBase - HikariPool-1 - Failed to validate connection org.postgresql.jdbc.PgConnection@6b70a1d8 (This connection has been closed.). Possibly consider using a shorter maxLifetime value.
2026-02-21 06:20:19 WARN  [] com.zaxxer.hikari.pool.PoolBase - HikariPool-1 - Failed to validate connection org.postgresql.jdbc.PgConnection@526760eb (This connection has been closed.). Possibly consider using a shorter maxLifetime value.
2026-02-21 06:20:20 INFO  [] c.s.s.scheduler.DealScheduler - Starting 30-min price sync job
2026-02-21 06:20:20 WARN  [] com.zaxxer.hikari.pool.PoolBase - HikariPool-1 - Failed to validate connection org.postgresql.jdbc.PgConnection@25eb9cd9 (This connection has been closed.). Possibly consider using a shorter maxLifetime value.
2026-02-21 06:20:20 WARN  [] com.zaxxer.hikari.pool.PoolBase - HikariPool-1 - Failed to validate connection org.postgresql.jdbc.PgConnection@622dca6 (This connection has been closed.). Possibly consider using a shorter maxLifetime value.
2026-02-21 06:20:36 WARN  [] com.zaxxer.hikari.pool.HikariPool - HikariPool-1 - Thread starvation or clock leap detected (housekeeper delta=22m43s368ms).
2026-02-21 06:20:50 WARN  [] o.h.e.jdbc.spi.SqlExceptionHelper - SQL Error: 0, SQLState: 08003
2026-02-21 06:20:50 ERROR [] o.h.e.jdbc.spi.SqlExceptionHelper - HikariPool-1 - Connection is not available, request timed out after 30014ms (total=0, active=0, idle=0, waiting=0)
2026-02-21 06:20:50 ERROR [] o.h.e.jdbc.spi.SqlExceptionHelper - This connection has been closed.
2026-02-21 06:20:50 ERROR [] o.s.s.s.TaskUtils$LoggingErrorHandler - Unexpected error occurred in scheduled task
org.springframework.transaction.CannotCreateTransactionException: Could not open JPA EntityManager for transaction
	at org.springframework.orm.jpa.JpaTransactionManager.doBegin(JpaTransactionManager.java:467)
	at org.springframework.transaction.support.AbstractPlatformTransactionManager.startTransaction(AbstractPlatformTransactionManager.java:532)
	at org.springframework.transaction.support.AbstractPlatformTransactionManager.getTransaction(AbstractPlatformTransactionManager.java:405)
	at org.springframework.transaction.interceptor.TransactionAspectSupport.createTransactionIfNecessary(TransactionAspectSupport.java:639)
	at org.springframework.transaction.interceptor.TransactionAspectSupport.invokeWithinTransaction(TransactionAspectSupport.java:374)
	at org.springframework.transaction.interceptor.TransactionInterceptor.invoke(TransactionInterceptor.java:119)
	at org.springframework.aop.framework.ReflectiveMethodInvocation.proceed(ReflectiveMethodInvocation.java:184)
	at org.springframework.aop.framework.CglibAopProxy$DynamicAdvisedInterceptor.intercept(CglibAopProxy.java:728)
	at com.snatchmart.snatchmart.service.serviceImpl.AffiliateSyncServiceImpl$$SpringCGLIB$$0.syncDeals(<generated>)
	at com.snatchmart.snatchmart.scheduler.DealScheduler.syncPrices(DealScheduler.java:22)
	at java.base/jdk.internal.reflect.DirectMethodHandleAccessor.invoke(DirectMethodHandleAccessor.java:103)
	at java.base/java.lang.reflect.Method.invoke(Method.java:580)
	at org.springframework.scheduling.support.ScheduledMethodRunnable.runInternal(ScheduledMethodRunnable.java:130)
	at org.springframework.scheduling.support.ScheduledMethodRunnable.lambda$run$2(ScheduledMethodRunnable.java:124)
	at io.micrometer.observation.Observation.observe(Observation.java:498)
	at org.springframework.scheduling.support.ScheduledMethodRunnable.run(ScheduledMethodRunnable.java:124)
	at org.springframework.scheduling.config.Task$OutcomeTrackingRunnable.run(Task.java:85)
	at org.springframework.scheduling.support.DelegatingErrorHandlingRunnable.run(DelegatingErrorHandlingRunnable.java:54)
	at java.base/java.util.concurrent.Executors$RunnableAdapter.call(Executors.java:572)
	at java.base/java.util.concurrent.FutureTask.runAndReset(FutureTask.java:358)
	at java.base/java.util.concurrent.ScheduledThreadPoolExecutor$ScheduledFutureTask.run(ScheduledThreadPoolExecutor.java:305)
	at java.base/java.util.concurrent.ThreadPoolExecutor.runWorker(ThreadPoolExecutor.java:1144)
	at java.base/java.util.concurrent.ThreadPoolExecutor$Worker.run(ThreadPoolExecutor.java:642)
	at java.base/java.lang.Thread.run(Thread.java:1583)
Caused by: org.hibernate.exception.JDBCConnectionException: Unable to acquire JDBC Connection [HikariPool-1 - Connection is not available, request timed out after 30014ms (total=0, active=0, idle=0, waiting=0)] [n/a]
	at org.hibernate.exception.internal.SQLExceptionTypeDelegate.convert(SQLExceptionTypeDelegate.java:51)
	at org.hibernate.exception.internal.StandardSQLExceptionConverter.convert(StandardSQLExceptionConverter.java:58)
	at org.hibernate.engine.jdbc.spi.SqlExceptionHelper.convert(SqlExceptionHelper.java:108)
	at org.hibernate.engine.jdbc.spi.SqlExceptionHelper.convert(SqlExceptionHelper.java:94)
	at org.hibernate.resource.jdbc.internal.LogicalConnectionManagedImpl.acquireConnectionIfNeeded(LogicalConnectionManagedImpl.java:129)
	at org.hibernate.resource.jdbc.internal.LogicalConnectionManagedImpl.getPhysicalConnection(LogicalConnectionManagedImpl.java:156)
	at org.hibernate.resource.jdbc.internal.LogicalConnectionManagedImpl.getConnectionForTransactionManagement(LogicalConnectionManagedImpl.java:286)
	at org.hibernate.resource.jdbc.internal.LogicalConnectionManagedImpl.begin(LogicalConnectionManagedImpl.java:294)
	at org.hibernate.resource.transaction.backend.jdbc.internal.JdbcResourceLocalTransactionCoordinatorImpl$TransactionDriverControlImpl.begin(JdbcResourceLocalTransactionCoordinatorImpl.java:232)
	at org.hibernate.engine.transaction.internal.TransactionImpl.begin(TransactionImpl.java:83)
	at org.springframework.orm.jpa.vendor.HibernateJpaDialect.beginTransaction(HibernateJpaDialect.java:176)
	at org.springframework.orm.jpa.JpaTransactionManager.doBegin(JpaTransactionManager.java:421)
	... 23 common frames omitted
Caused by: java.sql.SQLTransientConnectionException: HikariPool-1 - Connection is not available, request timed out after 30014ms (total=0, active=0, idle=0, waiting=0)
	at com.zaxxer.hikari.pool.HikariPool.createTimeoutException(HikariPool.java:714)
	at com.zaxxer.hikari.pool.HikariPool.getConnection(HikariPool.java:184)
	at com.zaxxer.hikari.pool.HikariPool.getConnection(HikariPool.java:142)
	at com.zaxxer.hikari.HikariDataSource.getConnection(HikariDataSource.java:127)
	at org.hibernate.engine.jdbc.connections.internal.DatasourceConnectionProviderImpl.getConnection(DatasourceConnectionProviderImpl.java:126)
	at org.hibernate.internal.NonContextualJdbcConnectionAccess.obtainConnection(NonContextualJdbcConnectionAccess.java:46)
	at org.hibernate.resource.jdbc.internal.LogicalConnectionManagedImpl.acquireConnectionIfNeeded(LogicalConnectionManagedImpl.java:126)
	... 30 common frames omitted
Caused by: org.postgresql.util.PSQLException: This connection has been closed.
	at org.postgresql.jdbc.PgConnection.checkClosed(PgConnection.java:1012)
	at org.postgresql.jdbc.PgConnection.setNetworkTimeout(PgConnection.java:1736)
	at com.zaxxer.hikari.pool.PoolBase.setNetworkTimeout(PoolBase.java:582)
	at com.zaxxer.hikari.pool.PoolBase.isConnectionDead(PoolBase.java:174)
	at com.zaxxer.hikari.pool.HikariPool.getConnection(HikariPool.java:166)
	... 35 common frames omitted
2026-02-21 06:38:19 WARN  [] com.zaxxer.hikari.pool.HikariPool - HikariPool-1 - Thread starvation or clock leap detected (housekeeper delta=17m42s927ms).
2026-02-21 06:58:32 WARN  [] com.zaxxer.hikari.pool.HikariPool - HikariPool-1 - Thread starvation or clock leap detected (housekeeper delta=20m13s334ms).
2026-02-21 07:31:14 WARN  [] com.zaxxer.hikari.pool.HikariPool - HikariPool-1 - Thread starvation or clock leap detected (housekeeper delta=32m41s612ms).
2026-02-21 07:59:29 WARN  [] com.zaxxer.hikari.pool.HikariPool - HikariPool-1 - Thread starvation or clock leap detected (housekeeper delta=28m15s318ms).
2026-02-21 08:51:59 WARN  [] com.zaxxer.hikari.pool.HikariPool - HikariPool-1 - Thread starvation or clock leap detected (housekeeper delta=52m29s547ms).
2026-02-21 09:00:35 WARN  [] com.zaxxer.hikari.pool.HikariPool - HikariPool-1 - Thread starvation or clock leap detected (housekeeper delta=8m36s695ms).
2026-02-21 09:59:17 WARN  [] com.zaxxer.hikari.pool.HikariPool - HikariPool-1 - Thread starvation or clock leap detected (housekeeper delta=58m41s953ms).
2026-02-21 10:01:36 WARN  [] com.zaxxer.hikari.pool.HikariPool - HikariPool-1 - Thread starvation or clock leap detected (housekeeper delta=1m48s858ms).
2026-02-21 10:18:13 WARN  [] com.zaxxer.hikari.pool.HikariPool - HikariPool-1 - Thread starvation or clock leap detected (housekeeper delta=16m36s626ms).
2026-02-21 10:27:17 WARN  [] com.zaxxer.hikari.pool.HikariPool - HikariPool-1 - Thread starvation or clock leap detected (housekeeper delta=9m4s389ms).
2026-02-21 10:29:41 WARN  [] com.zaxxer.hikari.pool.HikariPool - HikariPool-1 - Thread starvation or clock leap detected (housekeeper delta=48s55ms).
2026-02-21 10:31:16 WARN  [] com.zaxxer.hikari.pool.HikariPool - HikariPool-1 - Thread starvation or clock leap detected (housekeeper delta=1m34s273ms).
2026-02-21 10:32:32 WARN  [] com.zaxxer.hikari.pool.HikariPool - HikariPool-1 - Thread starvation or clock leap detected (housekeeper delta=46s385ms).
2026-02-21 10:35:20 WARN  [] com.zaxxer.hikari.pool.HikariPool - HikariPool-1 - Thread starvation or clock leap detected (housekeeper delta=2m47s596ms).
2026-02-21 10:38:22 WARN  [] com.zaxxer.hikari.pool.HikariPool - HikariPool-1 - Thread starvation or clock leap detected (housekeeper delta=1m48s149ms).
2026-02-21 10:57:07 INFO  [] c.s.s.scheduler.DealScheduler - Starting 30-min price sync job
2026-02-21 10:57:37 WARN  [] o.h.e.jdbc.spi.SqlExceptionHelper - SQL Error: 0, SQLState: 08003
2026-02-21 10:57:37 ERROR [] o.h.e.jdbc.spi.SqlExceptionHelper - HikariPool-1 - Connection is not available, request timed out after 30011ms (total=0, active=0, idle=0, waiting=0)
2026-02-21 10:57:37 ERROR [] o.h.e.jdbc.spi.SqlExceptionHelper - This connection has been closed.
2026-02-21 10:57:37 ERROR [] o.s.s.s.TaskUtils$LoggingErrorHandler - Unexpected error occurred in scheduled task
org.springframework.transaction.CannotCreateTransactionException: Could not open JPA EntityManager for transaction
	at org.springframework.orm.jpa.JpaTransactionManager.doBegin(JpaTransactionManager.java:467)
	at org.springframework.transaction.support.AbstractPlatformTransactionManager.startTransaction(AbstractPlatformTransactionManager.java:532)
	at org.springframework.transaction.support.AbstractPlatformTransactionManager.getTransaction(AbstractPlatformTransactionManager.java:405)
	at org.springframework.transaction.interceptor.TransactionAspectSupport.createTransactionIfNecessary(TransactionAspectSupport.java:639)
	at org.springframework.transaction.interceptor.TransactionAspectSupport.invokeWithinTransaction(TransactionAspectSupport.java:374)
	at org.springframework.transaction.interceptor.TransactionInterceptor.invoke(TransactionInterceptor.java:119)
	at org.springframework.aop.framework.ReflectiveMethodInvocation.proceed(ReflectiveMethodInvocation.java:184)
	at org.springframework.aop.framework.CglibAopProxy$DynamicAdvisedInterceptor.intercept(CglibAopProxy.java:728)
	at com.snatchmart.snatchmart.service.serviceImpl.AffiliateSyncServiceImpl$$SpringCGLIB$$0.syncDeals(<generated>)
	at com.snatchmart.snatchmart.scheduler.DealScheduler.syncPrices(DealScheduler.java:22)
	at java.base/jdk.internal.reflect.DirectMethodHandleAccessor.invoke(DirectMethodHandleAccessor.java:103)
	at java.base/java.lang.reflect.Method.invoke(Method.java:580)
	at org.springframework.scheduling.support.ScheduledMethodRunnable.runInternal(ScheduledMethodRunnable.java:130)
	at org.springframework.scheduling.support.ScheduledMethodRunnable.lambda$run$2(ScheduledMethodRunnable.java:124)
	at io.micrometer.observation.Observation.observe(Observation.java:498)
	at org.springframework.scheduling.support.ScheduledMethodRunnable.run(ScheduledMethodRunnable.java:124)
	at org.springframework.scheduling.config.Task$OutcomeTrackingRunnable.run(Task.java:85)
	at org.springframework.scheduling.support.DelegatingErrorHandlingRunnable.run(DelegatingErrorHandlingRunnable.java:54)
	at java.base/java.util.concurrent.Executors$RunnableAdapter.call(Executors.java:572)
	at java.base/java.util.concurrent.FutureTask.runAndReset(FutureTask.java:358)
	at java.base/java.util.concurrent.ScheduledThreadPoolExecutor$ScheduledFutureTask.run(ScheduledThreadPoolExecutor.java:305)
	at java.base/java.util.concurrent.ThreadPoolExecutor.runWorker(ThreadPoolExecutor.java:1144)
	at java.base/java.util.concurrent.ThreadPoolExecutor$Worker.run(ThreadPoolExecutor.java:642)
	at java.base/java.lang.Thread.run(Thread.java:1583)
Caused by: org.hibernate.exception.JDBCConnectionException: Unable to acquire JDBC Connection [HikariPool-1 - Connection is not available, request timed out after 30011ms (total=0, active=0, idle=0, waiting=0)] [n/a]
	at org.hibernate.exception.internal.SQLExceptionTypeDelegate.convert(SQLExceptionTypeDelegate.java:51)
	at org.hibernate.exception.internal.StandardSQLExceptionConverter.convert(StandardSQLExceptionConverter.java:58)
	at org.hibernate.engine.jdbc.spi.SqlExceptionHelper.convert(SqlExceptionHelper.java:108)
	at org.hibernate.engine.jdbc.spi.SqlExceptionHelper.convert(SqlExceptionHelper.java:94)
	at org.hibernate.resource.jdbc.internal.LogicalConnectionManagedImpl.acquireConnectionIfNeeded(LogicalConnectionManagedImpl.java:129)
	at org.hibernate.resource.jdbc.internal.LogicalConnectionManagedImpl.getPhysicalConnection(LogicalConnectionManagedImpl.java:156)
	at org.hibernate.resource.jdbc.internal.LogicalConnectionManagedImpl.getConnectionForTransactionManagement(LogicalConnectionManagedImpl.java:286)
	at org.hibernate.resource.jdbc.internal.LogicalConnectionManagedImpl.begin(LogicalConnectionManagedImpl.java:294)
	at org.hibernate.resource.transaction.backend.jdbc.internal.JdbcResourceLocalTransactionCoordinatorImpl$TransactionDriverControlImpl.begin(JdbcResourceLocalTransactionCoordinatorImpl.java:232)
	at org.hibernate.engine.transaction.internal.TransactionImpl.begin(TransactionImpl.java:83)
	at org.springframework.orm.jpa.vendor.HibernateJpaDialect.beginTransaction(HibernateJpaDialect.java:176)
	at org.springframework.orm.jpa.JpaTransactionManager.doBegin(JpaTransactionManager.java:421)
	... 23 common frames omitted
Caused by: java.sql.SQLTransientConnectionException: HikariPool-1 - Connection is not available, request timed out after 30011ms (total=0, active=0, idle=0, waiting=0)
	at com.zaxxer.hikari.pool.HikariPool.createTimeoutException(HikariPool.java:714)
	at com.zaxxer.hikari.pool.HikariPool.getConnection(HikariPool.java:184)
	at com.zaxxer.hikari.pool.HikariPool.getConnection(HikariPool.java:142)
	at com.zaxxer.hikari.HikariDataSource.getConnection(HikariDataSource.java:127)
	at org.hibernate.engine.jdbc.connections.internal.DatasourceConnectionProviderImpl.getConnection(DatasourceConnectionProviderImpl.java:126)
	at org.hibernate.internal.NonContextualJdbcConnectionAccess.obtainConnection(NonContextualJdbcConnectionAccess.java:46)
	at org.hibernate.resource.jdbc.internal.LogicalConnectionManagedImpl.acquireConnectionIfNeeded(LogicalConnectionManagedImpl.java:126)
	... 30 common frames omitted
Caused by: org.postgresql.util.PSQLException: This connection has been closed.
	at org.postgresql.jdbc.PgConnection.checkClosed(PgConnection.java:1012)
	at org.postgresql.jdbc.PgConnection.setNetworkTimeout(PgConnection.java:1736)
	at com.zaxxer.hikari.pool.PoolBase.setNetworkTimeout(PoolBase.java:582)
	at com.zaxxer.hikari.pool.PoolBase.isConnectionDead(PoolBase.java:174)
	at com.zaxxer.hikari.pool.HikariPool.getConnection(HikariPool.java:166)
	... 35 common frames omitted
2026-02-21 11:27:07 INFO  [] c.s.s.scheduler.DealScheduler - Starting 30-min price sync job
2026-02-21 11:27:37 WARN  [] o.h.e.jdbc.spi.SqlExceptionHelper - SQL Error: 0, SQLState: 08003
2026-02-21 11:27:37 ERROR [] o.h.e.jdbc.spi.SqlExceptionHelper - HikariPool-1 - Connection is not available, request timed out after 30005ms (total=0, active=0, idle=0, waiting=0)
2026-02-21 11:27:37 ERROR [] o.h.e.jdbc.spi.SqlExceptionHelper - This connection has been closed.
2026-02-21 11:27:37 ERROR [] o.s.s.s.TaskUtils$LoggingErrorHandler - Unexpected error occurred in scheduled task
org.springframework.transaction.CannotCreateTransactionException: Could not open JPA EntityManager for transaction
	at org.springframework.orm.jpa.JpaTransactionManager.doBegin(JpaTransactionManager.java:467)
	at org.springframework.transaction.support.AbstractPlatformTransactionManager.startTransaction(AbstractPlatformTransactionManager.java:532)
	at org.springframework.transaction.support.AbstractPlatformTransactionManager.getTransaction(AbstractPlatformTransactionManager.java:405)
	at org.springframework.transaction.interceptor.TransactionAspectSupport.createTransactionIfNecessary(TransactionAspectSupport.java:639)
	at org.springframework.transaction.interceptor.TransactionAspectSupport.invokeWithinTransaction(TransactionAspectSupport.java:374)
	at org.springframework.transaction.interceptor.TransactionInterceptor.invoke(TransactionInterceptor.java:119)
	at org.springframework.aop.framework.ReflectiveMethodInvocation.proceed(ReflectiveMethodInvocation.java:184)
	at org.springframework.aop.framework.CglibAopProxy$DynamicAdvisedInterceptor.intercept(CglibAopProxy.java:728)
	at com.snatchmart.snatchmart.service.serviceImpl.AffiliateSyncServiceImpl$$SpringCGLIB$$0.syncDeals(<generated>)
	at com.snatchmart.snatchmart.scheduler.DealScheduler.syncPrices(DealScheduler.java:22)
	at java.base/jdk.internal.reflect.DirectMethodHandleAccessor.invoke(DirectMethodHandleAccessor.java:103)
	at java.base/java.lang.reflect.Method.invoke(Method.java:580)
	at org.springframework.scheduling.support.ScheduledMethodRunnable.runInternal(ScheduledMethodRunnable.java:130)
	at org.springframework.scheduling.support.ScheduledMethodRunnable.lambda$run$2(ScheduledMethodRunnable.java:124)
	at io.micrometer.observation.Observation.observe(Observation.java:498)
	at org.springframework.scheduling.support.ScheduledMethodRunnable.run(ScheduledMethodRunnable.java:124)
	at org.springframework.scheduling.config.Task$OutcomeTrackingRunnable.run(Task.java:85)
	at org.springframework.scheduling.support.DelegatingErrorHandlingRunnable.run(DelegatingErrorHandlingRunnable.java:54)
	at java.base/java.util.concurrent.Executors$RunnableAdapter.call(Executors.java:572)
	at java.base/java.util.concurrent.FutureTask.runAndReset(FutureTask.java:358)
	at java.base/java.util.concurrent.ScheduledThreadPoolExecutor$ScheduledFutureTask.run(ScheduledThreadPoolExecutor.java:305)
	at java.base/java.util.concurrent.ThreadPoolExecutor.runWorker(ThreadPoolExecutor.java:1144)
	at java.base/java.util.concurrent.ThreadPoolExecutor$Worker.run(ThreadPoolExecutor.java:642)
	at java.base/java.lang.Thread.run(Thread.java:1583)
Caused by: org.hibernate.exception.JDBCConnectionException: Unable to acquire JDBC Connection [HikariPool-1 - Connection is not available, request timed out after 30005ms (total=0, active=0, idle=0, waiting=0)] [n/a]
	at org.hibernate.exception.internal.SQLExceptionTypeDelegate.convert(SQLExceptionTypeDelegate.java:51)
	at org.hibernate.exception.internal.StandardSQLExceptionConverter.convert(StandardSQLExceptionConverter.java:58)
	at org.hibernate.engine.jdbc.spi.SqlExceptionHelper.convert(SqlExceptionHelper.java:108)
	at org.hibernate.engine.jdbc.spi.SqlExceptionHelper.convert(SqlExceptionHelper.java:94)
	at org.hibernate.resource.jdbc.internal.LogicalConnectionManagedImpl.acquireConnectionIfNeeded(LogicalConnectionManagedImpl.java:129)
	at org.hibernate.resource.jdbc.internal.LogicalConnectionManagedImpl.getPhysicalConnection(LogicalConnectionManagedImpl.java:156)
	at org.hibernate.resource.jdbc.internal.LogicalConnectionManagedImpl.getConnectionForTransactionManagement(LogicalConnectionManagedImpl.java:286)
	at org.hibernate.resource.jdbc.internal.LogicalConnectionManagedImpl.begin(LogicalConnectionManagedImpl.java:294)
	at org.hibernate.resource.transaction.backend.jdbc.internal.JdbcResourceLocalTransactionCoordinatorImpl$TransactionDriverControlImpl.begin(JdbcResourceLocalTransactionCoordinatorImpl.java:232)
	at org.hibernate.engine.transaction.internal.TransactionImpl.begin(TransactionImpl.java:83)
	at org.springframework.orm.jpa.vendor.HibernateJpaDialect.beginTransaction(HibernateJpaDialect.java:176)
	at org.springframework.orm.jpa.JpaTransactionManager.doBegin(JpaTransactionManager.java:421)
	... 23 common frames omitted
Caused by: java.sql.SQLTransientConnectionException: HikariPool-1 - Connection is not available, request timed out after 30005ms (total=0, active=0, idle=0, waiting=0)
	at com.zaxxer.hikari.pool.HikariPool.createTimeoutException(HikariPool.java:714)
	at com.zaxxer.hikari.pool.HikariPool.getConnection(HikariPool.java:184)
	at com.zaxxer.hikari.pool.HikariPool.getConnection(HikariPool.java:142)
	at com.zaxxer.hikari.HikariDataSource.getConnection(HikariDataSource.java:127)
	at org.hibernate.engine.jdbc.connections.internal.DatasourceConnectionProviderImpl.getConnection(DatasourceConnectionProviderImpl.java:126)
	at org.hibernate.internal.NonContextualJdbcConnectionAccess.obtainConnection(NonContextualJdbcConnectionAccess.java:46)
	at org.hibernate.resource.jdbc.internal.LogicalConnectionManagedImpl.acquireConnectionIfNeeded(LogicalConnectionManagedImpl.java:126)
	... 30 common frames omitted
Caused by: org.postgresql.util.PSQLException: This connection has been closed.
	at org.postgresql.jdbc.PgConnection.checkClosed(PgConnection.java:1012)
	at org.postgresql.jdbc.PgConnection.setNetworkTimeout(PgConnection.java:1736)
	at com.zaxxer.hikari.pool.PoolBase.setNetworkTimeout(PoolBase.java:582)
	at com.zaxxer.hikari.pool.PoolBase.isConnectionDead(PoolBase.java:174)
	at com.zaxxer.hikari.pool.HikariPool.getConnection(HikariPool.java:166)
	... 35 common frames omitted
2026-02-21 11:57:07 INFO  [] c.s.s.scheduler.DealScheduler - Starting 30-min price sync job
2026-02-21 11:57:37 WARN  [] o.h.e.jdbc.spi.SqlExceptionHelper - SQL Error: 0, SQLState: 08003
2026-02-21 11:57:37 ERROR [] o.h.e.jdbc.spi.SqlExceptionHelper - HikariPool-1 - Connection is not available, request timed out after 30006ms (total=0, active=0, idle=0, waiting=0)
2026-02-21 11:57:37 ERROR [] o.h.e.jdbc.spi.SqlExceptionHelper - This connection has been closed.
2026-02-21 11:57:37 ERROR [] o.s.s.s.TaskUtils$LoggingErrorHandler - Unexpected error occurred in scheduled task
org.springframework.transaction.CannotCreateTransactionException: Could not open JPA EntityManager for transaction
	at org.springframework.orm.jpa.JpaTransactionManager.doBegin(JpaTransactionManager.java:467)
	at org.springframework.transaction.support.AbstractPlatformTransactionManager.startTransaction(AbstractPlatformTransactionManager.java:532)
	at org.springframework.transaction.support.AbstractPlatformTransactionManager.getTransaction(AbstractPlatformTransactionManager.java:405)
	at org.springframework.transaction.interceptor.TransactionAspectSupport.createTransactionIfNecessary(TransactionAspectSupport.java:639)
	at org.springframework.transaction.interceptor.TransactionAspectSupport.invokeWithinTransaction(TransactionAspectSupport.java:374)
	at org.springframework.transaction.interceptor.TransactionInterceptor.invoke(TransactionInterceptor.java:119)
	at org.springframework.aop.framework.ReflectiveMethodInvocation.proceed(ReflectiveMethodInvocation.java:184)
	at org.springframework.aop.framework.CglibAopProxy$DynamicAdvisedInterceptor.intercept(CglibAopProxy.java:728)
	at com.snatchmart.snatchmart.service.serviceImpl.AffiliateSyncServiceImpl$$SpringCGLIB$$0.syncDeals(<generated>)
	at com.snatchmart.snatchmart.scheduler.DealScheduler.syncPrices(DealScheduler.java:22)
	at java.base/jdk.internal.reflect.DirectMethodHandleAccessor.invoke(DirectMethodHandleAccessor.java:103)
	at java.base/java.lang.reflect.Method.invoke(Method.java:580)
	at org.springframework.scheduling.support.ScheduledMethodRunnable.runInternal(ScheduledMethodRunnable.java:130)
	at org.springframework.scheduling.support.ScheduledMethodRunnable.lambda$run$2(ScheduledMethodRunnable.java:124)
	at io.micrometer.observation.Observation.observe(Observation.java:498)
	at org.springframework.scheduling.support.ScheduledMethodRunnable.run(ScheduledMethodRunnable.java:124)
	at org.springframework.scheduling.config.Task$OutcomeTrackingRunnable.run(Task.java:85)
	at org.springframework.scheduling.support.DelegatingErrorHandlingRunnable.run(DelegatingErrorHandlingRunnable.java:54)
	at java.base/java.util.concurrent.Executors$RunnableAdapter.call(Executors.java:572)
	at java.base/java.util.concurrent.FutureTask.runAndReset(FutureTask.java:358)
	at java.base/java.util.concurrent.ScheduledThreadPoolExecutor$ScheduledFutureTask.run(ScheduledThreadPoolExecutor.java:305)
	at java.base/java.util.concurrent.ThreadPoolExecutor.runWorker(ThreadPoolExecutor.java:1144)
	at java.base/java.util.concurrent.ThreadPoolExecutor$Worker.run(ThreadPoolExecutor.java:642)
	at java.base/java.lang.Thread.run(Thread.java:1583)
Caused by: org.hibernate.exception.JDBCConnectionException: Unable to acquire JDBC Connection [HikariPool-1 - Connection is not available, request timed out after 30006ms (total=0, active=0, idle=0, waiting=0)] [n/a]
	at org.hibernate.exception.internal.SQLExceptionTypeDelegate.convert(SQLExceptionTypeDelegate.java:51)
	at org.hibernate.exception.internal.StandardSQLExceptionConverter.convert(StandardSQLExceptionConverter.java:58)
	at org.hibernate.engine.jdbc.spi.SqlExceptionHelper.convert(SqlExceptionHelper.java:108)
	at org.hibernate.engine.jdbc.spi.SqlExceptionHelper.convert(SqlExceptionHelper.java:94)
	at org.hibernate.resource.jdbc.internal.LogicalConnectionManagedImpl.acquireConnectionIfNeeded(LogicalConnectionManagedImpl.java:129)
	at org.hibernate.resource.jdbc.internal.LogicalConnectionManagedImpl.getPhysicalConnection(LogicalConnectionManagedImpl.java:156)
	at org.hibernate.resource.jdbc.internal.LogicalConnectionManagedImpl.getConnectionForTransactionManagement(LogicalConnectionManagedImpl.java:286)
	at org.hibernate.resource.jdbc.internal.LogicalConnectionManagedImpl.begin(LogicalConnectionManagedImpl.java:294)
	at org.hibernate.resource.transaction.backend.jdbc.internal.JdbcResourceLocalTransactionCoordinatorImpl$TransactionDriverControlImpl.begin(JdbcResourceLocalTransactionCoordinatorImpl.java:232)
	at org.hibernate.engine.transaction.internal.TransactionImpl.begin(TransactionImpl.java:83)
	at org.springframework.orm.jpa.vendor.HibernateJpaDialect.beginTransaction(HibernateJpaDialect.java:176)
	at org.springframework.orm.jpa.JpaTransactionManager.doBegin(JpaTransactionManager.java:421)
	... 23 common frames omitted
Caused by: java.sql.SQLTransientConnectionException: HikariPool-1 - Connection is not available, request timed out after 30006ms (total=0, active=0, idle=0, waiting=0)
	at com.zaxxer.hikari.pool.HikariPool.createTimeoutException(HikariPool.java:714)
	at com.zaxxer.hikari.pool.HikariPool.getConnection(HikariPool.java:184)
	at com.zaxxer.hikari.pool.HikariPool.getConnection(HikariPool.java:142)
	at com.zaxxer.hikari.HikariDataSource.getConnection(HikariDataSource.java:127)
	at org.hibernate.engine.jdbc.connections.internal.DatasourceConnectionProviderImpl.getConnection(DatasourceConnectionProviderImpl.java:126)
	at org.hibernate.internal.NonContextualJdbcConnectionAccess.obtainConnection(NonContextualJdbcConnectionAccess.java:46)
	at org.hibernate.resource.jdbc.internal.LogicalConnectionManagedImpl.acquireConnectionIfNeeded(LogicalConnectionManagedImpl.java:126)
	... 30 common frames omitted
Caused by: org.postgresql.util.PSQLException: This connection has been closed.
	at org.postgresql.jdbc.PgConnection.checkClosed(PgConnection.java:1012)
	at org.postgresql.jdbc.PgConnection.setNetworkTimeout(PgConnection.java:1736)
	at com.zaxxer.hikari.pool.PoolBase.setNetworkTimeout(PoolBase.java:582)
	at com.zaxxer.hikari.pool.PoolBase.isConnectionDead(PoolBase.java:174)
	at com.zaxxer.hikari.pool.HikariPool.getConnection(HikariPool.java:166)
	... 35 common frames omitted
2026-02-21 12:27:07 INFO  [] c.s.s.scheduler.DealScheduler - Starting 30-min price sync job
2026-02-21 12:27:37 WARN  [] o.h.e.jdbc.spi.SqlExceptionHelper - SQL Error: 0, SQLState: 08003
2026-02-21 12:27:37 ERROR [] o.h.e.jdbc.spi.SqlExceptionHelper - HikariPool-1 - Connection is not available, request timed out after 30008ms (total=0, active=0, idle=0, waiting=0)
2026-02-21 12:27:37 ERROR [] o.h.e.jdbc.spi.SqlExceptionHelper - This connection has been closed.
2026-02-21 12:27:37 ERROR [] o.s.s.s.TaskUtils$LoggingErrorHandler - Unexpected error occurred in scheduled task
org.springframework.transaction.CannotCreateTransactionException: Could not open JPA EntityManager for transaction
	at org.springframework.orm.jpa.JpaTransactionManager.doBegin(JpaTransactionManager.java:467)
	at org.springframework.transaction.support.AbstractPlatformTransactionManager.startTransaction(AbstractPlatformTransactionManager.java:532)
	at org.springframework.transaction.support.AbstractPlatformTransactionManager.getTransaction(AbstractPlatformTransactionManager.java:405)
	at org.springframework.transaction.interceptor.TransactionAspectSupport.createTransactionIfNecessary(TransactionAspectSupport.java:639)
	at org.springframework.transaction.interceptor.TransactionAspectSupport.invokeWithinTransaction(TransactionAspectSupport.java:374)
	at org.springframework.transaction.interceptor.TransactionInterceptor.invoke(TransactionInterceptor.java:119)
	at org.springframework.aop.framework.ReflectiveMethodInvocation.proceed(ReflectiveMethodInvocation.java:184)
	at org.springframework.aop.framework.CglibAopProxy$DynamicAdvisedInterceptor.intercept(CglibAopProxy.java:728)
	at com.snatchmart.snatchmart.service.serviceImpl.AffiliateSyncServiceImpl$$SpringCGLIB$$0.syncDeals(<generated>)
	at com.snatchmart.snatchmart.scheduler.DealScheduler.syncPrices(DealScheduler.java:22)
	at java.base/jdk.internal.reflect.DirectMethodHandleAccessor.invoke(DirectMethodHandleAccessor.java:103)
	at java.base/java.lang.reflect.Method.invoke(Method.java:580)
	at org.springframework.scheduling.support.ScheduledMethodRunnable.runInternal(ScheduledMethodRunnable.java:130)
	at org.springframework.scheduling.support.ScheduledMethodRunnable.lambda$run$2(ScheduledMethodRunnable.java:124)
	at io.micrometer.observation.Observation.observe(Observation.java:498)
	at org.springframework.scheduling.support.ScheduledMethodRunnable.run(ScheduledMethodRunnable.java:124)
	at org.springframework.scheduling.config.Task$OutcomeTrackingRunnable.run(Task.java:85)
	at org.springframework.scheduling.support.DelegatingErrorHandlingRunnable.run(DelegatingErrorHandlingRunnable.java:54)
	at java.base/java.util.concurrent.Executors$RunnableAdapter.call(Executors.java:572)
	at java.base/java.util.concurrent.FutureTask.runAndReset(FutureTask.java:358)
	at java.base/java.util.concurrent.ScheduledThreadPoolExecutor$ScheduledFutureTask.run(ScheduledThreadPoolExecutor.java:305)
	at java.base/java.util.concurrent.ThreadPoolExecutor.runWorker(ThreadPoolExecutor.java:1144)
	at java.base/java.util.concurrent.ThreadPoolExecutor$Worker.run(ThreadPoolExecutor.java:642)
	at java.base/java.lang.Thread.run(Thread.java:1583)
Caused by: org.hibernate.exception.JDBCConnectionException: Unable to acquire JDBC Connection [HikariPool-1 - Connection is not available, request timed out after 30008ms (total=0, active=0, idle=0, waiting=0)] [n/a]
	at org.hibernate.exception.internal.SQLExceptionTypeDelegate.convert(SQLExceptionTypeDelegate.java:51)
	at org.hibernate.exception.internal.StandardSQLExceptionConverter.convert(StandardSQLExceptionConverter.java:58)
	at org.hibernate.engine.jdbc.spi.SqlExceptionHelper.convert(SqlExceptionHelper.java:108)
	at org.hibernate.engine.jdbc.spi.SqlExceptionHelper.convert(SqlExceptionHelper.java:94)
	at org.hibernate.resource.jdbc.internal.LogicalConnectionManagedImpl.acquireConnectionIfNeeded(LogicalConnectionManagedImpl.java:129)
	at org.hibernate.resource.jdbc.internal.LogicalConnectionManagedImpl.getPhysicalConnection(LogicalConnectionManagedImpl.java:156)
	at org.hibernate.resource.jdbc.internal.LogicalConnectionManagedImpl.getConnectionForTransactionManagement(LogicalConnectionManagedImpl.java:286)
	at org.hibernate.resource.jdbc.internal.LogicalConnectionManagedImpl.begin(LogicalConnectionManagedImpl.java:294)
	at org.hibernate.resource.transaction.backend.jdbc.internal.JdbcResourceLocalTransactionCoordinatorImpl$TransactionDriverControlImpl.begin(JdbcResourceLocalTransactionCoordinatorImpl.java:232)
	at org.hibernate.engine.transaction.internal.TransactionImpl.begin(TransactionImpl.java:83)
	at org.springframework.orm.jpa.vendor.HibernateJpaDialect.beginTransaction(HibernateJpaDialect.java:176)
	at org.springframework.orm.jpa.JpaTransactionManager.doBegin(JpaTransactionManager.java:421)
	... 23 common frames omitted
Caused by: java.sql.SQLTransientConnectionException: HikariPool-1 - Connection is not available, request timed out after 30008ms (total=0, active=0, idle=0, waiting=0)
	at com.zaxxer.hikari.pool.HikariPool.createTimeoutException(HikariPool.java:714)
	at com.zaxxer.hikari.pool.HikariPool.getConnection(HikariPool.java:184)
	at com.zaxxer.hikari.pool.HikariPool.getConnection(HikariPool.java:142)
	at com.zaxxer.hikari.HikariDataSource.getConnection(HikariDataSource.java:127)
	at org.hibernate.engine.jdbc.connections.internal.DatasourceConnectionProviderImpl.getConnection(DatasourceConnectionProviderImpl.java:126)
	at org.hibernate.internal.NonContextualJdbcConnectionAccess.obtainConnection(NonContextualJdbcConnectionAccess.java:46)
	at org.hibernate.resource.jdbc.internal.LogicalConnectionManagedImpl.acquireConnectionIfNeeded(LogicalConnectionManagedImpl.java:126)
	... 30 common frames omitted
Caused by: org.postgresql.util.PSQLException: This connection has been closed.
	at org.postgresql.jdbc.PgConnection.checkClosed(PgConnection.java:1012)
	at org.postgresql.jdbc.PgConnection.setNetworkTimeout(PgConnection.java:1736)
	at com.zaxxer.hikari.pool.PoolBase.setNetworkTimeout(PoolBase.java:582)
	at com.zaxxer.hikari.pool.PoolBase.isConnectionDead(PoolBase.java:174)
	at com.zaxxer.hikari.pool.HikariPool.getConnection(HikariPool.java:166)
	... 35 common frames omitted
2026-02-21 12:28:27 INFO  [] c.s.s.scheduler.DealScheduler - Starting expired deals cleanup job
2026-02-21 12:28:57 WARN  [] o.h.e.jdbc.spi.SqlExceptionHelper - SQL Error: 0, SQLState: 08003
2026-02-21 12:28:57 ERROR [] o.h.e.jdbc.spi.SqlExceptionHelper - HikariPool-1 - Connection is not available, request timed out after 30007ms (total=0, active=0, idle=0, waiting=0)
2026-02-21 12:28:57 ERROR [] o.h.e.jdbc.spi.SqlExceptionHelper - This connection has been closed.
2026-02-21 12:28:57 ERROR [] o.s.s.s.TaskUtils$LoggingErrorHandler - Unexpected error occurred in scheduled task
org.springframework.transaction.CannotCreateTransactionException: Could not open JPA EntityManager for transaction
	at org.springframework.orm.jpa.JpaTransactionManager.doBegin(JpaTransactionManager.java:467)
	at org.springframework.transaction.support.AbstractPlatformTransactionManager.startTransaction(AbstractPlatformTransactionManager.java:532)
	at org.springframework.transaction.support.AbstractPlatformTransactionManager.getTransaction(AbstractPlatformTransactionManager.java:405)
	at org.springframework.transaction.interceptor.TransactionAspectSupport.createTransactionIfNecessary(TransactionAspectSupport.java:639)
	at org.springframework.transaction.interceptor.TransactionAspectSupport.invokeWithinTransaction(TransactionAspectSupport.java:374)
	at org.springframework.transaction.interceptor.TransactionInterceptor.invoke(TransactionInterceptor.java:119)
	at org.springframework.aop.framework.ReflectiveMethodInvocation.proceed(ReflectiveMethodInvocation.java:184)
	at org.springframework.aop.framework.CglibAopProxy$DynamicAdvisedInterceptor.intercept(CglibAopProxy.java:728)
	at com.snatchmart.snatchmart.service.serviceImpl.AffiliateSyncServiceImpl$$SpringCGLIB$$0.cleanupExpiredDeals(<generated>)
	at com.snatchmart.snatchmart.scheduler.DealScheduler.cleanupExpiredDeals(DealScheduler.java:28)
	at java.base/jdk.internal.reflect.DirectMethodHandleAccessor.invoke(DirectMethodHandleAccessor.java:103)
	at java.base/java.lang.reflect.Method.invoke(Method.java:580)
	at org.springframework.scheduling.support.ScheduledMethodRunnable.runInternal(ScheduledMethodRunnable.java:130)
	at org.springframework.scheduling.support.ScheduledMethodRunnable.lambda$run$2(ScheduledMethodRunnable.java:124)
	at io.micrometer.observation.Observation.observe(Observation.java:498)
	at org.springframework.scheduling.support.ScheduledMethodRunnable.run(ScheduledMethodRunnable.java:124)
	at org.springframework.scheduling.config.Task$OutcomeTrackingRunnable.run(Task.java:85)
	at org.springframework.scheduling.support.DelegatingErrorHandlingRunnable.run(DelegatingErrorHandlingRunnable.java:54)
	at org.springframework.scheduling.concurrent.ReschedulingRunnable.run(ReschedulingRunnable.java:96)
	at java.base/java.util.concurrent.Executors$RunnableAdapter.call(Executors.java:572)
	at java.base/java.util.concurrent.FutureTask.run(FutureTask.java:317)
	at java.base/java.util.concurrent.ScheduledThreadPoolExecutor$ScheduledFutureTask.run(ScheduledThreadPoolExecutor.java:304)
	at java.base/java.util.concurrent.ThreadPoolExecutor.runWorker(ThreadPoolExecutor.java:1144)
	at java.base/java.util.concurrent.ThreadPoolExecutor$Worker.run(ThreadPoolExecutor.java:642)
	at java.base/java.lang.Thread.run(Thread.java:1583)
Caused by: org.hibernate.exception.JDBCConnectionException: Unable to acquire JDBC Connection [HikariPool-1 - Connection is not available, request timed out after 30007ms (total=0, active=0, idle=0, waiting=0)] [n/a]
	at org.hibernate.exception.internal.SQLExceptionTypeDelegate.convert(SQLExceptionTypeDelegate.java:51)
	at org.hibernate.exception.internal.StandardSQLExceptionConverter.convert(StandardSQLExceptionConverter.java:58)
	at org.hibernate.engine.jdbc.spi.SqlExceptionHelper.convert(SqlExceptionHelper.java:108)
	at org.hibernate.engine.jdbc.spi.SqlExceptionHelper.convert(SqlExceptionHelper.java:94)
	at org.hibernate.resource.jdbc.internal.LogicalConnectionManagedImpl.acquireConnectionIfNeeded(LogicalConnectionManagedImpl.java:129)
	at org.hibernate.resource.jdbc.internal.LogicalConnectionManagedImpl.getPhysicalConnection(LogicalConnectionManagedImpl.java:156)
	at org.hibernate.resource.jdbc.internal.LogicalConnectionManagedImpl.getConnectionForTransactionManagement(LogicalConnectionManagedImpl.java:286)
	at org.hibernate.resource.jdbc.internal.LogicalConnectionManagedImpl.begin(LogicalConnectionManagedImpl.java:294)
	at org.hibernate.resource.transaction.backend.jdbc.internal.JdbcResourceLocalTransactionCoordinatorImpl$TransactionDriverControlImpl.begin(JdbcResourceLocalTransactionCoordinatorImpl.java:232)
	at org.hibernate.engine.transaction.internal.TransactionImpl.begin(TransactionImpl.java:83)
	at org.springframework.orm.jpa.vendor.HibernateJpaDialect.beginTransaction(HibernateJpaDialect.java:176)
	at org.springframework.orm.jpa.JpaTransactionManager.doBegin(JpaTransactionManager.java:421)
	... 24 common frames omitted
Caused by: java.sql.SQLTransientConnectionException: HikariPool-1 - Connection is not available, request timed out after 30007ms (total=0, active=0, idle=0, waiting=0)
	at com.zaxxer.hikari.pool.HikariPool.createTimeoutException(HikariPool.java:714)
	at com.zaxxer.hikari.pool.HikariPool.getConnection(HikariPool.java:184)
	at com.zaxxer.hikari.pool.HikariPool.getConnection(HikariPool.java:142)
	at com.zaxxer.hikari.HikariDataSource.getConnection(HikariDataSource.java:127)
	at org.hibernate.engine.jdbc.connections.internal.DatasourceConnectionProviderImpl.getConnection(DatasourceConnectionProviderImpl.java:126)
	at org.hibernate.internal.NonContextualJdbcConnectionAccess.obtainConnection(NonContextualJdbcConnectionAccess.java:46)
	at org.hibernate.resource.jdbc.internal.LogicalConnectionManagedImpl.acquireConnectionIfNeeded(LogicalConnectionManagedImpl.java:126)
	... 31 common frames omitted
Caused by: org.postgresql.util.PSQLException: This connection has been closed.
	at org.postgresql.jdbc.PgConnection.checkClosed(PgConnection.java:1012)
	at org.postgresql.jdbc.PgConnection.setNetworkTimeout(PgConnection.java:1736)
	at com.zaxxer.hikari.pool.PoolBase.setNetworkTimeout(PoolBase.java:582)
	at com.zaxxer.hikari.pool.PoolBase.isConnectionDead(PoolBase.java:174)
	at com.zaxxer.hikari.pool.HikariPool.getConnection(HikariPool.java:166)
	at com.zaxxer.hikari.pool.HikariPool.getConnection(HikariPool.java:142)
	at com.zaxxer.hikari.HikariDataSource.getConnection(HikariDataSource.java:127)
	at org.hibernate.engine.jdbc.connections.internal.DatasourceConnectionProviderImpl.getConnection(DatasourceConnectionProviderImpl.java:126)
	at org.hibernate.internal.NonContextualJdbcConnectionAccess.obtainConnection(NonContextualJdbcConnectionAccess.java:46)
	at org.hibernate.resource.jdbc.internal.LogicalConnectionManagedImpl.acquireConnectionIfNeeded(LogicalConnectionManagedImpl.java:126)
	at org.hibernate.resource.jdbc.internal.LogicalConnectionManagedImpl.getPhysicalConnection(LogicalConnectionManagedImpl.java:156)
	at org.hibernate.resource.jdbc.internal.LogicalConnectionManagedImpl.getConnectionForTransactionManagement(LogicalConnectionManagedImpl.java:286)
	at org.hibernate.resource.jdbc.internal.LogicalConnectionManagedImpl.begin(LogicalConnectionManagedImpl.java:294)
	at org.hibernate.resource.transaction.backend.jdbc.internal.JdbcResourceLocalTransactionCoordinatorImpl$TransactionDriverControlImpl.begin(JdbcResourceLocalTransactionCoordinatorImpl.java:232)
	at org.hibernate.engine.transaction.internal.TransactionImpl.begin(TransactionImpl.java:83)
	at org.springframework.orm.jpa.vendor.HibernateJpaDialect.beginTransaction(HibernateJpaDialect.java:176)
	at org.springframework.orm.jpa.JpaTransactionManager.doBegin(JpaTransactionManager.java:421)
	at org.springframework.transaction.support.AbstractPlatformTransactionManager.startTransaction(AbstractPlatformTransactionManager.java:532)
	at org.springframework.transaction.support.AbstractPlatformTransactionManager.getTransaction(AbstractPlatformTransactionManager.java:405)
	at org.springframework.transaction.interceptor.TransactionAspectSupport.createTransactionIfNecessary(TransactionAspectSupport.java:639)
	at org.springframework.transaction.interceptor.TransactionAspectSupport.invokeWithinTransaction(TransactionAspectSupport.java:374)
	at org.springframework.transaction.interceptor.TransactionInterceptor.invoke(TransactionInterceptor.java:119)
	at org.springframework.aop.framework.ReflectiveMethodInvocation.proceed(ReflectiveMethodInvocation.java:184)
	at org.springframework.aop.framework.CglibAopProxy$DynamicAdvisedInterceptor.intercept(CglibAopProxy.java:728)
	at com.snatchmart.snatchmart.service.serviceImpl.AffiliateSyncServiceImpl$$SpringCGLIB$$0.syncDeals(<generated>)
	at com.snatchmart.snatchmart.scheduler.DealScheduler.syncPrices(DealScheduler.java:22)
	at java.base/jdk.internal.reflect.DirectMethodHandleAccessor.invoke(DirectMethodHandleAccessor.java:103)
	at java.base/java.lang.reflect.Method.invoke(Method.java:580)
	at org.springframework.scheduling.support.ScheduledMethodRunnable.runInternal(ScheduledMethodRunnable.java:130)
	at org.springframework.scheduling.support.ScheduledMethodRunnable.lambda$run$2(ScheduledMethodRunnable.java:124)
	at io.micrometer.observation.Observation.observe(Observation.java:498)
	at org.springframework.scheduling.support.ScheduledMethodRunnable.run(ScheduledMethodRunnable.java:124)
	at org.springframework.scheduling.config.Task$OutcomeTrackingRunnable.run(Task.java:85)
	at org.springframework.scheduling.support.DelegatingErrorHandlingRunnable.run(DelegatingErrorHandlingRunnable.java:54)
	at java.base/java.util.concurrent.Executors$RunnableAdapter.call(Executors.java:572)
	at java.base/java.util.concurrent.FutureTask.runAndReset(FutureTask.java:358)
	at java.base/java.util.concurrent.ScheduledThreadPoolExecutor$ScheduledFutureTask.run(ScheduledThreadPoolExecutor.java:305)
	... 3 common frames omitted
2026-02-21 12:57:07 INFO  [] c.s.s.scheduler.DealScheduler - Starting 30-min price sync job
2026-02-21 12:57:37 WARN  [] o.h.e.jdbc.spi.SqlExceptionHelper - SQL Error: 0, SQLState: 08003
2026-02-21 12:57:37 ERROR [] o.h.e.jdbc.spi.SqlExceptionHelper - HikariPool-1 - Connection is not available, request timed out after 30005ms (total=0, active=0, idle=0, waiting=0)
2026-02-21 12:57:37 ERROR [] o.h.e.jdbc.spi.SqlExceptionHelper - This connection has been closed.
2026-02-21 12:57:37 ERROR [] o.s.s.s.TaskUtils$LoggingErrorHandler - Unexpected error occurred in scheduled task
org.springframework.transaction.CannotCreateTransactionException: Could not open JPA EntityManager for transaction
	at org.springframework.orm.jpa.JpaTransactionManager.doBegin(JpaTransactionManager.java:467)
	at org.springframework.transaction.support.AbstractPlatformTransactionManager.startTransaction(AbstractPlatformTransactionManager.java:532)
	at org.springframework.transaction.support.AbstractPlatformTransactionManager.getTransaction(AbstractPlatformTransactionManager.java:405)
	at org.springframework.transaction.interceptor.TransactionAspectSupport.createTransactionIfNecessary(TransactionAspectSupport.java:639)
	at org.springframework.transaction.interceptor.TransactionAspectSupport.invokeWithinTransaction(TransactionAspectSupport.java:374)
	at org.springframework.transaction.interceptor.TransactionInterceptor.invoke(TransactionInterceptor.java:119)
	at org.springframework.aop.framework.ReflectiveMethodInvocation.proceed(ReflectiveMethodInvocation.java:184)
	at org.springframework.aop.framework.CglibAopProxy$DynamicAdvisedInterceptor.intercept(CglibAopProxy.java:728)
	at com.snatchmart.snatchmart.service.serviceImpl.AffiliateSyncServiceImpl$$SpringCGLIB$$0.syncDeals(<generated>)
	at com.snatchmart.snatchmart.scheduler.DealScheduler.syncPrices(DealScheduler.java:22)
	at java.base/jdk.internal.reflect.DirectMethodHandleAccessor.invoke(DirectMethodHandleAccessor.java:103)
	at java.base/java.lang.reflect.Method.invoke(Method.java:580)
	at org.springframework.scheduling.support.ScheduledMethodRunnable.runInternal(ScheduledMethodRunnable.java:130)
	at org.springframework.scheduling.support.ScheduledMethodRunnable.lambda$run$2(ScheduledMethodRunnable.java:124)
	at io.micrometer.observation.Observation.observe(Observation.java:498)
	at org.springframework.scheduling.support.ScheduledMethodRunnable.run(ScheduledMethodRunnable.java:124)
	at org.springframework.scheduling.config.Task$OutcomeTrackingRunnable.run(Task.java:85)
	at org.springframework.scheduling.support.DelegatingErrorHandlingRunnable.run(DelegatingErrorHandlingRunnable.java:54)
	at java.base/java.util.concurrent.Executors$RunnableAdapter.call(Executors.java:572)
	at java.base/java.util.concurrent.FutureTask.runAndReset(FutureTask.java:358)
	at java.base/java.util.concurrent.ScheduledThreadPoolExecutor$ScheduledFutureTask.run(ScheduledThreadPoolExecutor.java:305)
	at java.base/java.util.concurrent.ThreadPoolExecutor.runWorker(ThreadPoolExecutor.java:1144)
	at java.base/java.util.concurrent.ThreadPoolExecutor$Worker.run(ThreadPoolExecutor.java:642)
	at java.base/java.lang.Thread.run(Thread.java:1583)
Caused by: org.hibernate.exception.JDBCConnectionException: Unable to acquire JDBC Connection [HikariPool-1 - Connection is not available, request timed out after 30005ms (total=0, active=0, idle=0, waiting=0)] [n/a]
	at org.hibernate.exception.internal.SQLExceptionTypeDelegate.convert(SQLExceptionTypeDelegate.java:51)
	at org.hibernate.exception.internal.StandardSQLExceptionConverter.convert(StandardSQLExceptionConverter.java:58)
	at org.hibernate.engine.jdbc.spi.SqlExceptionHelper.convert(SqlExceptionHelper.java:108)
	at org.hibernate.engine.jdbc.spi.SqlExceptionHelper.convert(SqlExceptionHelper.java:94)
	at org.hibernate.resource.jdbc.internal.LogicalConnectionManagedImpl.acquireConnectionIfNeeded(LogicalConnectionManagedImpl.java:129)
	at org.hibernate.resource.jdbc.internal.LogicalConnectionManagedImpl.getPhysicalConnection(LogicalConnectionManagedImpl.java:156)
	at org.hibernate.resource.jdbc.internal.LogicalConnectionManagedImpl.getConnectionForTransactionManagement(LogicalConnectionManagedImpl.java:286)
	at org.hibernate.resource.jdbc.internal.LogicalConnectionManagedImpl.begin(LogicalConnectionManagedImpl.java:294)
	at org.hibernate.resource.transaction.backend.jdbc.internal.JdbcResourceLocalTransactionCoordinatorImpl$TransactionDriverControlImpl.begin(JdbcResourceLocalTransactionCoordinatorImpl.java:232)
	at org.hibernate.engine.transaction.internal.TransactionImpl.begin(TransactionImpl.java:83)
	at org.springframework.orm.jpa.vendor.HibernateJpaDialect.beginTransaction(HibernateJpaDialect.java:176)
	at org.springframework.orm.jpa.JpaTransactionManager.doBegin(JpaTransactionManager.java:421)
	... 23 common frames omitted
Caused by: java.sql.SQLTransientConnectionException: HikariPool-1 - Connection is not available, request timed out after 30005ms (total=0, active=0, idle=0, waiting=0)
	at com.zaxxer.hikari.pool.HikariPool.createTimeoutException(HikariPool.java:714)
	at com.zaxxer.hikari.pool.HikariPool.getConnection(HikariPool.java:184)
	at com.zaxxer.hikari.pool.HikariPool.getConnection(HikariPool.java:142)
	at com.zaxxer.hikari.HikariDataSource.getConnection(HikariDataSource.java:127)
	at org.hibernate.engine.jdbc.connections.internal.DatasourceConnectionProviderImpl.getConnection(DatasourceConnectionProviderImpl.java:126)
	at org.hibernate.internal.NonContextualJdbcConnectionAccess.obtainConnection(NonContextualJdbcConnectionAccess.java:46)
	at org.hibernate.resource.jdbc.internal.LogicalConnectionManagedImpl.acquireConnectionIfNeeded(LogicalConnectionManagedImpl.java:126)
	... 30 common frames omitted
Caused by: org.postgresql.util.PSQLException: This connection has been closed.
	at org.postgresql.jdbc.PgConnection.checkClosed(PgConnection.java:1012)
	at org.postgresql.jdbc.PgConnection.setNetworkTimeout(PgConnection.java:1736)
	at com.zaxxer.hikari.pool.PoolBase.setNetworkTimeout(PoolBase.java:582)
	at com.zaxxer.hikari.pool.PoolBase.isConnectionDead(PoolBase.java:174)
	at com.zaxxer.hikari.pool.HikariPool.getConnection(HikariPool.java:166)
	... 35 common frames omitted
2026-02-21 13:27:07 INFO  [] c.s.s.scheduler.DealScheduler - Starting 30-min price sync job
2026-02-21 13:27:37 WARN  [] o.h.e.jdbc.spi.SqlExceptionHelper - SQL Error: 0, SQLState: 08003
2026-02-21 13:27:37 ERROR [] o.h.e.jdbc.spi.SqlExceptionHelper - HikariPool-1 - Connection is not available, request timed out after 30004ms (total=0, active=0, idle=0, waiting=0)
2026-02-21 13:27:37 ERROR [] o.h.e.jdbc.spi.SqlExceptionHelper - This connection has been closed.
2026-02-21 13:27:37 ERROR [] o.s.s.s.TaskUtils$LoggingErrorHandler - Unexpected error occurred in scheduled task
org.springframework.transaction.CannotCreateTransactionException: Could not open JPA EntityManager for transaction
	at org.springframework.orm.jpa.JpaTransactionManager.doBegin(JpaTransactionManager.java:467)
	at org.springframework.transaction.support.AbstractPlatformTransactionManager.startTransaction(AbstractPlatformTransactionManager.java:532)
	at org.springframework.transaction.support.AbstractPlatformTransactionManager.getTransaction(AbstractPlatformTransactionManager.java:405)
	at org.springframework.transaction.interceptor.TransactionAspectSupport.createTransactionIfNecessary(TransactionAspectSupport.java:639)
	at org.springframework.transaction.interceptor.TransactionAspectSupport.invokeWithinTransaction(TransactionAspectSupport.java:374)
	at org.springframework.transaction.interceptor.TransactionInterceptor.invoke(TransactionInterceptor.java:119)
	at org.springframework.aop.framework.ReflectiveMethodInvocation.proceed(ReflectiveMethodInvocation.java:184)
	at org.springframework.aop.framework.CglibAopProxy$DynamicAdvisedInterceptor.intercept(CglibAopProxy.java:728)
	at com.snatchmart.snatchmart.service.serviceImpl.AffiliateSyncServiceImpl$$SpringCGLIB$$0.syncDeals(<generated>)
	at com.snatchmart.snatchmart.scheduler.DealScheduler.syncPrices(DealScheduler.java:22)
	at java.base/jdk.internal.reflect.DirectMethodHandleAccessor.invoke(DirectMethodHandleAccessor.java:103)
	at java.base/java.lang.reflect.Method.invoke(Method.java:580)
	at org.springframework.scheduling.support.ScheduledMethodRunnable.runInternal(ScheduledMethodRunnable.java:130)
	at org.springframework.scheduling.support.ScheduledMethodRunnable.lambda$run$2(ScheduledMethodRunnable.java:124)
	at io.micrometer.observation.Observation.observe(Observation.java:498)
	at org.springframework.scheduling.support.ScheduledMethodRunnable.run(ScheduledMethodRunnable.java:124)
	at org.springframework.scheduling.config.Task$OutcomeTrackingRunnable.run(Task.java:85)
	at org.springframework.scheduling.support.DelegatingErrorHandlingRunnable.run(DelegatingErrorHandlingRunnable.java:54)
	at java.base/java.util.concurrent.Executors$RunnableAdapter.call(Executors.java:572)
	at java.base/java.util.concurrent.FutureTask.runAndReset(FutureTask.java:358)
	at java.base/java.util.concurrent.ScheduledThreadPoolExecutor$ScheduledFutureTask.run(ScheduledThreadPoolExecutor.java:305)
	at java.base/java.util.concurrent.ThreadPoolExecutor.runWorker(ThreadPoolExecutor.java:1144)
	at java.base/java.util.concurrent.ThreadPoolExecutor$Worker.run(ThreadPoolExecutor.java:642)
	at java.base/java.lang.Thread.run(Thread.java:1583)
Caused by: org.hibernate.exception.JDBCConnectionException: Unable to acquire JDBC Connection [HikariPool-1 - Connection is not available, request timed out after 30004ms (total=0, active=0, idle=0, waiting=0)] [n/a]
	at org.hibernate.exception.internal.SQLExceptionTypeDelegate.convert(SQLExceptionTypeDelegate.java:51)
	at org.hibernate.exception.internal.StandardSQLExceptionConverter.convert(StandardSQLExceptionConverter.java:58)
	at org.hibernate.engine.jdbc.spi.SqlExceptionHelper.convert(SqlExceptionHelper.java:108)
	at org.hibernate.engine.jdbc.spi.SqlExceptionHelper.convert(SqlExceptionHelper.java:94)
	at org.hibernate.resource.jdbc.internal.LogicalConnectionManagedImpl.acquireConnectionIfNeeded(LogicalConnectionManagedImpl.java:129)
	at org.hibernate.resource.jdbc.internal.LogicalConnectionManagedImpl.getPhysicalConnection(LogicalConnectionManagedImpl.java:156)
	at org.hibernate.resource.jdbc.internal.LogicalConnectionManagedImpl.getConnectionForTransactionManagement(LogicalConnectionManagedImpl.java:286)
	at org.hibernate.resource.jdbc.internal.LogicalConnectionManagedImpl.begin(LogicalConnectionManagedImpl.java:294)
	at org.hibernate.resource.transaction.backend.jdbc.internal.JdbcResourceLocalTransactionCoordinatorImpl$TransactionDriverControlImpl.begin(JdbcResourceLocalTransactionCoordinatorImpl.java:232)
	at org.hibernate.engine.transaction.internal.TransactionImpl.begin(TransactionImpl.java:83)
	at org.springframework.orm.jpa.vendor.HibernateJpaDialect.beginTransaction(HibernateJpaDialect.java:176)
	at org.springframework.orm.jpa.JpaTransactionManager.doBegin(JpaTransactionManager.java:421)
	... 23 common frames omitted
Caused by: java.sql.SQLTransientConnectionException: HikariPool-1 - Connection is not available, request timed out after 30004ms (total=0, active=0, idle=0, waiting=0)
	at com.zaxxer.hikari.pool.HikariPool.createTimeoutException(HikariPool.java:714)
	at com.zaxxer.hikari.pool.HikariPool.getConnection(HikariPool.java:184)
	at com.zaxxer.hikari.pool.HikariPool.getConnection(HikariPool.java:142)
	at com.zaxxer.hikari.HikariDataSource.getConnection(HikariDataSource.java:127)
	at org.hibernate.engine.jdbc.connections.internal.DatasourceConnectionProviderImpl.getConnection(DatasourceConnectionProviderImpl.java:126)
	at org.hibernate.internal.NonContextualJdbcConnectionAccess.obtainConnection(NonContextualJdbcConnectionAccess.java:46)
	at org.hibernate.resource.jdbc.internal.LogicalConnectionManagedImpl.acquireConnectionIfNeeded(LogicalConnectionManagedImpl.java:126)
	... 30 common frames omitted
Caused by: org.postgresql.util.PSQLException: This connection has been closed.
	at org.postgresql.jdbc.PgConnection.checkClosed(PgConnection.java:1012)
	at org.postgresql.jdbc.PgConnection.setNetworkTimeout(PgConnection.java:1736)
	at com.zaxxer.hikari.pool.PoolBase.setNetworkTimeout(PoolBase.java:582)
	at com.zaxxer.hikari.pool.PoolBase.isConnectionDead(PoolBase.java:174)
	at com.zaxxer.hikari.pool.HikariPool.getConnection(HikariPool.java:166)
	... 35 common frames omitted
2026-02-21 13:57:07 INFO  [] c.s.s.scheduler.DealScheduler - Starting 30-min price sync job
2026-02-21 13:57:37 WARN  [] o.h.e.jdbc.spi.SqlExceptionHelper - SQL Error: 0, SQLState: 08003
2026-02-21 13:57:37 ERROR [] o.h.e.jdbc.spi.SqlExceptionHelper - HikariPool-1 - Connection is not available, request timed out after 30003ms (total=0, active=0, idle=0, waiting=0)
2026-02-21 13:57:37 ERROR [] o.h.e.jdbc.spi.SqlExceptionHelper - This connection has been closed.
2026-02-21 13:57:37 ERROR [] o.s.s.s.TaskUtils$LoggingErrorHandler - Unexpected error occurred in scheduled task
org.springframework.transaction.CannotCreateTransactionException: Could not open JPA EntityManager for transaction
	at org.springframework.orm.jpa.JpaTransactionManager.doBegin(JpaTransactionManager.java:467)
	at org.springframework.transaction.support.AbstractPlatformTransactionManager.startTransaction(AbstractPlatformTransactionManager.java:532)
	at org.springframework.transaction.support.AbstractPlatformTransactionManager.getTransaction(AbstractPlatformTransactionManager.java:405)
	at org.springframework.transaction.interceptor.TransactionAspectSupport.createTransactionIfNecessary(TransactionAspectSupport.java:639)
	at org.springframework.transaction.interceptor.TransactionAspectSupport.invokeWithinTransaction(TransactionAspectSupport.java:374)
	at org.springframework.transaction.interceptor.TransactionInterceptor.invoke(TransactionInterceptor.java:119)
	at org.springframework.aop.framework.ReflectiveMethodInvocation.proceed(ReflectiveMethodInvocation.java:184)
	at org.springframework.aop.framework.CglibAopProxy$DynamicAdvisedInterceptor.intercept(CglibAopProxy.java:728)
	at com.snatchmart.snatchmart.service.serviceImpl.AffiliateSyncServiceImpl$$SpringCGLIB$$0.syncDeals(<generated>)
	at com.snatchmart.snatchmart.scheduler.DealScheduler.syncPrices(DealScheduler.java:22)
	at java.base/jdk.internal.reflect.DirectMethodHandleAccessor.invoke(DirectMethodHandleAccessor.java:103)
	at java.base/java.lang.reflect.Method.invoke(Method.java:580)
	at org.springframework.scheduling.support.ScheduledMethodRunnable.runInternal(ScheduledMethodRunnable.java:130)
	at org.springframework.scheduling.support.ScheduledMethodRunnable.lambda$run$2(ScheduledMethodRunnable.java:124)
	at io.micrometer.observation.Observation.observe(Observation.java:498)
	at org.springframework.scheduling.support.ScheduledMethodRunnable.run(ScheduledMethodRunnable.java:124)
	at org.springframework.scheduling.config.Task$OutcomeTrackingRunnable.run(Task.java:85)
	at org.springframework.scheduling.support.DelegatingErrorHandlingRunnable.run(DelegatingErrorHandlingRunnable.java:54)
	at java.base/java.util.concurrent.Executors$RunnableAdapter.call(Executors.java:572)
	at java.base/java.util.concurrent.FutureTask.runAndReset(FutureTask.java:358)
	at java.base/java.util.concurrent.ScheduledThreadPoolExecutor$ScheduledFutureTask.run(ScheduledThreadPoolExecutor.java:305)
	at java.base/java.util.concurrent.ThreadPoolExecutor.runWorker(ThreadPoolExecutor.java:1144)
	at java.base/java.util.concurrent.ThreadPoolExecutor$Worker.run(ThreadPoolExecutor.java:642)
	at java.base/java.lang.Thread.run(Thread.java:1583)
Caused by: org.hibernate.exception.JDBCConnectionException: Unable to acquire JDBC Connection [HikariPool-1 - Connection is not available, request timed out after 30003ms (total=0, active=0, idle=0, waiting=0)] [n/a]
	at org.hibernate.exception.internal.SQLExceptionTypeDelegate.convert(SQLExceptionTypeDelegate.java:51)
	at org.hibernate.exception.internal.StandardSQLExceptionConverter.convert(StandardSQLExceptionConverter.java:58)
	at org.hibernate.engine.jdbc.spi.SqlExceptionHelper.convert(SqlExceptionHelper.java:108)
	at org.hibernate.engine.jdbc.spi.SqlExceptionHelper.convert(SqlExceptionHelper.java:94)
	at org.hibernate.resource.jdbc.internal.LogicalConnectionManagedImpl.acquireConnectionIfNeeded(LogicalConnectionManagedImpl.java:129)
	at org.hibernate.resource.jdbc.internal.LogicalConnectionManagedImpl.getPhysicalConnection(LogicalConnectionManagedImpl.java:156)
	at org.hibernate.resource.jdbc.internal.LogicalConnectionManagedImpl.getConnectionForTransactionManagement(LogicalConnectionManagedImpl.java:286)
	at org.hibernate.resource.jdbc.internal.LogicalConnectionManagedImpl.begin(LogicalConnectionManagedImpl.java:294)
	at org.hibernate.resource.transaction.backend.jdbc.internal.JdbcResourceLocalTransactionCoordinatorImpl$TransactionDriverControlImpl.begin(JdbcResourceLocalTransactionCoordinatorImpl.java:232)
	at org.hibernate.engine.transaction.internal.TransactionImpl.begin(TransactionImpl.java:83)
	at org.springframework.orm.jpa.vendor.HibernateJpaDialect.beginTransaction(HibernateJpaDialect.java:176)
	at org.springframework.orm.jpa.JpaTransactionManager.doBegin(JpaTransactionManager.java:421)
	... 23 common frames omitted
Caused by: java.sql.SQLTransientConnectionException: HikariPool-1 - Connection is not available, request timed out after 30003ms (total=0, active=0, idle=0, waiting=0)
	at com.zaxxer.hikari.pool.HikariPool.createTimeoutException(HikariPool.java:714)
	at com.zaxxer.hikari.pool.HikariPool.getConnection(HikariPool.java:184)
	at com.zaxxer.hikari.pool.HikariPool.getConnection(HikariPool.java:142)
	at com.zaxxer.hikari.HikariDataSource.getConnection(HikariDataSource.java:127)
	at org.hibernate.engine.jdbc.connections.internal.DatasourceConnectionProviderImpl.getConnection(DatasourceConnectionProviderImpl.java:126)
	at org.hibernate.internal.NonContextualJdbcConnectionAccess.obtainConnection(NonContextualJdbcConnectionAccess.java:46)
	at org.hibernate.resource.jdbc.internal.LogicalConnectionManagedImpl.acquireConnectionIfNeeded(LogicalConnectionManagedImpl.java:126)
	... 30 common frames omitted
Caused by: org.postgresql.util.PSQLException: This connection has been closed.
	at org.postgresql.jdbc.PgConnection.checkClosed(PgConnection.java:1012)
	at org.postgresql.jdbc.PgConnection.setNetworkTimeout(PgConnection.java:1736)
	at com.zaxxer.hikari.pool.PoolBase.setNetworkTimeout(PoolBase.java:582)
	at com.zaxxer.hikari.pool.PoolBase.isConnectionDead(PoolBase.java:174)
	at com.zaxxer.hikari.pool.HikariPool.getConnection(HikariPool.java:166)
	... 35 common frames omitted
2026-02-21 14:27:07 INFO  [] c.s.s.scheduler.DealScheduler - Starting 30-min price sync job
2026-02-21 14:27:37 WARN  [] o.h.e.jdbc.spi.SqlExceptionHelper - SQL Error: 0, SQLState: 08003
2026-02-21 14:27:37 ERROR [] o.h.e.jdbc.spi.SqlExceptionHelper - HikariPool-1 - Connection is not available, request timed out after 30004ms (total=0, active=0, idle=0, waiting=0)
2026-02-21 14:27:37 ERROR [] o.h.e.jdbc.spi.SqlExceptionHelper - This connection has been closed.
2026-02-21 14:27:37 ERROR [] o.s.s.s.TaskUtils$LoggingErrorHandler - Unexpected error occurred in scheduled task
org.springframework.transaction.CannotCreateTransactionException: Could not open JPA EntityManager for transaction
	at org.springframework.orm.jpa.JpaTransactionManager.doBegin(JpaTransactionManager.java:467)
	at org.springframework.transaction.support.AbstractPlatformTransactionManager.startTransaction(AbstractPlatformTransactionManager.java:532)
	at org.springframework.transaction.support.AbstractPlatformTransactionManager.getTransaction(AbstractPlatformTransactionManager.java:405)
	at org.springframework.transaction.interceptor.TransactionAspectSupport.createTransactionIfNecessary(TransactionAspectSupport.java:639)
	at org.springframework.transaction.interceptor.TransactionAspectSupport.invokeWithinTransaction(TransactionAspectSupport.java:374)
	at org.springframework.transaction.interceptor.TransactionInterceptor.invoke(TransactionInterceptor.java:119)
	at org.springframework.aop.framework.ReflectiveMethodInvocation.proceed(ReflectiveMethodInvocation.java:184)
	at org.springframework.aop.framework.CglibAopProxy$DynamicAdvisedInterceptor.intercept(CglibAopProxy.java:728)
	at com.snatchmart.snatchmart.service.serviceImpl.AffiliateSyncServiceImpl$$SpringCGLIB$$0.syncDeals(<generated>)
	at com.snatchmart.snatchmart.scheduler.DealScheduler.syncPrices(DealScheduler.java:22)
	at java.base/jdk.internal.reflect.DirectMethodHandleAccessor.invoke(DirectMethodHandleAccessor.java:103)
	at java.base/java.lang.reflect.Method.invoke(Method.java:580)
	at org.springframework.scheduling.support.ScheduledMethodRunnable.runInternal(ScheduledMethodRunnable.java:130)
	at org.springframework.scheduling.support.ScheduledMethodRunnable.lambda$run$2(ScheduledMethodRunnable.java:124)
	at io.micrometer.observation.Observation.observe(Observation.java:498)
	at org.springframework.scheduling.support.ScheduledMethodRunnable.run(ScheduledMethodRunnable.java:124)
	at org.springframework.scheduling.config.Task$OutcomeTrackingRunnable.run(Task.java:85)
	at org.springframework.scheduling.support.DelegatingErrorHandlingRunnable.run(DelegatingErrorHandlingRunnable.java:54)
	at java.base/java.util.concurrent.Executors$RunnableAdapter.call(Executors.java:572)
	at java.base/java.util.concurrent.FutureTask.runAndReset(FutureTask.java:358)
	at java.base/java.util.concurrent.ScheduledThreadPoolExecutor$ScheduledFutureTask.run(ScheduledThreadPoolExecutor.java:305)
	at java.base/java.util.concurrent.ThreadPoolExecutor.runWorker(ThreadPoolExecutor.java:1144)
	at java.base/java.util.concurrent.ThreadPoolExecutor$Worker.run(ThreadPoolExecutor.java:642)
	at java.base/java.lang.Thread.run(Thread.java:1583)
Caused by: org.hibernate.exception.JDBCConnectionException: Unable to acquire JDBC Connection [HikariPool-1 - Connection is not available, request timed out after 30004ms (total=0, active=0, idle=0, waiting=0)] [n/a]
	at org.hibernate.exception.internal.SQLExceptionTypeDelegate.convert(SQLExceptionTypeDelegate.java:51)
	at org.hibernate.exception.internal.StandardSQLExceptionConverter.convert(StandardSQLExceptionConverter.java:58)
	at org.hibernate.engine.jdbc.spi.SqlExceptionHelper.convert(SqlExceptionHelper.java:108)
	at org.hibernate.engine.jdbc.spi.SqlExceptionHelper.convert(SqlExceptionHelper.java:94)
	at org.hibernate.resource.jdbc.internal.LogicalConnectionManagedImpl.acquireConnectionIfNeeded(LogicalConnectionManagedImpl.java:129)
	at org.hibernate.resource.jdbc.internal.LogicalConnectionManagedImpl.getPhysicalConnection(LogicalConnectionManagedImpl.java:156)
	at org.hibernate.resource.jdbc.internal.LogicalConnectionManagedImpl.getConnectionForTransactionManagement(LogicalConnectionManagedImpl.java:286)
	at org.hibernate.resource.jdbc.internal.LogicalConnectionManagedImpl.begin(LogicalConnectionManagedImpl.java:294)
	at org.hibernate.resource.transaction.backend.jdbc.internal.JdbcResourceLocalTransactionCoordinatorImpl$TransactionDriverControlImpl.begin(JdbcResourceLocalTransactionCoordinatorImpl.java:232)
	at org.hibernate.engine.transaction.internal.TransactionImpl.begin(TransactionImpl.java:83)
	at org.springframework.orm.jpa.vendor.HibernateJpaDialect.beginTransaction(HibernateJpaDialect.java:176)
	at org.springframework.orm.jpa.JpaTransactionManager.doBegin(JpaTransactionManager.java:421)
	... 23 common frames omitted
Caused by: java.sql.SQLTransientConnectionException: HikariPool-1 - Connection is not available, request timed out after 30004ms (total=0, active=0, idle=0, waiting=0)
	at com.zaxxer.hikari.pool.HikariPool.createTimeoutException(HikariPool.java:714)
	at com.zaxxer.hikari.pool.HikariPool.getConnection(HikariPool.java:184)
	at com.zaxxer.hikari.pool.HikariPool.getConnection(HikariPool.java:142)
	at com.zaxxer.hikari.HikariDataSource.getConnection(HikariDataSource.java:127)
	at org.hibernate.engine.jdbc.connections.internal.DatasourceConnectionProviderImpl.getConnection(DatasourceConnectionProviderImpl.java:126)
	at org.hibernate.internal.NonContextualJdbcConnectionAccess.obtainConnection(NonContextualJdbcConnectionAccess.java:46)
	at org.hibernate.resource.jdbc.internal.LogicalConnectionManagedImpl.acquireConnectionIfNeeded(LogicalConnectionManagedImpl.java:126)
	... 30 common frames omitted
Caused by: org.postgresql.util.PSQLException: This connection has been closed.
	at org.postgresql.jdbc.PgConnection.checkClosed(PgConnection.java:1012)
	at org.postgresql.jdbc.PgConnection.setNetworkTimeout(PgConnection.java:1736)
	at com.zaxxer.hikari.pool.PoolBase.setNetworkTimeout(PoolBase.java:582)
	at com.zaxxer.hikari.pool.PoolBase.isConnectionDead(PoolBase.java:174)
	at com.zaxxer.hikari.pool.HikariPool.getConnection(HikariPool.java:166)
	... 35 common frames omitted
2026-02-21 14:57:07 INFO  [] c.s.s.scheduler.DealScheduler - Starting 30-min price sync job
2026-02-21 14:57:37 WARN  [] o.h.e.jdbc.spi.SqlExceptionHelper - SQL Error: 0, SQLState: 08003
2026-02-21 14:57:37 ERROR [] o.h.e.jdbc.spi.SqlExceptionHelper - HikariPool-1 - Connection is not available, request timed out after 30011ms (total=0, active=0, idle=0, waiting=0)
2026-02-21 14:57:37 ERROR [] o.h.e.jdbc.spi.SqlExceptionHelper - This connection has been closed.
2026-02-21 14:57:37 ERROR [] o.s.s.s.TaskUtils$LoggingErrorHandler - Unexpected error occurred in scheduled task
org.springframework.transaction.CannotCreateTransactionException: Could not open JPA EntityManager for transaction
	at org.springframework.orm.jpa.JpaTransactionManager.doBegin(JpaTransactionManager.java:467)
	at org.springframework.transaction.support.AbstractPlatformTransactionManager.startTransaction(AbstractPlatformTransactionManager.java:532)
	at org.springframework.transaction.support.AbstractPlatformTransactionManager.getTransaction(AbstractPlatformTransactionManager.java:405)
	at org.springframework.transaction.interceptor.TransactionAspectSupport.createTransactionIfNecessary(TransactionAspectSupport.java:639)
	at org.springframework.transaction.interceptor.TransactionAspectSupport.invokeWithinTransaction(TransactionAspectSupport.java:374)
	at org.springframework.transaction.interceptor.TransactionInterceptor.invoke(TransactionInterceptor.java:119)
	at org.springframework.aop.framework.ReflectiveMethodInvocation.proceed(ReflectiveMethodInvocation.java:184)
	at org.springframework.aop.framework.CglibAopProxy$DynamicAdvisedInterceptor.intercept(CglibAopProxy.java:728)
	at com.snatchmart.snatchmart.service.serviceImpl.AffiliateSyncServiceImpl$$SpringCGLIB$$0.syncDeals(<generated>)
	at com.snatchmart.snatchmart.scheduler.DealScheduler.syncPrices(DealScheduler.java:22)
	at java.base/jdk.internal.reflect.DirectMethodHandleAccessor.invoke(DirectMethodHandleAccessor.java:103)
	at java.base/java.lang.reflect.Method.invoke(Method.java:580)
	at org.springframework.scheduling.support.ScheduledMethodRunnable.runInternal(ScheduledMethodRunnable.java:130)
	at org.springframework.scheduling.support.ScheduledMethodRunnable.lambda$run$2(ScheduledMethodRunnable.java:124)
	at io.micrometer.observation.Observation.observe(Observation.java:498)
	at org.springframework.scheduling.support.ScheduledMethodRunnable.run(ScheduledMethodRunnable.java:124)
	at org.springframework.scheduling.config.Task$OutcomeTrackingRunnable.run(Task.java:85)
	at org.springframework.scheduling.support.DelegatingErrorHandlingRunnable.run(DelegatingErrorHandlingRunnable.java:54)
	at java.base/java.util.concurrent.Executors$RunnableAdapter.call(Executors.java:572)
	at java.base/java.util.concurrent.FutureTask.runAndReset(FutureTask.java:358)
	at java.base/java.util.concurrent.ScheduledThreadPoolExecutor$ScheduledFutureTask.run(ScheduledThreadPoolExecutor.java:305)
	at java.base/java.util.concurrent.ThreadPoolExecutor.runWorker(ThreadPoolExecutor.java:1144)
	at java.base/java.util.concurrent.ThreadPoolExecutor$Worker.run(ThreadPoolExecutor.java:642)
	at java.base/java.lang.Thread.run(Thread.java:1583)
Caused by: org.hibernate.exception.JDBCConnectionException: Unable to acquire JDBC Connection [HikariPool-1 - Connection is not available, request timed out after 30011ms (total=0, active=0, idle=0, waiting=0)] [n/a]
	at org.hibernate.exception.internal.SQLExceptionTypeDelegate.convert(SQLExceptionTypeDelegate.java:51)
	at org.hibernate.exception.internal.StandardSQLExceptionConverter.convert(StandardSQLExceptionConverter.java:58)
	at org.hibernate.engine.jdbc.spi.SqlExceptionHelper.convert(SqlExceptionHelper.java:108)
	at org.hibernate.engine.jdbc.spi.SqlExceptionHelper.convert(SqlExceptionHelper.java:94)
	at org.hibernate.resource.jdbc.internal.LogicalConnectionManagedImpl.acquireConnectionIfNeeded(LogicalConnectionManagedImpl.java:129)
	at org.hibernate.resource.jdbc.internal.LogicalConnectionManagedImpl.getPhysicalConnection(LogicalConnectionManagedImpl.java:156)
	at org.hibernate.resource.jdbc.internal.LogicalConnectionManagedImpl.getConnectionForTransactionManagement(LogicalConnectionManagedImpl.java:286)
	at org.hibernate.resource.jdbc.internal.LogicalConnectionManagedImpl.begin(LogicalConnectionManagedImpl.java:294)
	at org.hibernate.resource.transaction.backend.jdbc.internal.JdbcResourceLocalTransactionCoordinatorImpl$TransactionDriverControlImpl.begin(JdbcResourceLocalTransactionCoordinatorImpl.java:232)
	at org.hibernate.engine.transaction.internal.TransactionImpl.begin(TransactionImpl.java:83)
	at org.springframework.orm.jpa.vendor.HibernateJpaDialect.beginTransaction(HibernateJpaDialect.java:176)
	at org.springframework.orm.jpa.JpaTransactionManager.doBegin(JpaTransactionManager.java:421)
	... 23 common frames omitted
Caused by: java.sql.SQLTransientConnectionException: HikariPool-1 - Connection is not available, request timed out after 30011ms (total=0, active=0, idle=0, waiting=0)
	at com.zaxxer.hikari.pool.HikariPool.createTimeoutException(HikariPool.java:714)
	at com.zaxxer.hikari.pool.HikariPool.getConnection(HikariPool.java:184)
	at com.zaxxer.hikari.pool.HikariPool.getConnection(HikariPool.java:142)
	at com.zaxxer.hikari.HikariDataSource.getConnection(HikariDataSource.java:127)
	at org.hibernate.engine.jdbc.connections.internal.DatasourceConnectionProviderImpl.getConnection(DatasourceConnectionProviderImpl.java:126)
	at org.hibernate.internal.NonContextualJdbcConnectionAccess.obtainConnection(NonContextualJdbcConnectionAccess.java:46)
	at org.hibernate.resource.jdbc.internal.LogicalConnectionManagedImpl.acquireConnectionIfNeeded(LogicalConnectionManagedImpl.java:126)
	... 30 common frames omitted
Caused by: org.postgresql.util.PSQLException: This connection has been closed.
	at org.postgresql.jdbc.PgConnection.checkClosed(PgConnection.java:1012)
	at org.postgresql.jdbc.PgConnection.setNetworkTimeout(PgConnection.java:1736)
	at com.zaxxer.hikari.pool.PoolBase.setNetworkTimeout(PoolBase.java:582)
	at com.zaxxer.hikari.pool.PoolBase.isConnectionDead(PoolBase.java:174)
	at com.zaxxer.hikari.pool.HikariPool.getConnection(HikariPool.java:166)
	... 35 common frames omitted
2026-02-21 15:31:11 WARN  [] com.zaxxer.hikari.pool.HikariPool - HikariPool-1 - Thread starvation or clock leap detected (housekeeper delta=13m15s192ms).
2026-02-21 16:02:49 WARN  [] com.zaxxer.hikari.pool.HikariPool - HikariPool-1 - Thread starvation or clock leap detected (housekeeper delta=31m8s156ms).
2026-02-21 17:06:58 WARN  [] com.zaxxer.hikari.pool.HikariPool - HikariPool-1 - Thread starvation or clock leap detected (housekeeper delta=1h3m39s713ms).
2026-02-21 17:19:28 WARN  [] com.zaxxer.hikari.pool.HikariPool - HikariPool-1 - Thread starvation or clock leap detected (housekeeper delta=12m29s713ms).
2026-02-21 17:27:41 WARN  [] com.zaxxer.hikari.pool.HikariPool - HikariPool-1 - Thread starvation or clock leap detected (housekeeper delta=8m12s462ms).
2026-02-21 17:43:10 WARN  [] com.zaxxer.hikari.pool.HikariPool - HikariPool-1 - Thread starvation or clock leap detected (housekeeper delta=15m29s144ms).
2026-02-21 18:20:16 WARN  [] com.zaxxer.hikari.pool.HikariPool - HikariPool-1 - Thread starvation or clock leap detected (housekeeper delta=37m6s34ms).
2026-02-21 18:28:47 WARN  [] com.zaxxer.hikari.pool.HikariPool - HikariPool-1 - Thread starvation or clock leap detected (housekeeper delta=8m30s891ms).
2026-02-21 18:31:11 WARN  [] com.zaxxer.hikari.pool.HikariPool - HikariPool-1 - Thread starvation or clock leap detected (housekeeper delta=1m54s774ms).
2026-02-21 18:33:04 WARN  [] com.zaxxer.hikari.pool.HikariPool - HikariPool-1 - Thread starvation or clock leap detected (housekeeper delta=1m22s119ms).
2026-02-21 18:35:15 INFO  [] c.s.s.scheduler.DealScheduler - Starting 30-min price sync job
2026-02-21 18:35:45 WARN  [] o.h.e.jdbc.spi.SqlExceptionHelper - SQL Error: 0, SQLState: 08003
2026-02-21 18:35:45 ERROR [] o.h.e.jdbc.spi.SqlExceptionHelper - HikariPool-1 - Connection is not available, request timed out after 30006ms (total=0, active=0, idle=0, waiting=0)
2026-02-21 18:35:45 ERROR [] o.h.e.jdbc.spi.SqlExceptionHelper - This connection has been closed.
2026-02-21 18:35:45 ERROR [] o.s.s.s.TaskUtils$LoggingErrorHandler - Unexpected error occurred in scheduled task
org.springframework.transaction.CannotCreateTransactionException: Could not open JPA EntityManager for transaction
	at org.springframework.orm.jpa.JpaTransactionManager.doBegin(JpaTransactionManager.java:467)
	at org.springframework.transaction.support.AbstractPlatformTransactionManager.startTransaction(AbstractPlatformTransactionManager.java:532)
	at org.springframework.transaction.support.AbstractPlatformTransactionManager.getTransaction(AbstractPlatformTransactionManager.java:405)
	at org.springframework.transaction.interceptor.TransactionAspectSupport.createTransactionIfNecessary(TransactionAspectSupport.java:639)
	at org.springframework.transaction.interceptor.TransactionAspectSupport.invokeWithinTransaction(TransactionAspectSupport.java:374)
	at org.springframework.transaction.interceptor.TransactionInterceptor.invoke(TransactionInterceptor.java:119)
	at org.springframework.aop.framework.ReflectiveMethodInvocation.proceed(ReflectiveMethodInvocation.java:184)
	at org.springframework.aop.framework.CglibAopProxy$DynamicAdvisedInterceptor.intercept(CglibAopProxy.java:728)
	at com.snatchmart.snatchmart.service.serviceImpl.AffiliateSyncServiceImpl$$SpringCGLIB$$0.syncDeals(<generated>)
	at com.snatchmart.snatchmart.scheduler.DealScheduler.syncPrices(DealScheduler.java:22)
	at java.base/jdk.internal.reflect.DirectMethodHandleAccessor.invoke(DirectMethodHandleAccessor.java:103)
	at java.base/java.lang.reflect.Method.invoke(Method.java:580)
	at org.springframework.scheduling.support.ScheduledMethodRunnable.runInternal(ScheduledMethodRunnable.java:130)
	at org.springframework.scheduling.support.ScheduledMethodRunnable.lambda$run$2(ScheduledMethodRunnable.java:124)
	at io.micrometer.observation.Observation.observe(Observation.java:498)
	at org.springframework.scheduling.support.ScheduledMethodRunnable.run(ScheduledMethodRunnable.java:124)
	at org.springframework.scheduling.config.Task$OutcomeTrackingRunnable.run(Task.java:85)
	at org.springframework.scheduling.support.DelegatingErrorHandlingRunnable.run(DelegatingErrorHandlingRunnable.java:54)
	at java.base/java.util.concurrent.Executors$RunnableAdapter.call(Executors.java:572)
	at java.base/java.util.concurrent.FutureTask.runAndReset(FutureTask.java:358)
	at java.base/java.util.concurrent.ScheduledThreadPoolExecutor$ScheduledFutureTask.run(ScheduledThreadPoolExecutor.java:305)
	at java.base/java.util.concurrent.ThreadPoolExecutor.runWorker(ThreadPoolExecutor.java:1144)
	at java.base/java.util.concurrent.ThreadPoolExecutor$Worker.run(ThreadPoolExecutor.java:642)
	at java.base/java.lang.Thread.run(Thread.java:1583)
Caused by: org.hibernate.exception.JDBCConnectionException: Unable to acquire JDBC Connection [HikariPool-1 - Connection is not available, request timed out after 30006ms (total=0, active=0, idle=0, waiting=0)] [n/a]
	at org.hibernate.exception.internal.SQLExceptionTypeDelegate.convert(SQLExceptionTypeDelegate.java:51)
	at org.hibernate.exception.internal.StandardSQLExceptionConverter.convert(StandardSQLExceptionConverter.java:58)
	at org.hibernate.engine.jdbc.spi.SqlExceptionHelper.convert(SqlExceptionHelper.java:108)
	at org.hibernate.engine.jdbc.spi.SqlExceptionHelper.convert(SqlExceptionHelper.java:94)
	at org.hibernate.resource.jdbc.internal.LogicalConnectionManagedImpl.acquireConnectionIfNeeded(LogicalConnectionManagedImpl.java:129)
	at org.hibernate.resource.jdbc.internal.LogicalConnectionManagedImpl.getPhysicalConnection(LogicalConnectionManagedImpl.java:156)
	at org.hibernate.resource.jdbc.internal.LogicalConnectionManagedImpl.getConnectionForTransactionManagement(LogicalConnectionManagedImpl.java:286)
	at org.hibernate.resource.jdbc.internal.LogicalConnectionManagedImpl.begin(LogicalConnectionManagedImpl.java:294)
	at org.hibernate.resource.transaction.backend.jdbc.internal.JdbcResourceLocalTransactionCoordinatorImpl$TransactionDriverControlImpl.begin(JdbcResourceLocalTransactionCoordinatorImpl.java:232)
	at org.hibernate.engine.transaction.internal.TransactionImpl.begin(TransactionImpl.java:83)
	at org.springframework.orm.jpa.vendor.HibernateJpaDialect.beginTransaction(HibernateJpaDialect.java:176)
	at org.springframework.orm.jpa.JpaTransactionManager.doBegin(JpaTransactionManager.java:421)
	... 23 common frames omitted
Caused by: java.sql.SQLTransientConnectionException: HikariPool-1 - Connection is not available, request timed out after 30006ms (total=0, active=0, idle=0, waiting=0)
	at com.zaxxer.hikari.pool.HikariPool.createTimeoutException(HikariPool.java:714)
	at com.zaxxer.hikari.pool.HikariPool.getConnection(HikariPool.java:184)
	at com.zaxxer.hikari.pool.HikariPool.getConnection(HikariPool.java:142)
	at com.zaxxer.hikari.HikariDataSource.getConnection(HikariDataSource.java:127)
	at org.hibernate.engine.jdbc.connections.internal.DatasourceConnectionProviderImpl.getConnection(DatasourceConnectionProviderImpl.java:126)
	at org.hibernate.internal.NonContextualJdbcConnectionAccess.obtainConnection(NonContextualJdbcConnectionAccess.java:46)
	at org.hibernate.resource.jdbc.internal.LogicalConnectionManagedImpl.acquireConnectionIfNeeded(LogicalConnectionManagedImpl.java:126)
	... 30 common frames omitted
Caused by: org.postgresql.util.PSQLException: This connection has been closed.
	at org.postgresql.jdbc.PgConnection.checkClosed(PgConnection.java:1012)
	at org.postgresql.jdbc.PgConnection.setNetworkTimeout(PgConnection.java:1736)
	at com.zaxxer.hikari.pool.PoolBase.setNetworkTimeout(PoolBase.java:582)
	at com.zaxxer.hikari.pool.PoolBase.isConnectionDead(PoolBase.java:174)
	at com.zaxxer.hikari.pool.HikariPool.getConnection(HikariPool.java:166)
	... 35 common frames omitted
2026-02-21 19:31:30 WARN  [] com.zaxxer.hikari.pool.HikariPool - HikariPool-1 - Thread starvation or clock leap detected (housekeeper delta=32m26s296ms).
2026-02-21 19:39:21 WARN  [] com.zaxxer.hikari.pool.HikariPool - HikariPool-1 - Thread starvation or clock leap detected (housekeeper delta=7m50s490ms).
2026-02-21 19:54:04 WARN  [] com.zaxxer.hikari.pool.HikariPool - HikariPool-1 - Thread starvation or clock leap detected (housekeeper delta=14m43s205ms).
2026-02-21 20:04:01 WARN  [] com.zaxxer.hikari.pool.HikariPool - HikariPool-1 - Thread starvation or clock leap detected (housekeeper delta=9m27s127ms).
2026-02-21 20:20:39 WARN  [] com.zaxxer.hikari.pool.HikariPool - HikariPool-1 - Thread starvation or clock leap detected (housekeeper delta=16m38s514ms).
2026-02-21 20:27:08 WARN  [] com.zaxxer.hikari.pool.HikariPool - HikariPool-1 - Thread starvation or clock leap detected (housekeeper delta=5m58s835ms).
2026-02-21 20:29:48 WARN  [] com.zaxxer.hikari.pool.HikariPool - HikariPool-1 - Thread starvation or clock leap detected (housekeeper delta=2m9s509ms).
2026-02-21 20:34:28 WARN  [] com.zaxxer.hikari.pool.HikariPool - HikariPool-1 - Thread starvation or clock leap detected (housekeeper delta=4m40s321ms).
2026-02-21 20:37:54 INFO  [] c.s.s.scheduler.DealScheduler - Starting 30-min price sync job
2026-02-21 20:38:13 WARN  [] com.zaxxer.hikari.pool.HikariPool - HikariPool-1 - Thread starvation or clock leap detected (housekeeper delta=3m14s757ms).
2026-02-21 20:38:24 WARN  [] o.h.e.jdbc.spi.SqlExceptionHelper - SQL Error: 0, SQLState: 08003
2026-02-21 20:38:24 ERROR [] o.h.e.jdbc.spi.SqlExceptionHelper - HikariPool-1 - Connection is not available, request timed out after 29999ms (total=0, active=0, idle=0, waiting=0)
2026-02-21 20:38:24 ERROR [] o.h.e.jdbc.spi.SqlExceptionHelper - This connection has been closed.
2026-02-21 20:38:24 ERROR [] o.s.s.s.TaskUtils$LoggingErrorHandler - Unexpected error occurred in scheduled task
org.springframework.transaction.CannotCreateTransactionException: Could not open JPA EntityManager for transaction
	at org.springframework.orm.jpa.JpaTransactionManager.doBegin(JpaTransactionManager.java:467)
	at org.springframework.transaction.support.AbstractPlatformTransactionManager.startTransaction(AbstractPlatformTransactionManager.java:532)
	at org.springframework.transaction.support.AbstractPlatformTransactionManager.getTransaction(AbstractPlatformTransactionManager.java:405)
	at org.springframework.transaction.interceptor.TransactionAspectSupport.createTransactionIfNecessary(TransactionAspectSupport.java:639)
	at org.springframework.transaction.interceptor.TransactionAspectSupport.invokeWithinTransaction(TransactionAspectSupport.java:374)
	at org.springframework.transaction.interceptor.TransactionInterceptor.invoke(TransactionInterceptor.java:119)
	at org.springframework.aop.framework.ReflectiveMethodInvocation.proceed(ReflectiveMethodInvocation.java:184)
	at org.springframework.aop.framework.CglibAopProxy$DynamicAdvisedInterceptor.intercept(CglibAopProxy.java:728)
	at com.snatchmart.snatchmart.service.serviceImpl.AffiliateSyncServiceImpl$$SpringCGLIB$$0.syncDeals(<generated>)
	at com.snatchmart.snatchmart.scheduler.DealScheduler.syncPrices(DealScheduler.java:22)
	at java.base/jdk.internal.reflect.DirectMethodHandleAccessor.invoke(DirectMethodHandleAccessor.java:103)
	at java.base/java.lang.reflect.Method.invoke(Method.java:580)
	at org.springframework.scheduling.support.ScheduledMethodRunnable.runInternal(ScheduledMethodRunnable.java:130)
	at org.springframework.scheduling.support.ScheduledMethodRunnable.lambda$run$2(ScheduledMethodRunnable.java:124)
	at io.micrometer.observation.Observation.observe(Observation.java:498)
	at org.springframework.scheduling.support.ScheduledMethodRunnable.run(ScheduledMethodRunnable.java:124)
	at org.springframework.scheduling.config.Task$OutcomeTrackingRunnable.run(Task.java:85)
	at org.springframework.scheduling.support.DelegatingErrorHandlingRunnable.run(DelegatingErrorHandlingRunnable.java:54)
	at java.base/java.util.concurrent.Executors$RunnableAdapter.call(Executors.java:572)
	at java.base/java.util.concurrent.FutureTask.runAndReset(FutureTask.java:358)
	at java.base/java.util.concurrent.ScheduledThreadPoolExecutor$ScheduledFutureTask.run(ScheduledThreadPoolExecutor.java:305)
	at java.base/java.util.concurrent.ThreadPoolExecutor.runWorker(ThreadPoolExecutor.java:1144)
	at java.base/java.util.concurrent.ThreadPoolExecutor$Worker.run(ThreadPoolExecutor.java:642)
	at java.base/java.lang.Thread.run(Thread.java:1583)
Caused by: org.hibernate.exception.JDBCConnectionException: Unable to acquire JDBC Connection [HikariPool-1 - Connection is not available, request timed out after 29999ms (total=0, active=0, idle=0, waiting=0)] [n/a]
	at org.hibernate.exception.internal.SQLExceptionTypeDelegate.convert(SQLExceptionTypeDelegate.java:51)
	at org.hibernate.exception.internal.StandardSQLExceptionConverter.convert(StandardSQLExceptionConverter.java:58)
	at org.hibernate.engine.jdbc.spi.SqlExceptionHelper.convert(SqlExceptionHelper.java:108)
	at org.hibernate.engine.jdbc.spi.SqlExceptionHelper.convert(SqlExceptionHelper.java:94)
	at org.hibernate.resource.jdbc.internal.LogicalConnectionManagedImpl.acquireConnectionIfNeeded(LogicalConnectionManagedImpl.java:129)
	at org.hibernate.resource.jdbc.internal.LogicalConnectionManagedImpl.getPhysicalConnection(LogicalConnectionManagedImpl.java:156)
	at org.hibernate.resource.jdbc.internal.LogicalConnectionManagedImpl.getConnectionForTransactionManagement(LogicalConnectionManagedImpl.java:286)
	at org.hibernate.resource.jdbc.internal.LogicalConnectionManagedImpl.begin(LogicalConnectionManagedImpl.java:294)
	at org.hibernate.resource.transaction.backend.jdbc.internal.JdbcResourceLocalTransactionCoordinatorImpl$TransactionDriverControlImpl.begin(JdbcResourceLocalTransactionCoordinatorImpl.java:232)
	at org.hibernate.engine.transaction.internal.TransactionImpl.begin(TransactionImpl.java:83)
	at org.springframework.orm.jpa.vendor.HibernateJpaDialect.beginTransaction(HibernateJpaDialect.java:176)
	at org.springframework.orm.jpa.JpaTransactionManager.doBegin(JpaTransactionManager.java:421)
	... 23 common frames omitted
Caused by: java.sql.SQLTransientConnectionException: HikariPool-1 - Connection is not available, request timed out after 29999ms (total=0, active=0, idle=0, waiting=0)
	at com.zaxxer.hikari.pool.HikariPool.createTimeoutException(HikariPool.java:714)
	at com.zaxxer.hikari.pool.HikariPool.getConnection(HikariPool.java:184)
	at com.zaxxer.hikari.pool.HikariPool.getConnection(HikariPool.java:142)
	at com.zaxxer.hikari.HikariDataSource.getConnection(HikariDataSource.java:127)
	at org.hibernate.engine.jdbc.connections.internal.DatasourceConnectionProviderImpl.getConnection(DatasourceConnectionProviderImpl.java:126)
	at org.hibernate.internal.NonContextualJdbcConnectionAccess.obtainConnection(NonContextualJdbcConnectionAccess.java:46)
	at org.hibernate.resource.jdbc.internal.LogicalConnectionManagedImpl.acquireConnectionIfNeeded(LogicalConnectionManagedImpl.java:126)
	... 30 common frames omitted
Caused by: org.postgresql.util.PSQLException: This connection has been closed.
	at org.postgresql.jdbc.PgConnection.checkClosed(PgConnection.java:1012)
	at org.postgresql.jdbc.PgConnection.setNetworkTimeout(PgConnection.java:1736)
	at com.zaxxer.hikari.pool.PoolBase.setNetworkTimeout(PoolBase.java:582)
	at com.zaxxer.hikari.pool.PoolBase.isConnectionDead(PoolBase.java:174)
	at com.zaxxer.hikari.pool.HikariPool.getConnection(HikariPool.java:166)
	... 35 common frames omitted
2026-02-21 20:41:29 WARN  [] com.zaxxer.hikari.pool.HikariPool - HikariPool-1 - Thread starvation or clock leap detected (housekeeper delta=3m15s690ms).
2026-02-21 20:46:39 WARN  [] com.zaxxer.hikari.pool.HikariPool - HikariPool-1 - Thread starvation or clock leap detected (housekeeper delta=4m40s457ms).
2026-02-21 20:49:56 WARN  [] com.zaxxer.hikari.pool.HikariPool - HikariPool-1 - Thread starvation or clock leap detected (housekeeper delta=3m16s695ms).
2026-02-21 20:53:06 WARN  [] com.zaxxer.hikari.pool.HikariPool - HikariPool-1 - Thread starvation or clock leap detected (housekeeper delta=2m40s709ms).
2026-02-21 20:54:59 WARN  [] com.zaxxer.hikari.pool.HikariPool - HikariPool-1 - Thread starvation or clock leap detected (housekeeper delta=1m52s792ms).
2026-02-21 20:57:33 WARN  [] com.zaxxer.hikari.pool.HikariPool - HikariPool-1 - Thread starvation or clock leap detected (housekeeper delta=2m34s213ms).
2026-02-21 21:00:12 WARN  [] com.zaxxer.hikari.pool.HikariPool - HikariPool-1 - Thread starvation or clock leap detected (housekeeper delta=2m8s485ms).
2026-02-21 21:02:34 WARN  [] com.zaxxer.hikari.pool.HikariPool - HikariPool-1 - Thread starvation or clock leap detected (housekeeper delta=1m52s24ms).
2026-02-21 21:04:46 WARN  [] com.zaxxer.hikari.pool.HikariPool - HikariPool-1 - Thread starvation or clock leap detected (housekeeper delta=2m12s151ms).
2026-02-21 21:07:24 WARN  [] com.zaxxer.hikari.pool.HikariPool - HikariPool-1 - Thread starvation or clock leap detected (housekeeper delta=2m7s653ms).
2026-02-21 21:09:27 WARN  [] com.zaxxer.hikari.pool.HikariPool - HikariPool-1 - Thread starvation or clock leap detected (housekeeper delta=2m3s26ms).
2026-02-21 21:12:14 WARN  [] com.zaxxer.hikari.pool.HikariPool - HikariPool-1 - Thread starvation or clock leap detected (housekeeper delta=2m17s651ms).
2026-02-21 21:13:03 WARN  [] com.zaxxer.hikari.pool.HikariPool - HikariPool-1 - Thread starvation or clock leap detected (housekeeper delta=48s407ms).
2026-02-21 21:33:13 INFO  [] c.s.s.scheduler.DealScheduler - Starting 30-min price sync job
2026-02-21 21:33:43 WARN  [] o.h.e.jdbc.spi.SqlExceptionHelper - SQL Error: 0, SQLState: 08003
2026-02-21 21:33:43 ERROR [] o.h.e.jdbc.spi.SqlExceptionHelper - HikariPool-1 - Connection is not available, request timed out after 30005ms (total=0, active=0, idle=0, waiting=0)
2026-02-21 21:33:43 ERROR [] o.h.e.jdbc.spi.SqlExceptionHelper - This connection has been closed.
2026-02-21 21:33:43 ERROR [] o.s.s.s.TaskUtils$LoggingErrorHandler - Unexpected error occurred in scheduled task
org.springframework.transaction.CannotCreateTransactionException: Could not open JPA EntityManager for transaction
	at org.springframework.orm.jpa.JpaTransactionManager.doBegin(JpaTransactionManager.java:467)
	at org.springframework.transaction.support.AbstractPlatformTransactionManager.startTransaction(AbstractPlatformTransactionManager.java:532)
	at org.springframework.transaction.support.AbstractPlatformTransactionManager.getTransaction(AbstractPlatformTransactionManager.java:405)
	at org.springframework.transaction.interceptor.TransactionAspectSupport.createTransactionIfNecessary(TransactionAspectSupport.java:639)
	at org.springframework.transaction.interceptor.TransactionAspectSupport.invokeWithinTransaction(TransactionAspectSupport.java:374)
	at org.springframework.transaction.interceptor.TransactionInterceptor.invoke(TransactionInterceptor.java:119)
	at org.springframework.aop.framework.ReflectiveMethodInvocation.proceed(ReflectiveMethodInvocation.java:184)
	at org.springframework.aop.framework.CglibAopProxy$DynamicAdvisedInterceptor.intercept(CglibAopProxy.java:728)
	at com.snatchmart.snatchmart.service.serviceImpl.AffiliateSyncServiceImpl$$SpringCGLIB$$0.syncDeals(<generated>)
	at com.snatchmart.snatchmart.scheduler.DealScheduler.syncPrices(DealScheduler.java:22)
	at java.base/jdk.internal.reflect.DirectMethodHandleAccessor.invoke(DirectMethodHandleAccessor.java:103)
	at java.base/java.lang.reflect.Method.invoke(Method.java:580)
	at org.springframework.scheduling.support.ScheduledMethodRunnable.runInternal(ScheduledMethodRunnable.java:130)
	at org.springframework.scheduling.support.ScheduledMethodRunnable.lambda$run$2(ScheduledMethodRunnable.java:124)
	at io.micrometer.observation.Observation.observe(Observation.java:498)
	at org.springframework.scheduling.support.ScheduledMethodRunnable.run(ScheduledMethodRunnable.java:124)
	at org.springframework.scheduling.config.Task$OutcomeTrackingRunnable.run(Task.java:85)
	at org.springframework.scheduling.support.DelegatingErrorHandlingRunnable.run(DelegatingErrorHandlingRunnable.java:54)
	at java.base/java.util.concurrent.Executors$RunnableAdapter.call(Executors.java:572)
	at java.base/java.util.concurrent.FutureTask.runAndReset(FutureTask.java:358)
	at java.base/java.util.concurrent.ScheduledThreadPoolExecutor$ScheduledFutureTask.run(ScheduledThreadPoolExecutor.java:305)
	at java.base/java.util.concurrent.ThreadPoolExecutor.runWorker(ThreadPoolExecutor.java:1144)
	at java.base/java.util.concurrent.ThreadPoolExecutor$Worker.run(ThreadPoolExecutor.java:642)
	at java.base/java.lang.Thread.run(Thread.java:1583)
Caused by: org.hibernate.exception.JDBCConnectionException: Unable to acquire JDBC Connection [HikariPool-1 - Connection is not available, request timed out after 30005ms (total=0, active=0, idle=0, waiting=0)] [n/a]
	at org.hibernate.exception.internal.SQLExceptionTypeDelegate.convert(SQLExceptionTypeDelegate.java:51)
	at org.hibernate.exception.internal.StandardSQLExceptionConverter.convert(StandardSQLExceptionConverter.java:58)
	at org.hibernate.engine.jdbc.spi.SqlExceptionHelper.convert(SqlExceptionHelper.java:108)
	at org.hibernate.engine.jdbc.spi.SqlExceptionHelper.convert(SqlExceptionHelper.java:94)
	at org.hibernate.resource.jdbc.internal.LogicalConnectionManagedImpl.acquireConnectionIfNeeded(LogicalConnectionManagedImpl.java:129)
	at org.hibernate.resource.jdbc.internal.LogicalConnectionManagedImpl.getPhysicalConnection(LogicalConnectionManagedImpl.java:156)
	at org.hibernate.resource.jdbc.internal.LogicalConnectionManagedImpl.getConnectionForTransactionManagement(LogicalConnectionManagedImpl.java:286)
	at org.hibernate.resource.jdbc.internal.LogicalConnectionManagedImpl.begin(LogicalConnectionManagedImpl.java:294)
	at org.hibernate.resource.transaction.backend.jdbc.internal.JdbcResourceLocalTransactionCoordinatorImpl$TransactionDriverControlImpl.begin(JdbcResourceLocalTransactionCoordinatorImpl.java:232)
	at org.hibernate.engine.transaction.internal.TransactionImpl.begin(TransactionImpl.java:83)
	at org.springframework.orm.jpa.vendor.HibernateJpaDialect.beginTransaction(HibernateJpaDialect.java:176)
	at org.springframework.orm.jpa.JpaTransactionManager.doBegin(JpaTransactionManager.java:421)
	... 23 common frames omitted
Caused by: java.sql.SQLTransientConnectionException: HikariPool-1 - Connection is not available, request timed out after 30005ms (total=0, active=0, idle=0, waiting=0)
	at com.zaxxer.hikari.pool.HikariPool.createTimeoutException(HikariPool.java:714)
	at com.zaxxer.hikari.pool.HikariPool.getConnection(HikariPool.java:184)
	at com.zaxxer.hikari.pool.HikariPool.getConnection(HikariPool.java:142)
	at com.zaxxer.hikari.HikariDataSource.getConnection(HikariDataSource.java:127)
	at org.hibernate.engine.jdbc.connections.internal.DatasourceConnectionProviderImpl.getConnection(DatasourceConnectionProviderImpl.java:126)
	at org.hibernate.internal.NonContextualJdbcConnectionAccess.obtainConnection(NonContextualJdbcConnectionAccess.java:46)
	at org.hibernate.resource.jdbc.internal.LogicalConnectionManagedImpl.acquireConnectionIfNeeded(LogicalConnectionManagedImpl.java:126)
	... 30 common frames omitted
Caused by: org.postgresql.util.PSQLException: This connection has been closed.
	at org.postgresql.jdbc.PgConnection.checkClosed(PgConnection.java:1012)
	at org.postgresql.jdbc.PgConnection.setNetworkTimeout(PgConnection.java:1736)
	at com.zaxxer.hikari.pool.PoolBase.setNetworkTimeout(PoolBase.java:582)
	at com.zaxxer.hikari.pool.PoolBase.isConnectionDead(PoolBase.java:174)
	at com.zaxxer.hikari.pool.HikariPool.getConnection(HikariPool.java:166)
	... 35 common frames omitted
2026-02-21 21:56:24 INFO  [] o.s.b.w.e.tomcat.GracefulShutdown - Commencing graceful shutdown. Waiting for active requests to complete
2026-02-21 21:56:24 INFO  [] o.s.b.w.e.tomcat.GracefulShutdown - Graceful shutdown complete
2026-02-21 21:56:24 INFO  [] o.s.o.j.LocalContainerEntityManagerFactoryBean - Closing JPA EntityManagerFactory for persistence unit 'default'
2026-02-21 21:56:24 INFO  [] com.zaxxer.hikari.HikariDataSource - HikariPool-1 - Shutdown initiated...
2026-02-21 21:56:54 WARN  [] com.zaxxer.hikari.pool.HikariPool - Timed-out waiting for add connection executor to shutdown
2026-02-21 21:56:54 INFO  [] com.zaxxer.hikari.HikariDataSource - HikariPool-1 - Shutdown completed.
2026-02-21 21:57:18 INFO  [] o.h.validator.internal.util.Version - HV000001: Hibernate Validator 8.0.3.Final
2026-02-21 21:57:18 INFO  [] c.s.snatchmart.SnatchMartApplication - Starting SnatchMartApplication using Java 21.0.9 with PID 92893 (/Users/pulkitgiddu/Documents/Code/Backend/snatchMart/target/classes started by pulkitgiddu in /Users/pulkitgiddu/Documents/Code/Backend/snatchMart)
2026-02-21 21:57:18 DEBUG [] c.s.snatchmart.SnatchMartApplication - Running with Spring Boot v3.5.6, Spring v6.2.11
2026-02-21 21:57:18 INFO  [] c.s.snatchmart.SnatchMartApplication - The following 1 profile is active: "local"
2026-02-21 21:57:18 INFO  [] o.s.b.d.e.DevToolsPropertyDefaultsPostProcessor - Devtools property defaults active! Set 'spring.devtools.add-properties' to 'false' to disable
2026-02-21 21:57:18 INFO  [] o.s.b.d.e.DevToolsPropertyDefaultsPostProcessor - For additional web related logging consider setting the 'logging.level.web' property to 'DEBUG'
2026-02-21 21:57:19 INFO  [] o.s.d.r.c.RepositoryConfigurationDelegate - Multiple Spring Data modules found, entering strict repository configuration mode
2026-02-21 21:57:19 INFO  [] o.s.d.r.c.RepositoryConfigurationDelegate - Bootstrapping Spring Data JPA repositories in DEFAULT mode.
2026-02-21 21:57:19 INFO  [] o.s.d.r.c.RepositoryConfigurationDelegate - Finished Spring Data repository scanning in 64 ms. Found 12 JPA repository interfaces.
2026-02-21 21:57:19 INFO  [] o.s.b.w.e.tomcat.TomcatWebServer - Tomcat initialized with port 8081 (http)
2026-02-21 21:57:19 INFO  [] o.a.coyote.http11.Http11NioProtocol - Initializing ProtocolHandler ["http-nio-0.0.0.0-8081"]
2026-02-21 21:57:19 INFO  [] o.a.catalina.core.StandardService - Starting service [Tomcat]
2026-02-21 21:57:19 INFO  [] o.a.catalina.core.StandardEngine - Starting Servlet engine: [Apache Tomcat/10.1.46]
2026-02-21 21:57:19 INFO  [] o.a.c.c.C.[Tomcat].[localhost].[/] - Initializing Spring embedded WebApplicationContext
2026-02-21 21:57:19 INFO  [] o.s.b.w.s.c.ServletWebServerApplicationContext - Root WebApplicationContext: initialization completed in 655 ms
2026-02-21 21:57:19 INFO  [] o.h.jpa.internal.util.LogHelper - HHH000204: Processing PersistenceUnitInfo [name: default]
2026-02-21 21:57:19 INFO  [] org.hibernate.Version - HHH000412: Hibernate ORM core version 6.6.29.Final
2026-02-21 21:57:19 INFO  [] o.h.c.i.RegionFactoryInitiator - HHH000026: Second-level cache disabled
2026-02-21 21:57:19 INFO  [] o.s.o.j.p.SpringPersistenceUnitInfo - No LoadTimeWeaver setup: ignoring JPA class transformer
2026-02-21 21:57:19 INFO  [] com.zaxxer.hikari.HikariDataSource - HikariPool-1 - Starting...
2026-02-21 21:57:23 INFO  [] com.zaxxer.hikari.pool.HikariPool - HikariPool-1 - Added connection org.postgresql.jdbc.PgConnection@3b08bd8d
2026-02-21 21:57:23 INFO  [] com.zaxxer.hikari.HikariDataSource - HikariPool-1 - Start completed.
2026-02-21 21:57:23 WARN  [] org.hibernate.orm.deprecation - HHH90000025: PostgreSQLDialect does not need to be specified explicitly using 'hibernate.dialect' (remove the property setting and it will be selected by default)
2026-02-21 21:57:24 INFO  [] o.hibernate.orm.connections.pooling - HHH10001005: Database info:
	Database JDBC URL [Connecting through datasource 'HikariDataSource (HikariPool-1)']
	Database driver: undefined/unknown
	Database version: 17.8
	Autocommit mode: undefined/unknown
	Isolation level: undefined/unknown
	Minimum pool size: undefined/unknown
	Maximum pool size: undefined/unknown
2026-02-21 21:57:25 INFO  [] o.h.e.t.j.p.i.JtaPlatformInitiator - HHH000489: No JTA platform available (set 'hibernate.transaction.jta.platform' to enable JTA platform integration)
2026-02-21 21:57:41 INFO  [] o.s.o.j.LocalContainerEntityManagerFactoryBean - Initialized JPA EntityManagerFactory for persistence unit 'default'
2026-02-21 21:57:41 INFO  [] o.s.d.j.r.query.QueryEnhancerFactory - Hibernate is in classpath; If applicable, HQL parser will be used.
2026-02-21 21:57:41 DEBUG [] c.s.s.s.JwtAuthenticationFilter - Filter 'jwtAuthenticationFilter' configured for use
2026-02-21 21:57:41 INFO  [] o.s.s.c.a.a.c.InitializeAuthenticationProviderBeanManagerConfigurer$InitializeAuthenticationProviderManagerConfigurer - Global AuthenticationManager configured with AuthenticationProvider bean with name authenticationProvider
2026-02-21 21:57:41 WARN  [] o.s.s.c.a.a.c.InitializeUserDetailsBeanManagerConfigurer$InitializeUserDetailsManagerConfigurer - Global AuthenticationManager configured with an AuthenticationProvider bean. UserDetailsService beans will not be used by Spring Security for automatically configuring username/password login. Consider removing the AuthenticationProvider bean. Alternatively, consider using the UserDetailsService in a manually instantiated DaoAuthenticationProvider. If the current configuration is intentional, to turn off this warning, increase the logging level of 'org.springframework.security.config.annotation.authentication.configuration.InitializeUserDetailsBeanManagerConfigurer' to ERROR
2026-02-21 21:57:41 WARN  [] o.s.b.a.o.j.JpaBaseConfiguration$JpaWebConfiguration - spring.jpa.open-in-view is enabled by default. Therefore, database queries may be performed during view rendering. Explicitly configure spring.jpa.open-in-view to disable this warning
2026-02-21 21:57:42 INFO  [] o.s.b.a.h.H2ConsoleAutoConfiguration - H2 console available at '/h2-console'. Database available at 'jdbc:postgresql://ep-blue-field-afvby5th-pooler.c-2.us-west-2.aws.neon.tech/neondb?sslmode=require'
2026-02-21 21:57:42 INFO  [] o.s.b.d.a.OptionalLiveReloadServer - LiveReload server is running on port 35729
2026-02-21 21:57:42 INFO  [] o.a.coyote.http11.Http11NioProtocol - Starting ProtocolHandler ["http-nio-0.0.0.0-8081"]
2026-02-21 21:57:42 INFO  [] o.s.b.w.e.tomcat.TomcatWebServer - Tomcat started on port 8081 (http) with context path '/'
2026-02-21 21:57:42 INFO  [] c.s.snatchmart.SnatchMartApplication - Started SnatchMartApplication in 23.715 seconds (process running for 23.884)
2026-02-21 21:57:42 INFO  [] c.s.s.scheduler.DealScheduler - Starting 30-min price sync job
2026-02-21 21:57:42 INFO  [] c.s.s.s.s.AffiliateSyncServiceImpl - Synced 0 deals from amazon
2026-02-21 21:57:42 INFO  [] c.s.s.s.s.AffiliateSyncServiceImpl - Synced 0 deals from flipkart
2026-02-21 21:59:06 INFO  [] o.a.c.c.C.[Tomcat].[localhost].[/] - Initializing Spring DispatcherServlet 'dispatcherServlet'
2026-02-21 21:59:06 INFO  [] o.s.web.servlet.DispatcherServlet - Initializing Servlet 'dispatcherServlet'
2026-02-21 21:59:06 INFO  [] o.s.web.servlet.DispatcherServlet - Completed initialization in 4 ms
2026-02-21 22:27:42 INFO  [] c.s.s.scheduler.DealScheduler - Starting 30-min price sync job
2026-02-21 22:27:42 INFO  [] c.s.s.s.s.AffiliateSyncServiceImpl - Synced 0 deals from amazon
2026-02-21 22:27:42 INFO  [] c.s.s.s.s.AffiliateSyncServiceImpl - Synced 0 deals from flipkart
2026-02-21 22:57:42 INFO  [] c.s.s.scheduler.DealScheduler - Starting 30-min price sync job
2026-02-21 22:57:42 INFO  [] c.s.s.s.s.AffiliateSyncServiceImpl - Synced 0 deals from amazon
2026-02-21 22:57:42 INFO  [] c.s.s.s.s.AffiliateSyncServiceImpl - Synced 0 deals from flipkart
2026-02-21 23:27:42 INFO  [] c.s.s.scheduler.DealScheduler - Starting 30-min price sync job
2026-02-21 23:27:42 INFO  [] c.s.s.s.s.AffiliateSyncServiceImpl - Synced 0 deals from amazon
2026-02-21 23:27:42 INFO  [] c.s.s.s.s.AffiliateSyncServiceImpl - Synced 0 deals from flipkart
2026-02-21 23:57:42 INFO  [] c.s.s.scheduler.DealScheduler - Starting 30-min price sync job
2026-02-21 23:57:42 INFO  [] c.s.s.s.s.AffiliateSyncServiceImpl - Synced 0 deals from amazon
2026-02-21 23:57:42 INFO  [] c.s.s.s.s.AffiliateSyncServiceImpl - Synced 0 deals from flipkart
