2026-02-25 07:12:52 INFO  [] o.h.validator.internal.util.Version - HV000001: Hibernate Validator 8.0.3.Final
2026-02-25 07:12:52 INFO  [] c.s.snatchmart.SnatchMartApplication - Starting SnatchMartApplication using Java 21.0.9 with PID 5564 (/Users/pulkitgiddu/Documents/Code/Backend/snatchMart/target/classes started by pulkitgiddu in /Users/pulkitgiddu/Documents/Code/Backend/snatchMart)
2026-02-25 07:12:52 DEBUG [] c.s.snatchmart.SnatchMartApplication - Running with Spring Boot v3.5.6, Spring v6.2.11
2026-02-25 07:12:52 INFO  [] c.s.snatchmart.SnatchMartApplication - The following 1 profile is active: "local"
2026-02-25 07:12:52 INFO  [] o.s.b.d.e.DevToolsPropertyDefaultsPostProcessor - Devtools property defaults active! Set 'spring.devtools.add-properties' to 'false' to disable
2026-02-25 07:12:52 INFO  [] o.s.b.d.e.DevToolsPropertyDefaultsPostProcessor - For additional web related logging consider setting the 'logging.level.web' property to 'DEBUG'
2026-02-25 07:12:53 INFO  [] o.s.d.r.c.RepositoryConfigurationDelegate - Multiple Spring Data modules found, entering strict repository configuration mode
2026-02-25 07:12:53 INFO  [] o.s.d.r.c.RepositoryConfigurationDelegate - Bootstrapping Spring Data JPA repositories in DEFAULT mode.
2026-02-25 07:12:53 INFO  [] o.s.d.r.c.RepositoryConfigurationDelegate - Finished Spring Data repository scanning in 60 ms. Found 12 JPA repository interfaces.
2026-02-25 07:12:53 INFO  [] o.s.b.w.e.tomcat.TomcatWebServer - Tomcat initialized with port 8081 (http)
2026-02-25 07:12:53 INFO  [] o.a.coyote.http11.Http11NioProtocol - Initializing ProtocolHandler ["http-nio-0.0.0.0-8081"]
2026-02-25 07:12:53 INFO  [] o.a.catalina.core.StandardService - Starting service [Tomcat]
2026-02-25 07:12:53 INFO  [] o.a.catalina.core.StandardEngine - Starting Servlet engine: [Apache Tomcat/10.1.46]
2026-02-25 07:12:53 INFO  [] o.a.c.c.C.[Tomcat].[localhost].[/] - Initializing Spring embedded WebApplicationContext
2026-02-25 07:12:53 INFO  [] o.s.b.w.s.c.ServletWebServerApplicationContext - Root WebApplicationContext: initialization completed in 668 ms
2026-02-25 07:12:53 INFO  [] o.h.jpa.internal.util.LogHelper - HHH000204: Processing PersistenceUnitInfo [name: default]
2026-02-25 07:12:53 INFO  [] org.hibernate.Version - HHH000412: Hibernate ORM core version 6.6.29.Final
2026-02-25 07:12:53 INFO  [] o.h.c.i.RegionFactoryInitiator - HHH000026: Second-level cache disabled
2026-02-25 07:12:53 INFO  [] o.s.o.j.p.SpringPersistenceUnitInfo - No LoadTimeWeaver setup: ignoring JPA class transformer
2026-02-25 07:12:53 INFO  [] com.zaxxer.hikari.HikariDataSource - HikariPool-1 - Starting...
2026-02-25 07:12:57 INFO  [] com.zaxxer.hikari.pool.HikariPool - HikariPool-1 - Added connection org.postgresql.jdbc.PgConnection@7697d769
2026-02-25 07:12:57 INFO  [] com.zaxxer.hikari.HikariDataSource - HikariPool-1 - Start completed.
2026-02-25 07:12:57 WARN  [] org.hibernate.orm.deprecation - HHH90000025: PostgreSQLDialect does not need to be specified explicitly using 'hibernate.dialect' (remove the property setting and it will be selected by default)
2026-02-25 07:12:58 INFO  [] o.hibernate.orm.connections.pooling - HHH10001005: Database info:
	Database JDBC URL [Connecting through datasource 'HikariDataSource (HikariPool-1)']
	Database driver: undefined/unknown
	Database version: 17.8
	Autocommit mode: undefined/unknown
	Isolation level: undefined/unknown
	Minimum pool size: undefined/unknown
	Maximum pool size: undefined/unknown
2026-02-25 07:12:58 INFO  [] o.h.e.t.j.p.i.JtaPlatformInitiator - HHH000489: No JTA platform available (set 'hibernate.transaction.jta.platform' to enable JTA platform integration)
2026-02-25 07:13:14 INFO  [] o.s.o.j.LocalContainerEntityManagerFactoryBean - Initialized JPA EntityManagerFactory for persistence unit 'default'
2026-02-25 07:13:14 INFO  [] o.s.d.j.r.query.QueryEnhancerFactory - Hibernate is in classpath; If applicable, HQL parser will be used.
2026-02-25 07:13:14 DEBUG [] c.s.s.s.JwtAuthenticationFilter - Filter 'jwtAuthenticationFilter' configured for use
2026-02-25 07:13:14 INFO  [] o.s.s.c.a.a.c.InitializeAuthenticationProviderBeanManagerConfigurer$InitializeAuthenticationProviderManagerConfigurer - Global AuthenticationManager configured with AuthenticationProvider bean with name authenticationProvider
2026-02-25 07:13:14 WARN  [] o.s.s.c.a.a.c.InitializeUserDetailsBeanManagerConfigurer$InitializeUserDetailsManagerConfigurer - Global AuthenticationManager configured with an AuthenticationProvider bean. UserDetailsService beans will not be used by Spring Security for automatically configuring username/password login. Consider removing the AuthenticationProvider bean. Alternatively, consider using the UserDetailsService in a manually instantiated DaoAuthenticationProvider. If the current configuration is intentional, to turn off this warning, increase the logging level of 'org.springframework.security.config.annotation.authentication.configuration.InitializeUserDetailsBeanManagerConfigurer' to ERROR
2026-02-25 07:13:15 WARN  [] o.s.b.a.o.j.JpaBaseConfiguration$JpaWebConfiguration - spring.jpa.open-in-view is enabled by default. Therefore, database queries may be performed during view rendering. Explicitly configure spring.jpa.open-in-view to disable this warning
2026-02-25 07:13:15 INFO  [] o.s.b.a.h.H2ConsoleAutoConfiguration - H2 console available at '/h2-console'. Database available at 'jdbc:postgresql://ep-blue-field-afvby5th-pooler.c-2.us-west-2.aws.neon.tech/neondb?sslmode=require'
2026-02-25 07:13:15 INFO  [] o.s.b.d.a.OptionalLiveReloadServer - LiveReload server is running on port 35729
2026-02-25 07:13:15 INFO  [] o.a.coyote.http11.Http11NioProtocol - Starting ProtocolHandler ["http-nio-0.0.0.0-8081"]
2026-02-25 07:13:15 INFO  [] o.s.b.w.e.tomcat.TomcatWebServer - Tomcat started on port 8081 (http) with context path '/'
2026-02-25 07:13:15 INFO  [] c.s.snatchmart.SnatchMartApplication - Started SnatchMartApplication in 23.2 seconds (process running for 23.351)
2026-02-25 07:13:15 INFO  [] c.s.s.scheduler.DealScheduler - Starting 30-min price sync job
2026-02-25 07:13:15 INFO  [] c.s.s.s.s.AffiliateSyncServiceImpl - Synced 0 deals from amazon
2026-02-25 07:13:15 INFO  [] c.s.s.s.s.AffiliateSyncServiceImpl - Synced 0 deals from flipkart
2026-02-25 07:14:24 INFO  [] o.s.b.d.a.LocalDevToolsAutoConfiguration$RestartingClassPathChangeChangedEventListener - Restarting due to 136 class path changes (0 additions, 0 deletions, 136 modifications)
2026-02-25 07:14:24 INFO  [] o.s.b.w.e.tomcat.GracefulShutdown - Commencing graceful shutdown. Waiting for active requests to complete
2026-02-25 07:14:24 INFO  [] o.a.coyote.http11.Http11NioProtocol - Pausing ProtocolHandler ["http-nio-0.0.0.0-8081"]
2026-02-25 07:14:24 INFO  [] o.s.b.w.e.tomcat.GracefulShutdown - Graceful shutdown complete
2026-02-25 07:14:24 INFO  [] o.a.coyote.http11.Http11NioProtocol - Stopping ProtocolHandler ["http-nio-0.0.0.0-8081"]
2026-02-25 07:14:24 INFO  [] o.s.o.j.LocalContainerEntityManagerFactoryBean - Closing JPA EntityManagerFactory for persistence unit 'default'
2026-02-25 07:14:24 INFO  [] com.zaxxer.hikari.HikariDataSource - HikariPool-1 - Shutdown initiated...
2026-02-25 07:14:27 INFO  [] com.zaxxer.hikari.HikariDataSource - HikariPool-1 - Shutdown completed.
2026-02-25 07:14:27 INFO  [] c.s.snatchmart.SnatchMartApplication - Starting SnatchMartApplication using Java 21.0.9 with PID 5564 (/Users/pulkitgiddu/Documents/Code/Backend/snatchMart/target/classes started by pulkitgiddu in /Users/pulkitgiddu/Documents/Code/Backend/snatchMart)
2026-02-25 07:14:27 DEBUG [] c.s.snatchmart.SnatchMartApplication - Running with Spring Boot v3.5.6, Spring v6.2.11
2026-02-25 07:14:27 INFO  [] c.s.snatchmart.SnatchMartApplication - The following 1 profile is active: "local"
2026-02-25 07:14:27 INFO  [] o.s.d.r.c.RepositoryConfigurationDelegate - Multiple Spring Data modules found, entering strict repository configuration mode
2026-02-25 07:14:27 INFO  [] o.s.d.r.c.RepositoryConfigurationDelegate - Bootstrapping Spring Data JPA repositories in DEFAULT mode.
2026-02-25 07:14:27 INFO  [] o.s.d.r.c.RepositoryConfigurationDelegate - Finished Spring Data repository scanning in 9 ms. Found 12 JPA repository interfaces.
2026-02-25 07:14:27 INFO  [] o.s.b.w.e.tomcat.TomcatWebServer - Tomcat initialized with port 8081 (http)
2026-02-25 07:14:27 INFO  [] o.a.coyote.http11.Http11NioProtocol - Initializing ProtocolHandler ["http-nio-0.0.0.0-8081"]
2026-02-25 07:14:27 INFO  [] o.a.catalina.core.StandardService - Starting service [Tomcat]
2026-02-25 07:14:27 INFO  [] o.a.catalina.core.StandardEngine - Starting Servlet engine: [Apache Tomcat/10.1.46]
2026-02-25 07:14:27 INFO  [] o.a.c.c.C.[Tomcat].[localhost].[/] - Initializing Spring embedded WebApplicationContext
2026-02-25 07:14:27 INFO  [] o.s.b.w.s.c.ServletWebServerApplicationContext - Root WebApplicationContext: initialization completed in 197 ms
2026-02-25 07:14:27 INFO  [] o.h.jpa.internal.util.LogHelper - HHH000204: Processing PersistenceUnitInfo [name: default]
2026-02-25 07:14:27 INFO  [] o.h.c.i.RegionFactoryInitiator - HHH000026: Second-level cache disabled
2026-02-25 07:14:27 INFO  [] o.s.o.j.p.SpringPersistenceUnitInfo - No LoadTimeWeaver setup: ignoring JPA class transformer
2026-02-25 07:14:27 INFO  [] com.zaxxer.hikari.HikariDataSource - HikariPool-2 - Starting...
2026-02-25 07:14:30 INFO  [] com.zaxxer.hikari.pool.HikariPool - HikariPool-2 - Added connection org.postgresql.jdbc.PgConnection@67b28222
2026-02-25 07:14:30 INFO  [] com.zaxxer.hikari.HikariDataSource - HikariPool-2 - Start completed.
2026-02-25 07:14:30 WARN  [] org.hibernate.orm.deprecation - HHH90000025: PostgreSQLDialect does not need to be specified explicitly using 'hibernate.dialect' (remove the property setting and it will be selected by default)
2026-02-25 07:14:31 INFO  [] o.hibernate.orm.connections.pooling - HHH10001005: Database info:
	Database JDBC URL [Connecting through datasource 'HikariDataSource (HikariPool-2)']
	Database driver: undefined/unknown
	Database version: 17.8
	Autocommit mode: undefined/unknown
	Isolation level: undefined/unknown
	Minimum pool size: undefined/unknown
	Maximum pool size: undefined/unknown
2026-02-25 07:14:31 INFO  [] o.h.e.t.j.p.i.JtaPlatformInitiator - HHH000489: No JTA platform available (set 'hibernate.transaction.jta.platform' to enable JTA platform integration)
2026-02-25 07:14:46 INFO  [] o.s.o.j.LocalContainerEntityManagerFactoryBean - Initialized JPA EntityManagerFactory for persistence unit 'default'
2026-02-25 07:14:46 DEBUG [] c.s.s.s.JwtAuthenticationFilter - Filter 'jwtAuthenticationFilter' configured for use
2026-02-25 07:14:46 INFO  [] o.s.s.c.a.a.c.InitializeAuthenticationProviderBeanManagerConfigurer$InitializeAuthenticationProviderManagerConfigurer - Global AuthenticationManager configured with AuthenticationProvider bean with name authenticationProvider
2026-02-25 07:14:46 WARN  [] o.s.s.c.a.a.c.InitializeUserDetailsBeanManagerConfigurer$InitializeUserDetailsManagerConfigurer - Global AuthenticationManager configured with an AuthenticationProvider bean. UserDetailsService beans will not be used by Spring Security for automatically configuring username/password login. Consider removing the AuthenticationProvider bean. Alternatively, consider using the UserDetailsService in a manually instantiated DaoAuthenticationProvider. If the current configuration is intentional, to turn off this warning, increase the logging level of 'org.springframework.security.config.annotation.authentication.configuration.InitializeUserDetailsBeanManagerConfigurer' to ERROR
2026-02-25 07:14:46 WARN  [] o.s.b.a.o.j.JpaBaseConfiguration$JpaWebConfiguration - spring.jpa.open-in-view is enabled by default. Therefore, database queries may be performed during view rendering. Explicitly configure spring.jpa.open-in-view to disable this warning
2026-02-25 07:14:46 INFO  [] o.s.b.a.h.H2ConsoleAutoConfiguration - H2 console available at '/h2-console'. Database available at 'jdbc:postgresql://ep-blue-field-afvby5th-pooler.c-2.us-west-2.aws.neon.tech/neondb?sslmode=require'
2026-02-25 07:14:46 INFO  [] o.s.b.d.a.OptionalLiveReloadServer - LiveReload server is running on port 35729
2026-02-25 07:14:46 INFO  [] o.a.coyote.http11.Http11NioProtocol - Starting ProtocolHandler ["http-nio-0.0.0.0-8081"]
2026-02-25 07:14:46 INFO  [] o.s.b.w.e.tomcat.TomcatWebServer - Tomcat started on port 8081 (http) with context path '/'
2026-02-25 07:14:46 INFO  [] c.s.s.scheduler.DealScheduler - Starting 30-min price sync job
2026-02-25 07:14:46 INFO  [] c.s.snatchmart.SnatchMartApplication - Started SnatchMartApplication in 18.967 seconds (process running for 114.225)
2026-02-25 07:14:46 INFO  [] c.s.s.s.s.AffiliateSyncServiceImpl - Synced 0 deals from amazon
2026-02-25 07:14:46 INFO  [] c.s.s.s.s.AffiliateSyncServiceImpl - Synced 0 deals from flipkart
2026-02-25 07:14:46 INFO  [] o.s.b.d.a.ConditionEvaluationDeltaLoggingListener - Condition evaluation unchanged
2026-02-25 07:14:48 INFO  [] o.s.b.d.a.LocalDevToolsAutoConfiguration$RestartingClassPathChangeChangedEventListener - Restarting due to 5 class path changes (4 additions, 0 deletions, 1 modification)
2026-02-25 07:14:48 INFO  [] o.s.b.w.e.tomcat.GracefulShutdown - Commencing graceful shutdown. Waiting for active requests to complete
2026-02-25 07:14:48 INFO  [] o.a.coyote.http11.Http11NioProtocol - Pausing ProtocolHandler ["http-nio-0.0.0.0-8081"]
2026-02-25 07:14:48 INFO  [] o.s.b.w.e.tomcat.GracefulShutdown - Graceful shutdown complete
2026-02-25 07:14:48 INFO  [] o.a.coyote.http11.Http11NioProtocol - Stopping ProtocolHandler ["http-nio-0.0.0.0-8081"]
2026-02-25 07:14:48 INFO  [] o.s.o.j.LocalContainerEntityManagerFactoryBean - Closing JPA EntityManagerFactory for persistence unit 'default'
2026-02-25 07:14:48 INFO  [] com.zaxxer.hikari.HikariDataSource - HikariPool-2 - Shutdown initiated...
2026-02-25 07:14:50 INFO  [] com.zaxxer.hikari.HikariDataSource - HikariPool-2 - Shutdown completed.
2026-02-25 07:14:50 INFO  [] c.s.snatchmart.SnatchMartApplication - Starting SnatchMartApplication using Java 21.0.9 with PID 5564 (/Users/pulkitgiddu/Documents/Code/Backend/snatchMart/target/classes started by pulkitgiddu in /Users/pulkitgiddu/Documents/Code/Backend/snatchMart)
2026-02-25 07:14:50 DEBUG [] c.s.snatchmart.SnatchMartApplication - Running with Spring Boot v3.5.6, Spring v6.2.11
2026-02-25 07:14:50 INFO  [] c.s.snatchmart.SnatchMartApplication - The following 1 profile is active: "local"
2026-02-25 07:14:51 INFO  [] o.s.d.r.c.RepositoryConfigurationDelegate - Multiple Spring Data modules found, entering strict repository configuration mode
2026-02-25 07:14:51 INFO  [] o.s.d.r.c.RepositoryConfigurationDelegate - Bootstrapping Spring Data JPA repositories in DEFAULT mode.
2026-02-25 07:14:51 INFO  [] o.s.d.r.c.RepositoryConfigurationDelegate - Finished Spring Data repository scanning in 10 ms. Found 12 JPA repository interfaces.
2026-02-25 07:14:51 INFO  [] o.s.b.w.e.tomcat.TomcatWebServer - Tomcat initialized with port 8081 (http)
2026-02-25 07:14:51 INFO  [] o.a.coyote.http11.Http11NioProtocol - Initializing ProtocolHandler ["http-nio-0.0.0.0-8081"]
2026-02-25 07:14:51 INFO  [] o.a.catalina.core.StandardService - Starting service [Tomcat]
2026-02-25 07:14:51 INFO  [] o.a.catalina.core.StandardEngine - Starting Servlet engine: [Apache Tomcat/10.1.46]
2026-02-25 07:14:51 INFO  [] o.a.c.c.C.[Tomcat].[localhost].[/] - Initializing Spring embedded WebApplicationContext
2026-02-25 07:14:51 INFO  [] o.s.b.w.s.c.ServletWebServerApplicationContext - Root WebApplicationContext: initialization completed in 142 ms
2026-02-25 07:14:51 INFO  [] o.h.jpa.internal.util.LogHelper - HHH000204: Processing PersistenceUnitInfo [name: default]
2026-02-25 07:14:51 INFO  [] o.h.c.i.RegionFactoryInitiator - HHH000026: Second-level cache disabled
2026-02-25 07:14:51 INFO  [] o.s.o.j.p.SpringPersistenceUnitInfo - No LoadTimeWeaver setup: ignoring JPA class transformer
2026-02-25 07:14:51 INFO  [] com.zaxxer.hikari.HikariDataSource - HikariPool-3 - Starting...
2026-02-25 07:14:53 INFO  [] com.zaxxer.hikari.pool.HikariPool - HikariPool-3 - Added connection org.postgresql.jdbc.PgConnection@2f7302b4
2026-02-25 07:14:53 INFO  [] com.zaxxer.hikari.HikariDataSource - HikariPool-3 - Start completed.
2026-02-25 07:14:53 WARN  [] org.hibernate.orm.deprecation - HHH90000025: PostgreSQLDialect does not need to be specified explicitly using 'hibernate.dialect' (remove the property setting and it will be selected by default)
2026-02-25 07:14:54 INFO  [] o.hibernate.orm.connections.pooling - HHH10001005: Database info:
	Database JDBC URL [Connecting through datasource 'HikariDataSource (HikariPool-3)']
	Database driver: undefined/unknown
	Database version: 17.8
	Autocommit mode: undefined/unknown
	Isolation level: undefined/unknown
	Minimum pool size: undefined/unknown
	Maximum pool size: undefined/unknown
2026-02-25 07:14:54 INFO  [] o.h.e.t.j.p.i.JtaPlatformInitiator - HHH000489: No JTA platform available (set 'hibernate.transaction.jta.platform' to enable JTA platform integration)
2026-02-25 07:15:09 INFO  [] o.s.o.j.LocalContainerEntityManagerFactoryBean - Initialized JPA EntityManagerFactory for persistence unit 'default'
2026-02-25 07:15:09 DEBUG [] c.s.s.s.JwtAuthenticationFilter - Filter 'jwtAuthenticationFilter' configured for use
2026-02-25 07:15:09 INFO  [] o.s.s.c.a.a.c.InitializeAuthenticationProviderBeanManagerConfigurer$InitializeAuthenticationProviderManagerConfigurer - Global AuthenticationManager configured with AuthenticationProvider bean with name authenticationProvider
2026-02-25 07:15:09 WARN  [] o.s.s.c.a.a.c.InitializeUserDetailsBeanManagerConfigurer$InitializeUserDetailsManagerConfigurer - Global AuthenticationManager configured with an AuthenticationProvider bean. UserDetailsService beans will not be used by Spring Security for automatically configuring username/password login. Consider removing the AuthenticationProvider bean. Alternatively, consider using the UserDetailsService in a manually instantiated DaoAuthenticationProvider. If the current configuration is intentional, to turn off this warning, increase the logging level of 'org.springframework.security.config.annotation.authentication.configuration.InitializeUserDetailsBeanManagerConfigurer' to ERROR
2026-02-25 07:15:09 WARN  [] o.s.b.a.o.j.JpaBaseConfiguration$JpaWebConfiguration - spring.jpa.open-in-view is enabled by default. Therefore, database queries may be performed during view rendering. Explicitly configure spring.jpa.open-in-view to disable this warning
2026-02-25 07:15:09 INFO  [] o.s.b.a.h.H2ConsoleAutoConfiguration - H2 console available at '/h2-console'. Database available at 'jdbc:postgresql://ep-blue-field-afvby5th-pooler.c-2.us-west-2.aws.neon.tech/neondb?sslmode=require'
2026-02-25 07:15:10 INFO  [] o.s.b.d.a.OptionalLiveReloadServer - LiveReload server is running on port 35729
2026-02-25 07:15:10 INFO  [] o.a.coyote.http11.Http11NioProtocol - Starting ProtocolHandler ["http-nio-0.0.0.0-8081"]
2026-02-25 07:15:10 INFO  [] o.s.b.w.e.tomcat.TomcatWebServer - Tomcat started on port 8081 (http) with context path '/'
2026-02-25 07:15:10 INFO  [] c.s.s.scheduler.DealScheduler - Starting 30-min price sync job
2026-02-25 07:15:10 INFO  [] c.s.snatchmart.SnatchMartApplication - Started SnatchMartApplication in 19.099 seconds (process running for 137.582)
2026-02-25 07:15:10 INFO  [] c.s.s.s.s.AffiliateSyncServiceImpl - Synced 0 deals from amazon
2026-02-25 07:15:10 INFO  [] c.s.s.s.s.AffiliateSyncServiceImpl - Synced 0 deals from flipkart
2026-02-25 07:15:10 INFO  [] o.s.b.d.a.ConditionEvaluationDeltaLoggingListener - Condition evaluation unchanged
2026-02-25 07:15:11 INFO  [] o.s.b.d.a.LocalDevToolsAutoConfiguration$RestartingClassPathChangeChangedEventListener - Restarting due to 2 class path changes (1 addition, 0 deletions, 1 modification)
2026-02-25 07:15:11 INFO  [] o.s.b.w.e.tomcat.GracefulShutdown - Commencing graceful shutdown. Waiting for active requests to complete
2026-02-25 07:15:11 INFO  [] o.a.coyote.http11.Http11NioProtocol - Pausing ProtocolHandler ["http-nio-0.0.0.0-8081"]
2026-02-25 07:15:11 INFO  [] o.s.b.w.e.tomcat.GracefulShutdown - Graceful shutdown complete
2026-02-25 07:15:11 INFO  [] o.a.coyote.http11.Http11NioProtocol - Stopping ProtocolHandler ["http-nio-0.0.0.0-8081"]
2026-02-25 07:15:11 INFO  [] o.s.o.j.LocalContainerEntityManagerFactoryBean - Closing JPA EntityManagerFactory for persistence unit 'default'
2026-02-25 07:15:11 INFO  [] com.zaxxer.hikari.HikariDataSource - HikariPool-3 - Shutdown initiated...
2026-02-25 07:15:14 INFO  [] com.zaxxer.hikari.HikariDataSource - HikariPool-3 - Shutdown completed.
2026-02-25 07:15:14 INFO  [] c.s.snatchmart.SnatchMartApplication - Starting SnatchMartApplication using Java 21.0.9 with PID 5564 (/Users/pulkitgiddu/Documents/Code/Backend/snatchMart/target/classes started by pulkitgiddu in /Users/pulkitgiddu/Documents/Code/Backend/snatchMart)
2026-02-25 07:15:14 DEBUG [] c.s.snatchmart.SnatchMartApplication - Running with Spring Boot v3.5.6, Spring v6.2.11
2026-02-25 07:15:14 INFO  [] c.s.snatchmart.SnatchMartApplication - The following 1 profile is active: "local"
2026-02-25 07:15:14 INFO  [] o.s.d.r.c.RepositoryConfigurationDelegate - Multiple Spring Data modules found, entering strict repository configuration mode
2026-02-25 07:15:14 INFO  [] o.s.d.r.c.RepositoryConfigurationDelegate - Bootstrapping Spring Data JPA repositories in DEFAULT mode.
2026-02-25 07:15:14 INFO  [] o.s.d.r.c.RepositoryConfigurationDelegate - Finished Spring Data repository scanning in 9 ms. Found 12 JPA repository interfaces.
2026-02-25 07:15:14 INFO  [] o.s.b.w.e.tomcat.TomcatWebServer - Tomcat initialized with port 8081 (http)
2026-02-25 07:15:14 INFO  [] o.a.coyote.http11.Http11NioProtocol - Initializing ProtocolHandler ["http-nio-0.0.0.0-8081"]
2026-02-25 07:15:14 INFO  [] o.a.catalina.core.StandardService - Starting service [Tomcat]
2026-02-25 07:15:14 INFO  [] o.a.catalina.core.StandardEngine - Starting Servlet engine: [Apache Tomcat/10.1.46]
2026-02-25 07:15:14 INFO  [] o.a.c.c.C.[Tomcat].[localhost].[/] - Initializing Spring embedded WebApplicationContext
2026-02-25 07:15:14 INFO  [] o.s.b.w.s.c.ServletWebServerApplicationContext - Root WebApplicationContext: initialization completed in 137 ms
2026-02-25 07:15:14 INFO  [] o.h.jpa.internal.util.LogHelper - HHH000204: Processing PersistenceUnitInfo [name: default]
2026-02-25 07:15:14 INFO  [] o.h.c.i.RegionFactoryInitiator - HHH000026: Second-level cache disabled
2026-02-25 07:15:14 INFO  [] o.s.o.j.p.SpringPersistenceUnitInfo - No LoadTimeWeaver setup: ignoring JPA class transformer
2026-02-25 07:15:14 INFO  [] com.zaxxer.hikari.HikariDataSource - HikariPool-4 - Starting...
2026-02-25 07:15:16 INFO  [] com.zaxxer.hikari.pool.HikariPool - HikariPool-4 - Added connection org.postgresql.jdbc.PgConnection@4e6e0a5d
2026-02-25 07:15:16 INFO  [] com.zaxxer.hikari.HikariDataSource - HikariPool-4 - Start completed.
2026-02-25 07:15:17 WARN  [] org.hibernate.orm.deprecation - HHH90000025: PostgreSQLDialect does not need to be specified explicitly using 'hibernate.dialect' (remove the property setting and it will be selected by default)
2026-02-25 07:15:17 INFO  [] o.hibernate.orm.connections.pooling - HHH10001005: Database info:
	Database JDBC URL [Connecting through datasource 'HikariDataSource (HikariPool-4)']
	Database driver: undefined/unknown
	Database version: 17.8
	Autocommit mode: undefined/unknown
	Isolation level: undefined/unknown
	Minimum pool size: undefined/unknown
	Maximum pool size: undefined/unknown
2026-02-25 07:15:18 INFO  [] o.h.e.t.j.p.i.JtaPlatformInitiator - HHH000489: No JTA platform available (set 'hibernate.transaction.jta.platform' to enable JTA platform integration)
2026-02-25 07:15:33 INFO  [] o.s.o.j.LocalContainerEntityManagerFactoryBean - Initialized JPA EntityManagerFactory for persistence unit 'default'
2026-02-25 07:15:33 DEBUG [] c.s.s.s.JwtAuthenticationFilter - Filter 'jwtAuthenticationFilter' configured for use
2026-02-25 07:15:33 INFO  [] o.s.s.c.a.a.c.InitializeAuthenticationProviderBeanManagerConfigurer$InitializeAuthenticationProviderManagerConfigurer - Global AuthenticationManager configured with AuthenticationProvider bean with name authenticationProvider
2026-02-25 07:15:33 WARN  [] o.s.s.c.a.a.c.InitializeUserDetailsBeanManagerConfigurer$InitializeUserDetailsManagerConfigurer - Global AuthenticationManager configured with an AuthenticationProvider bean. UserDetailsService beans will not be used by Spring Security for automatically configuring username/password login. Consider removing the AuthenticationProvider bean. Alternatively, consider using the UserDetailsService in a manually instantiated DaoAuthenticationProvider. If the current configuration is intentional, to turn off this warning, increase the logging level of 'org.springframework.security.config.annotation.authentication.configuration.InitializeUserDetailsBeanManagerConfigurer' to ERROR
2026-02-25 07:15:33 WARN  [] o.s.b.a.o.j.JpaBaseConfiguration$JpaWebConfiguration - spring.jpa.open-in-view is enabled by default. Therefore, database queries may be performed during view rendering. Explicitly configure spring.jpa.open-in-view to disable this warning
2026-02-25 07:15:33 INFO  [] o.s.b.a.h.H2ConsoleAutoConfiguration - H2 console available at '/h2-console'. Database available at 'jdbc:postgresql://ep-blue-field-afvby5th-pooler.c-2.us-west-2.aws.neon.tech/neondb?sslmode=require'
2026-02-25 07:15:33 INFO  [] o.s.b.d.a.OptionalLiveReloadServer - LiveReload server is running on port 35729
2026-02-25 07:15:33 INFO  [] o.a.coyote.http11.Http11NioProtocol - Starting ProtocolHandler ["http-nio-0.0.0.0-8081"]
2026-02-25 07:15:33 INFO  [] o.s.b.w.e.tomcat.TomcatWebServer - Tomcat started on port 8081 (http) with context path '/'
2026-02-25 07:15:33 INFO  [] c.s.s.scheduler.DealScheduler - Starting 30-min price sync job
2026-02-25 07:15:33 INFO  [] c.s.snatchmart.SnatchMartApplication - Started SnatchMartApplication in 19.075 seconds (process running for 160.888)
2026-02-25 07:15:33 INFO  [] c.s.s.s.s.AffiliateSyncServiceImpl - Synced 0 deals from amazon
2026-02-25 07:15:33 INFO  [] c.s.s.s.s.AffiliateSyncServiceImpl - Synced 0 deals from flipkart
2026-02-25 07:15:33 INFO  [] o.s.b.d.a.ConditionEvaluationDeltaLoggingListener - Condition evaluation unchanged
2026-02-25 07:15:34 INFO  [] o.s.b.d.a.LocalDevToolsAutoConfiguration$RestartingClassPathChangeChangedEventListener - Restarting due to 1 class path change (0 additions, 0 deletions, 1 modification)
2026-02-25 07:15:34 INFO  [] o.s.b.w.e.tomcat.GracefulShutdown - Commencing graceful shutdown. Waiting for active requests to complete
2026-02-25 07:15:34 INFO  [] o.a.coyote.http11.Http11NioProtocol - Pausing ProtocolHandler ["http-nio-0.0.0.0-8081"]
2026-02-25 07:15:34 INFO  [] o.s.b.w.e.tomcat.GracefulShutdown - Graceful shutdown complete
2026-02-25 07:15:34 INFO  [] o.a.coyote.http11.Http11NioProtocol - Stopping ProtocolHandler ["http-nio-0.0.0.0-8081"]
2026-02-25 07:15:34 INFO  [] o.s.o.j.LocalContainerEntityManagerFactoryBean - Closing JPA EntityManagerFactory for persistence unit 'default'
2026-02-25 07:15:34 INFO  [] com.zaxxer.hikari.HikariDataSource - HikariPool-4 - Shutdown initiated...
2026-02-25 07:15:37 INFO  [] com.zaxxer.hikari.HikariDataSource - HikariPool-4 - Shutdown completed.
2026-02-25 07:15:37 INFO  [] c.s.snatchmart.SnatchMartApplication - Starting SnatchMartApplication using Java 21.0.9 with PID 5564 (/Users/pulkitgiddu/Documents/Code/Backend/snatchMart/target/classes started by pulkitgiddu in /Users/pulkitgiddu/Documents/Code/Backend/snatchMart)
2026-02-25 07:15:37 DEBUG [] c.s.snatchmart.SnatchMartApplication - Running with Spring Boot v3.5.6, Spring v6.2.11
2026-02-25 07:15:37 INFO  [] c.s.snatchmart.SnatchMartApplication - The following 1 profile is active: "local"
2026-02-25 07:15:37 INFO  [] o.s.d.r.c.RepositoryConfigurationDelegate - Multiple Spring Data modules found, entering strict repository configuration mode
2026-02-25 07:15:37 INFO  [] o.s.d.r.c.RepositoryConfigurationDelegate - Bootstrapping Spring Data JPA repositories in DEFAULT mode.
2026-02-25 07:15:37 INFO  [] o.s.d.r.c.RepositoryConfigurationDelegate - Finished Spring Data repository scanning in 9 ms. Found 12 JPA repository interfaces.
2026-02-25 07:15:37 INFO  [] o.s.b.w.e.tomcat.TomcatWebServer - Tomcat initialized with port 8081 (http)
2026-02-25 07:15:37 INFO  [] o.a.coyote.http11.Http11NioProtocol - Initializing ProtocolHandler ["http-nio-0.0.0.0-8081"]
2026-02-25 07:15:37 INFO  [] o.a.catalina.core.StandardService - Starting service [Tomcat]
2026-02-25 07:15:37 INFO  [] o.a.catalina.core.StandardEngine - Starting Servlet engine: [Apache Tomcat/10.1.46]
2026-02-25 07:15:37 INFO  [] o.a.c.c.C.[Tomcat].[localhost].[/] - Initializing Spring embedded WebApplicationContext
2026-02-25 07:15:37 INFO  [] o.s.b.w.s.c.ServletWebServerApplicationContext - Root WebApplicationContext: initialization completed in 136 ms
2026-02-25 07:15:37 INFO  [] o.h.jpa.internal.util.LogHelper - HHH000204: Processing PersistenceUnitInfo [name: default]
2026-02-25 07:15:37 INFO  [] o.h.c.i.RegionFactoryInitiator - HHH000026: Second-level cache disabled
2026-02-25 07:15:37 INFO  [] o.s.o.j.p.SpringPersistenceUnitInfo - No LoadTimeWeaver setup: ignoring JPA class transformer
2026-02-25 07:15:37 INFO  [] com.zaxxer.hikari.HikariDataSource - HikariPool-5 - Starting...
2026-02-25 07:15:40 INFO  [] com.zaxxer.hikari.pool.HikariPool - HikariPool-5 - Added connection org.postgresql.jdbc.PgConnection@412dfab7
2026-02-25 07:15:40 INFO  [] com.zaxxer.hikari.HikariDataSource - HikariPool-5 - Start completed.
2026-02-25 07:15:40 WARN  [] org.hibernate.orm.deprecation - HHH90000025: PostgreSQLDialect does not need to be specified explicitly using 'hibernate.dialect' (remove the property setting and it will be selected by default)
2026-02-25 07:15:41 INFO  [] o.hibernate.orm.connections.pooling - HHH10001005: Database info:
	Database JDBC URL [Connecting through datasource 'HikariDataSource (HikariPool-5)']
	Database driver: undefined/unknown
	Database version: 17.8
	Autocommit mode: undefined/unknown
	Isolation level: undefined/unknown
	Minimum pool size: undefined/unknown
	Maximum pool size: undefined/unknown
2026-02-25 07:15:41 INFO  [] o.h.e.t.j.p.i.JtaPlatformInitiator - HHH000489: No JTA platform available (set 'hibernate.transaction.jta.platform' to enable JTA platform integration)
2026-02-25 07:15:56 INFO  [] o.s.o.j.LocalContainerEntityManagerFactoryBean - Initialized JPA EntityManagerFactory for persistence unit 'default'
2026-02-25 07:15:56 DEBUG [] c.s.s.s.JwtAuthenticationFilter - Filter 'jwtAuthenticationFilter' configured for use
2026-02-25 07:15:56 INFO  [] o.s.s.c.a.a.c.InitializeAuthenticationProviderBeanManagerConfigurer$InitializeAuthenticationProviderManagerConfigurer - Global AuthenticationManager configured with AuthenticationProvider bean with name authenticationProvider
2026-02-25 07:15:56 WARN  [] o.s.s.c.a.a.c.InitializeUserDetailsBeanManagerConfigurer$InitializeUserDetailsManagerConfigurer - Global AuthenticationManager configured with an AuthenticationProvider bean. UserDetailsService beans will not be used by Spring Security for automatically configuring username/password login. Consider removing the AuthenticationProvider bean. Alternatively, consider using the UserDetailsService in a manually instantiated DaoAuthenticationProvider. If the current configuration is intentional, to turn off this warning, increase the logging level of 'org.springframework.security.config.annotation.authentication.configuration.InitializeUserDetailsBeanManagerConfigurer' to ERROR
2026-02-25 07:15:56 WARN  [] o.s.b.a.o.j.JpaBaseConfiguration$JpaWebConfiguration - spring.jpa.open-in-view is enabled by default. Therefore, database queries may be performed during view rendering. Explicitly configure spring.jpa.open-in-view to disable this warning
2026-02-25 07:15:56 INFO  [] o.s.b.a.h.H2ConsoleAutoConfiguration - H2 console available at '/h2-console'. Database available at 'jdbc:postgresql://ep-blue-field-afvby5th-pooler.c-2.us-west-2.aws.neon.tech/neondb?sslmode=require'
2026-02-25 07:15:56 INFO  [] o.s.b.d.a.OptionalLiveReloadServer - LiveReload server is running on port 35729
2026-02-25 07:15:56 INFO  [] o.a.coyote.http11.Http11NioProtocol - Starting ProtocolHandler ["http-nio-0.0.0.0-8081"]
2026-02-25 07:15:56 INFO  [] o.s.b.w.e.tomcat.TomcatWebServer - Tomcat started on port 8081 (http) with context path '/'
2026-02-25 07:15:56 INFO  [] c.s.s.scheduler.DealScheduler - Starting 30-min price sync job
2026-02-25 07:15:56 INFO  [] c.s.snatchmart.SnatchMartApplication - Started SnatchMartApplication in 18.792 seconds (process running for 183.946)
2026-02-25 07:15:56 INFO  [] c.s.s.s.s.AffiliateSyncServiceImpl - Synced 0 deals from amazon
2026-02-25 07:15:56 DEBUG [] c.s.s.i.FlipkartAffiliateClient - Flipkart affiliate not configured (missing id/token), skipping
2026-02-25 07:15:56 INFO  [] c.s.s.s.s.AffiliateSyncServiceImpl - Synced 0 deals from flipkart
2026-02-25 07:15:56 INFO  [] o.s.b.d.a.ConditionEvaluationDeltaLoggingListener - Condition evaluation unchanged
2026-02-25 07:15:58 INFO  [] o.s.b.d.a.LocalDevToolsAutoConfiguration$RestartingClassPathChangeChangedEventListener - Restarting due to 1 class path change (0 additions, 0 deletions, 1 modification)
2026-02-25 07:15:58 INFO  [] o.s.b.w.e.tomcat.GracefulShutdown - Commencing graceful shutdown. Waiting for active requests to complete
2026-02-25 07:15:58 INFO  [] o.a.coyote.http11.Http11NioProtocol - Pausing ProtocolHandler ["http-nio-0.0.0.0-8081"]
2026-02-25 07:15:58 INFO  [] o.s.b.w.e.tomcat.GracefulShutdown - Graceful shutdown complete
2026-02-25 07:15:58 INFO  [] o.a.coyote.http11.Http11NioProtocol - Stopping ProtocolHandler ["http-nio-0.0.0.0-8081"]
2026-02-25 07:15:58 INFO  [] o.s.o.j.LocalContainerEntityManagerFactoryBean - Closing JPA EntityManagerFactory for persistence unit 'default'
2026-02-25 07:15:58 INFO  [] com.zaxxer.hikari.HikariDataSource - HikariPool-5 - Shutdown initiated...
2026-02-25 07:16:00 INFO  [] com.zaxxer.hikari.HikariDataSource - HikariPool-5 - Shutdown completed.
2026-02-25 07:16:01 INFO  [] c.s.snatchmart.SnatchMartApplication - Starting SnatchMartApplication using Java 21.0.9 with PID 5564 (/Users/pulkitgiddu/Documents/Code/Backend/snatchMart/target/classes started by pulkitgiddu in /Users/pulkitgiddu/Documents/Code/Backend/snatchMart)
2026-02-25 07:16:01 DEBUG [] c.s.snatchmart.SnatchMartApplication - Running with Spring Boot v3.5.6, Spring v6.2.11
2026-02-25 07:16:01 INFO  [] c.s.snatchmart.SnatchMartApplication - The following 1 profile is active: "local"
2026-02-25 07:16:01 INFO  [] o.s.d.r.c.RepositoryConfigurationDelegate - Multiple Spring Data modules found, entering strict repository configuration mode
2026-02-25 07:16:01 INFO  [] o.s.d.r.c.RepositoryConfigurationDelegate - Bootstrapping Spring Data JPA repositories in DEFAULT mode.
2026-02-25 07:16:01 INFO  [] o.s.d.r.c.RepositoryConfigurationDelegate - Finished Spring Data repository scanning in 8 ms. Found 12 JPA repository interfaces.
2026-02-25 07:16:01 INFO  [] o.s.b.w.e.tomcat.TomcatWebServer - Tomcat initialized with port 8081 (http)
2026-02-25 07:16:01 INFO  [] o.a.coyote.http11.Http11NioProtocol - Initializing ProtocolHandler ["http-nio-0.0.0.0-8081"]
2026-02-25 07:16:01 INFO  [] o.a.catalina.core.StandardService - Starting service [Tomcat]
2026-02-25 07:16:01 INFO  [] o.a.catalina.core.StandardEngine - Starting Servlet engine: [Apache Tomcat/10.1.46]
2026-02-25 07:16:01 INFO  [] o.a.c.c.C.[Tomcat].[localhost].[/] - Initializing Spring embedded WebApplicationContext
2026-02-25 07:16:01 INFO  [] o.s.b.w.s.c.ServletWebServerApplicationContext - Root WebApplicationContext: initialization completed in 135 ms
2026-02-25 07:16:01 INFO  [] o.h.jpa.internal.util.LogHelper - HHH000204: Processing PersistenceUnitInfo [name: default]
2026-02-25 07:16:01 INFO  [] o.h.c.i.RegionFactoryInitiator - HHH000026: Second-level cache disabled
2026-02-25 07:16:01 INFO  [] o.s.o.j.p.SpringPersistenceUnitInfo - No LoadTimeWeaver setup: ignoring JPA class transformer
2026-02-25 07:16:01 INFO  [] com.zaxxer.hikari.HikariDataSource - HikariPool-6 - Starting...
2026-02-25 07:16:03 INFO  [] com.zaxxer.hikari.pool.HikariPool - HikariPool-6 - Added connection org.postgresql.jdbc.PgConnection@44172cf1
2026-02-25 07:16:03 INFO  [] com.zaxxer.hikari.HikariDataSource - HikariPool-6 - Start completed.
2026-02-25 07:16:04 WARN  [] org.hibernate.orm.deprecation - HHH90000025: PostgreSQLDialect does not need to be specified explicitly using 'hibernate.dialect' (remove the property setting and it will be selected by default)
2026-02-25 07:16:04 INFO  [] o.hibernate.orm.connections.pooling - HHH10001005: Database info:
	Database JDBC URL [Connecting through datasource 'HikariDataSource (HikariPool-6)']
	Database driver: undefined/unknown
	Database version: 17.8
	Autocommit mode: undefined/unknown
	Isolation level: undefined/unknown
	Minimum pool size: undefined/unknown
	Maximum pool size: undefined/unknown
2026-02-25 07:16:04 INFO  [] o.h.e.t.j.p.i.JtaPlatformInitiator - HHH000489: No JTA platform available (set 'hibernate.transaction.jta.platform' to enable JTA platform integration)
2026-02-25 07:16:20 INFO  [] o.s.o.j.LocalContainerEntityManagerFactoryBean - Initialized JPA EntityManagerFactory for persistence unit 'default'
2026-02-25 07:16:20 DEBUG [] c.s.s.s.JwtAuthenticationFilter - Filter 'jwtAuthenticationFilter' configured for use
2026-02-25 07:16:20 INFO  [] o.s.s.c.a.a.c.InitializeAuthenticationProviderBeanManagerConfigurer$InitializeAuthenticationProviderManagerConfigurer - Global AuthenticationManager configured with AuthenticationProvider bean with name authenticationProvider
2026-02-25 07:16:20 WARN  [] o.s.s.c.a.a.c.InitializeUserDetailsBeanManagerConfigurer$InitializeUserDetailsManagerConfigurer - Global AuthenticationManager configured with an AuthenticationProvider bean. UserDetailsService beans will not be used by Spring Security for automatically configuring username/password login. Consider removing the AuthenticationProvider bean. Alternatively, consider using the UserDetailsService in a manually instantiated DaoAuthenticationProvider. If the current configuration is intentional, to turn off this warning, increase the logging level of 'org.springframework.security.config.annotation.authentication.configuration.InitializeUserDetailsBeanManagerConfigurer' to ERROR
2026-02-25 07:16:20 WARN  [] o.s.b.a.o.j.JpaBaseConfiguration$JpaWebConfiguration - spring.jpa.open-in-view is enabled by default. Therefore, database queries may be performed during view rendering. Explicitly configure spring.jpa.open-in-view to disable this warning
2026-02-25 07:16:20 INFO  [] o.s.b.a.h.H2ConsoleAutoConfiguration - H2 console available at '/h2-console'. Database available at 'jdbc:postgresql://ep-blue-field-afvby5th-pooler.c-2.us-west-2.aws.neon.tech/neondb?sslmode=require'
2026-02-25 07:16:20 INFO  [] o.s.b.d.a.OptionalLiveReloadServer - LiveReload server is running on port 35729
2026-02-25 07:16:20 INFO  [] o.a.coyote.http11.Http11NioProtocol - Starting ProtocolHandler ["http-nio-0.0.0.0-8081"]
2026-02-25 07:16:20 INFO  [] o.s.b.w.e.tomcat.TomcatWebServer - Tomcat started on port 8081 (http) with context path '/'
2026-02-25 07:16:20 INFO  [] c.s.s.scheduler.DealScheduler - Starting 30-min price sync job
2026-02-25 07:16:20 INFO  [] c.s.snatchmart.SnatchMartApplication - Started SnatchMartApplication in 19.306 seconds (process running for 207.858)
2026-02-25 07:16:20 INFO  [] o.s.b.d.a.ConditionEvaluationDeltaLoggingListener - Condition evaluation unchanged
2026-02-25 07:16:20 INFO  [] c.s.s.s.s.AffiliateSyncServiceImpl - Synced 0 deals from amazon
2026-02-25 07:16:20 DEBUG [] c.s.s.i.FlipkartAffiliateClient - Flipkart affiliate not configured (missing id/token), skipping
2026-02-25 07:16:20 INFO  [] c.s.s.s.s.AffiliateSyncServiceImpl - Synced 0 deals from flipkart
2026-02-25 07:16:21 INFO  [] o.s.b.d.a.LocalDevToolsAutoConfiguration$RestartingClassPathChangeChangedEventListener - Restarting due to 131 class path changes (0 additions, 0 deletions, 131 modifications)
2026-02-25 07:16:21 INFO  [] o.s.b.w.e.tomcat.GracefulShutdown - Commencing graceful shutdown. Waiting for active requests to complete
2026-02-25 07:16:21 INFO  [] o.a.coyote.http11.Http11NioProtocol - Pausing ProtocolHandler ["http-nio-0.0.0.0-8081"]
2026-02-25 07:16:21 INFO  [] o.s.b.w.e.tomcat.GracefulShutdown - Graceful shutdown complete
2026-02-25 07:16:21 INFO  [] o.a.coyote.http11.Http11NioProtocol - Stopping ProtocolHandler ["http-nio-0.0.0.0-8081"]
2026-02-25 07:16:21 INFO  [] o.s.o.j.LocalContainerEntityManagerFactoryBean - Closing JPA EntityManagerFactory for persistence unit 'default'
2026-02-25 07:16:21 INFO  [] com.zaxxer.hikari.HikariDataSource - HikariPool-6 - Shutdown initiated...
2026-02-25 07:16:24 INFO  [] com.zaxxer.hikari.HikariDataSource - HikariPool-6 - Shutdown completed.
2026-02-25 07:16:24 INFO  [] c.s.snatchmart.SnatchMartApplication - Starting SnatchMartApplication using Java 21.0.9 with PID 5564 (/Users/pulkitgiddu/Documents/Code/Backend/snatchMart/target/classes started by pulkitgiddu in /Users/pulkitgiddu/Documents/Code/Backend/snatchMart)
2026-02-25 07:16:24 DEBUG [] c.s.snatchmart.SnatchMartApplication - Running with Spring Boot v3.5.6, Spring v6.2.11
2026-02-25 07:16:24 INFO  [] c.s.snatchmart.SnatchMartApplication - The following 1 profile is active: "local"
2026-02-25 07:16:24 INFO  [] o.s.d.r.c.RepositoryConfigurationDelegate - Multiple Spring Data modules found, entering strict repository configuration mode
2026-02-25 07:16:24 INFO  [] o.s.d.r.c.RepositoryConfigurationDelegate - Bootstrapping Spring Data JPA repositories in DEFAULT mode.
2026-02-25 07:16:24 INFO  [] o.s.d.r.c.RepositoryConfigurationDelegate - Finished Spring Data repository scanning in 8 ms. Found 12 JPA repository interfaces.
2026-02-25 07:16:24 INFO  [] o.s.b.w.e.tomcat.TomcatWebServer - Tomcat initialized with port 8081 (http)
2026-02-25 07:16:24 INFO  [] o.a.coyote.http11.Http11NioProtocol - Initializing ProtocolHandler ["http-nio-0.0.0.0-8081"]
2026-02-25 07:16:24 INFO  [] o.a.catalina.core.StandardService - Starting service [Tomcat]
2026-02-25 07:16:24 INFO  [] o.a.catalina.core.StandardEngine - Starting Servlet engine: [Apache Tomcat/10.1.46]
2026-02-25 07:16:24 INFO  [] o.a.c.c.C.[Tomcat].[localhost].[/] - Initializing Spring embedded WebApplicationContext
2026-02-25 07:16:24 INFO  [] o.s.b.w.s.c.ServletWebServerApplicationContext - Root WebApplicationContext: initialization completed in 118 ms
2026-02-25 07:16:24 INFO  [] o.h.jpa.internal.util.LogHelper - HHH000204: Processing PersistenceUnitInfo [name: default]
2026-02-25 07:16:24 INFO  [] o.h.c.i.RegionFactoryInitiator - HHH000026: Second-level cache disabled
2026-02-25 07:16:24 INFO  [] o.s.o.j.p.SpringPersistenceUnitInfo - No LoadTimeWeaver setup: ignoring JPA class transformer
2026-02-25 07:16:24 INFO  [] com.zaxxer.hikari.HikariDataSource - HikariPool-7 - Starting...
2026-02-25 07:16:27 INFO  [] com.zaxxer.hikari.pool.HikariPool - HikariPool-7 - Added connection org.postgresql.jdbc.PgConnection@39df3444
2026-02-25 07:16:27 INFO  [] com.zaxxer.hikari.HikariDataSource - HikariPool-7 - Start completed.
2026-02-25 07:16:27 WARN  [] org.hibernate.orm.deprecation - HHH90000025: PostgreSQLDialect does not need to be specified explicitly using 'hibernate.dialect' (remove the property setting and it will be selected by default)
2026-02-25 07:16:28 INFO  [] o.hibernate.orm.connections.pooling - HHH10001005: Database info:
	Database JDBC URL [Connecting through datasource 'HikariDataSource (HikariPool-7)']
	Database driver: undefined/unknown
	Database version: 17.8
	Autocommit mode: undefined/unknown
	Isolation level: undefined/unknown
	Minimum pool size: undefined/unknown
	Maximum pool size: undefined/unknown
2026-02-25 07:16:28 INFO  [] o.h.e.t.j.p.i.JtaPlatformInitiator - HHH000489: No JTA platform available (set 'hibernate.transaction.jta.platform' to enable JTA platform integration)
2026-02-25 07:16:43 INFO  [] o.s.o.j.LocalContainerEntityManagerFactoryBean - Initialized JPA EntityManagerFactory for persistence unit 'default'
2026-02-25 07:16:43 DEBUG [] c.s.s.s.JwtAuthenticationFilter - Filter 'jwtAuthenticationFilter' configured for use
2026-02-25 07:16:43 INFO  [] o.s.s.c.a.a.c.InitializeAuthenticationProviderBeanManagerConfigurer$InitializeAuthenticationProviderManagerConfigurer - Global AuthenticationManager configured with AuthenticationProvider bean with name authenticationProvider
2026-02-25 07:16:43 WARN  [] o.s.s.c.a.a.c.InitializeUserDetailsBeanManagerConfigurer$InitializeUserDetailsManagerConfigurer - Global AuthenticationManager configured with an AuthenticationProvider bean. UserDetailsService beans will not be used by Spring Security for automatically configuring username/password login. Consider removing the AuthenticationProvider bean. Alternatively, consider using the UserDetailsService in a manually instantiated DaoAuthenticationProvider. If the current configuration is intentional, to turn off this warning, increase the logging level of 'org.springframework.security.config.annotation.authentication.configuration.InitializeUserDetailsBeanManagerConfigurer' to ERROR
2026-02-25 07:16:43 WARN  [] o.s.b.a.o.j.JpaBaseConfiguration$JpaWebConfiguration - spring.jpa.open-in-view is enabled by default. Therefore, database queries may be performed during view rendering. Explicitly configure spring.jpa.open-in-view to disable this warning
2026-02-25 07:16:43 INFO  [] o.s.b.a.h.H2ConsoleAutoConfiguration - H2 console available at '/h2-console'. Database available at 'jdbc:postgresql://ep-blue-field-afvby5th-pooler.c-2.us-west-2.aws.neon.tech/neondb?sslmode=require'
2026-02-25 07:16:43 INFO  [] o.s.b.d.a.OptionalLiveReloadServer - LiveReload server is running on port 35729
2026-02-25 07:16:43 INFO  [] o.a.coyote.http11.Http11NioProtocol - Starting ProtocolHandler ["http-nio-0.0.0.0-8081"]
2026-02-25 07:16:43 INFO  [] o.s.b.w.e.tomcat.TomcatWebServer - Tomcat started on port 8081 (http) with context path '/'
2026-02-25 07:16:43 INFO  [] c.s.s.scheduler.DealScheduler - Starting 30-min price sync job
2026-02-25 07:16:43 INFO  [] c.s.snatchmart.SnatchMartApplication - Started SnatchMartApplication in 19.027 seconds (process running for 231.121)
2026-02-25 07:16:43 INFO  [] c.s.s.s.s.AffiliateSyncServiceImpl - Synced 0 deals from amazon
2026-02-25 07:16:43 DEBUG [] c.s.s.i.FlipkartAffiliateClient - Flipkart affiliate not configured (missing id/token), skipping
2026-02-25 07:16:43 INFO  [] c.s.s.s.s.AffiliateSyncServiceImpl - Synced 0 deals from flipkart
2026-02-25 07:16:43 INFO  [] o.s.b.d.a.ConditionEvaluationDeltaLoggingListener - Condition evaluation unchanged
2026-02-25 07:17:06 INFO  [] o.s.b.w.e.tomcat.GracefulShutdown - Commencing graceful shutdown. Waiting for active requests to complete
2026-02-25 07:17:06 INFO  [] o.s.b.w.e.tomcat.GracefulShutdown - Graceful shutdown complete
2026-02-25 07:17:06 INFO  [] o.s.o.j.LocalContainerEntityManagerFactoryBean - Closing JPA EntityManagerFactory for persistence unit 'default'
2026-02-25 07:17:06 INFO  [] com.zaxxer.hikari.HikariDataSource - HikariPool-7 - Shutdown initiated...
2026-02-25 07:17:09 INFO  [] com.zaxxer.hikari.HikariDataSource - HikariPool-7 - Shutdown completed.
2026-02-25 07:17:13 INFO  [] o.h.validator.internal.util.Version - HV000001: Hibernate Validator 8.0.3.Final
2026-02-25 07:17:13 INFO  [] c.s.snatchmart.SnatchMartApplication - Starting SnatchMartApplication using Java 21.0.9 with PID 6604 (/Users/pulkitgiddu/Documents/Code/Backend/snatchMart/target/classes started by pulkitgiddu in /Users/pulkitgiddu/Documents/Code/Backend/snatchMart)
2026-02-25 07:17:13 DEBUG [] c.s.snatchmart.SnatchMartApplication - Running with Spring Boot v3.5.6, Spring v6.2.11
2026-02-25 07:17:13 INFO  [] c.s.snatchmart.SnatchMartApplication - The following 1 profile is active: "local"
2026-02-25 07:17:13 INFO  [] o.s.b.d.e.DevToolsPropertyDefaultsPostProcessor - Devtools property defaults active! Set 'spring.devtools.add-properties' to 'false' to disable
2026-02-25 07:17:13 INFO  [] o.s.b.d.e.DevToolsPropertyDefaultsPostProcessor - For additional web related logging consider setting the 'logging.level.web' property to 'DEBUG'
2026-02-25 07:17:13 INFO  [] o.s.d.r.c.RepositoryConfigurationDelegate - Multiple Spring Data modules found, entering strict repository configuration mode
2026-02-25 07:17:13 INFO  [] o.s.d.r.c.RepositoryConfigurationDelegate - Bootstrapping Spring Data JPA repositories in DEFAULT mode.
2026-02-25 07:17:13 INFO  [] o.s.d.r.c.RepositoryConfigurationDelegate - Finished Spring Data repository scanning in 55 ms. Found 12 JPA repository interfaces.
2026-02-25 07:17:13 INFO  [] o.s.b.w.e.tomcat.TomcatWebServer - Tomcat initialized with port 8081 (http)
2026-02-25 07:17:13 INFO  [] o.a.coyote.http11.Http11NioProtocol - Initializing ProtocolHandler ["http-nio-0.0.0.0-8081"]
2026-02-25 07:17:13 INFO  [] o.a.catalina.core.StandardService - Starting service [Tomcat]
2026-02-25 07:17:13 INFO  [] o.a.catalina.core.StandardEngine - Starting Servlet engine: [Apache Tomcat/10.1.46]
2026-02-25 07:17:13 INFO  [] o.a.c.c.C.[Tomcat].[localhost].[/] - Initializing Spring embedded WebApplicationContext
2026-02-25 07:17:13 INFO  [] o.s.b.w.s.c.ServletWebServerApplicationContext - Root WebApplicationContext: initialization completed in 552 ms
2026-02-25 07:17:13 INFO  [] o.h.jpa.internal.util.LogHelper - HHH000204: Processing PersistenceUnitInfo [name: default]
2026-02-25 07:17:13 INFO  [] org.hibernate.Version - HHH000412: Hibernate ORM core version 6.6.29.Final
2026-02-25 07:17:13 INFO  [] o.h.c.i.RegionFactoryInitiator - HHH000026: Second-level cache disabled
2026-02-25 07:17:14 INFO  [] o.s.o.j.p.SpringPersistenceUnitInfo - No LoadTimeWeaver setup: ignoring JPA class transformer
2026-02-25 07:17:14 INFO  [] com.zaxxer.hikari.HikariDataSource - HikariPool-1 - Starting...
2026-02-25 07:17:16 INFO  [] com.zaxxer.hikari.pool.HikariPool - HikariPool-1 - Added connection org.postgresql.jdbc.PgConnection@68689567
2026-02-25 07:17:16 INFO  [] com.zaxxer.hikari.HikariDataSource - HikariPool-1 - Start completed.
2026-02-25 07:17:17 WARN  [] org.hibernate.orm.deprecation - HHH90000025: PostgreSQLDialect does not need to be specified explicitly using 'hibernate.dialect' (remove the property setting and it will be selected by default)
2026-02-25 07:17:17 INFO  [] o.hibernate.orm.connections.pooling - HHH10001005: Database info:
	Database JDBC URL [Connecting through datasource 'HikariDataSource (HikariPool-1)']
	Database driver: undefined/unknown
	Database version: 17.8
	Autocommit mode: undefined/unknown
	Isolation level: undefined/unknown
	Minimum pool size: undefined/unknown
	Maximum pool size: undefined/unknown
2026-02-25 07:17:18 INFO  [] o.h.e.t.j.p.i.JtaPlatformInitiator - HHH000489: No JTA platform available (set 'hibernate.transaction.jta.platform' to enable JTA platform integration)
2026-02-25 07:17:33 INFO  [] o.s.o.j.LocalContainerEntityManagerFactoryBean - Initialized JPA EntityManagerFactory for persistence unit 'default'
2026-02-25 07:17:34 INFO  [] o.s.d.j.r.query.QueryEnhancerFactory - Hibernate is in classpath; If applicable, HQL parser will be used.
2026-02-25 07:17:34 DEBUG [] c.s.s.s.JwtAuthenticationFilter - Filter 'jwtAuthenticationFilter' configured for use
2026-02-25 07:17:34 INFO  [] o.s.s.c.a.a.c.InitializeAuthenticationProviderBeanManagerConfigurer$InitializeAuthenticationProviderManagerConfigurer - Global AuthenticationManager configured with AuthenticationProvider bean with name authenticationProvider
2026-02-25 07:17:34 WARN  [] o.s.s.c.a.a.c.InitializeUserDetailsBeanManagerConfigurer$InitializeUserDetailsManagerConfigurer - Global AuthenticationManager configured with an AuthenticationProvider bean. UserDetailsService beans will not be used by Spring Security for automatically configuring username/password login. Consider removing the AuthenticationProvider bean. Alternatively, consider using the UserDetailsService in a manually instantiated DaoAuthenticationProvider. If the current configuration is intentional, to turn off this warning, increase the logging level of 'org.springframework.security.config.annotation.authentication.configuration.InitializeUserDetailsBeanManagerConfigurer' to ERROR
2026-02-25 07:17:34 WARN  [] o.s.b.a.o.j.JpaBaseConfiguration$JpaWebConfiguration - spring.jpa.open-in-view is enabled by default. Therefore, database queries may be performed during view rendering. Explicitly configure spring.jpa.open-in-view to disable this warning
2026-02-25 07:17:34 INFO  [] o.s.b.a.h.H2ConsoleAutoConfiguration - H2 console available at '/h2-console'. Database available at 'jdbc:postgresql://ep-blue-field-afvby5th-pooler.c-2.us-west-2.aws.neon.tech/neondb?sslmode=require'
2026-02-25 07:17:35 INFO  [] o.s.b.d.a.OptionalLiveReloadServer - LiveReload server is running on port 35729
2026-02-25 07:17:35 INFO  [] o.a.coyote.http11.Http11NioProtocol - Starting ProtocolHandler ["http-nio-0.0.0.0-8081"]
2026-02-25 07:17:35 INFO  [] o.s.b.w.e.tomcat.TomcatWebServer - Tomcat started on port 8081 (http) with context path '/'
2026-02-25 07:17:35 INFO  [] c.s.snatchmart.SnatchMartApplication - Started SnatchMartApplication in 21.879 seconds (process running for 22.006)
2026-02-25 07:17:35 INFO  [] c.s.s.scheduler.DealScheduler - Starting 30-min price sync job
2026-02-25 07:17:35 INFO  [] c.s.s.s.s.AffiliateSyncServiceImpl - Synced 0 deals from amazon
2026-02-25 07:17:35 DEBUG [] c.s.s.i.FlipkartAffiliateClient - Flipkart affiliate not configured (missing id/token), skipping
2026-02-25 07:17:35 INFO  [] c.s.s.s.s.AffiliateSyncServiceImpl - Synced 0 deals from flipkart
2026-02-25 07:21:17 INFO  [] o.s.b.d.a.LocalDevToolsAutoConfiguration$RestartingClassPathChangeChangedEventListener - Restarting due to 1 class path change (1 addition, 0 deletions, 0 modifications)
2026-02-25 07:21:17 INFO  [] o.s.b.w.e.tomcat.GracefulShutdown - Commencing graceful shutdown. Waiting for active requests to complete
2026-02-25 07:21:17 INFO  [] o.a.coyote.http11.Http11NioProtocol - Pausing ProtocolHandler ["http-nio-0.0.0.0-8081"]
2026-02-25 07:21:17 INFO  [] o.s.b.w.e.tomcat.GracefulShutdown - Graceful shutdown complete
2026-02-25 07:21:17 INFO  [] o.a.coyote.http11.Http11NioProtocol - Stopping ProtocolHandler ["http-nio-0.0.0.0-8081"]
2026-02-25 07:21:17 INFO  [] o.s.o.j.LocalContainerEntityManagerFactoryBean - Closing JPA EntityManagerFactory for persistence unit 'default'
2026-02-25 07:21:17 INFO  [] com.zaxxer.hikari.HikariDataSource - HikariPool-1 - Shutdown initiated...
2026-02-25 07:21:20 INFO  [] com.zaxxer.hikari.HikariDataSource - HikariPool-1 - Shutdown completed.
2026-02-25 07:21:20 INFO  [] c.s.snatchmart.SnatchMartApplication - Starting SnatchMartApplication using Java 21.0.9 with PID 6604 (/Users/pulkitgiddu/Documents/Code/Backend/snatchMart/target/classes started by pulkitgiddu in /Users/pulkitgiddu/Documents/Code/Backend/snatchMart)
2026-02-25 07:21:20 DEBUG [] c.s.snatchmart.SnatchMartApplication - Running with Spring Boot v3.5.6, Spring v6.2.11
2026-02-25 07:21:20 INFO  [] c.s.snatchmart.SnatchMartApplication - The following 1 profile is active: "local"
2026-02-25 07:21:20 INFO  [] o.s.d.r.c.RepositoryConfigurationDelegate - Multiple Spring Data modules found, entering strict repository configuration mode
2026-02-25 07:21:20 INFO  [] o.s.d.r.c.RepositoryConfigurationDelegate - Bootstrapping Spring Data JPA repositories in DEFAULT mode.
2026-02-25 07:21:20 INFO  [] o.s.d.r.c.RepositoryConfigurationDelegate - Finished Spring Data repository scanning in 10 ms. Found 12 JPA repository interfaces.
2026-02-25 07:21:20 INFO  [] o.s.b.w.e.tomcat.TomcatWebServer - Tomcat initialized with port 8081 (http)
2026-02-25 07:21:20 INFO  [] o.a.coyote.http11.Http11NioProtocol - Initializing ProtocolHandler ["http-nio-0.0.0.0-8081"]
2026-02-25 07:21:20 INFO  [] o.a.catalina.core.StandardService - Starting service [Tomcat]
2026-02-25 07:21:20 INFO  [] o.a.catalina.core.StandardEngine - Starting Servlet engine: [Apache Tomcat/10.1.46]
2026-02-25 07:21:20 INFO  [] o.a.c.c.C.[Tomcat].[localhost].[/] - Initializing Spring embedded WebApplicationContext
2026-02-25 07:21:20 INFO  [] o.s.b.w.s.c.ServletWebServerApplicationContext - Root WebApplicationContext: initialization completed in 178 ms
2026-02-25 07:21:20 INFO  [] o.h.jpa.internal.util.LogHelper - HHH000204: Processing PersistenceUnitInfo [name: default]
2026-02-25 07:21:20 INFO  [] o.h.c.i.RegionFactoryInitiator - HHH000026: Second-level cache disabled
2026-02-25 07:21:20 INFO  [] o.s.o.j.p.SpringPersistenceUnitInfo - No LoadTimeWeaver setup: ignoring JPA class transformer
2026-02-25 07:21:20 INFO  [] com.zaxxer.hikari.HikariDataSource - HikariPool-2 - Starting...
2026-02-25 07:21:23 INFO  [] com.zaxxer.hikari.pool.HikariPool - HikariPool-2 - Added connection org.postgresql.jdbc.PgConnection@9c39325
2026-02-25 07:21:23 INFO  [] com.zaxxer.hikari.HikariDataSource - HikariPool-2 - Start completed.
2026-02-25 07:21:23 WARN  [] org.hibernate.orm.deprecation - HHH90000025: PostgreSQLDialect does not need to be specified explicitly using 'hibernate.dialect' (remove the property setting and it will be selected by default)
2026-02-25 07:21:24 INFO  [] o.hibernate.orm.connections.pooling - HHH10001005: Database info:
	Database JDBC URL [Connecting through datasource 'HikariDataSource (HikariPool-2)']
	Database driver: undefined/unknown
	Database version: 17.8
	Autocommit mode: undefined/unknown
	Isolation level: undefined/unknown
	Minimum pool size: undefined/unknown
	Maximum pool size: undefined/unknown
2026-02-25 07:21:24 INFO  [] o.h.e.t.j.p.i.JtaPlatformInitiator - HHH000489: No JTA platform available (set 'hibernate.transaction.jta.platform' to enable JTA platform integration)
2026-02-25 07:21:39 INFO  [] o.s.o.j.LocalContainerEntityManagerFactoryBean - Initialized JPA EntityManagerFactory for persistence unit 'default'
2026-02-25 07:21:39 DEBUG [] c.s.s.s.JwtAuthenticationFilter - Filter 'jwtAuthenticationFilter' configured for use
2026-02-25 07:21:39 INFO  [] o.s.s.c.a.a.c.InitializeAuthenticationProviderBeanManagerConfigurer$InitializeAuthenticationProviderManagerConfigurer - Global AuthenticationManager configured with AuthenticationProvider bean with name authenticationProvider
2026-02-25 07:21:39 WARN  [] o.s.s.c.a.a.c.InitializeUserDetailsBeanManagerConfigurer$InitializeUserDetailsManagerConfigurer - Global AuthenticationManager configured with an AuthenticationProvider bean. UserDetailsService beans will not be used by Spring Security for automatically configuring username/password login. Consider removing the AuthenticationProvider bean. Alternatively, consider using the UserDetailsService in a manually instantiated DaoAuthenticationProvider. If the current configuration is intentional, to turn off this warning, increase the logging level of 'org.springframework.security.config.annotation.authentication.configuration.InitializeUserDetailsBeanManagerConfigurer' to ERROR
2026-02-25 07:21:39 WARN  [] o.s.b.a.o.j.JpaBaseConfiguration$JpaWebConfiguration - spring.jpa.open-in-view is enabled by default. Therefore, database queries may be performed during view rendering. Explicitly configure spring.jpa.open-in-view to disable this warning
2026-02-25 07:21:39 INFO  [] o.s.b.a.h.H2ConsoleAutoConfiguration - H2 console available at '/h2-console'. Database available at 'jdbc:postgresql://ep-blue-field-afvby5th-pooler.c-2.us-west-2.aws.neon.tech/neondb?sslmode=require'
2026-02-25 07:21:39 INFO  [] o.s.b.d.a.OptionalLiveReloadServer - LiveReload server is running on port 35729
2026-02-25 07:21:39 INFO  [] o.a.coyote.http11.Http11NioProtocol - Starting ProtocolHandler ["http-nio-0.0.0.0-8081"]
2026-02-25 07:21:39 INFO  [] o.s.b.w.e.tomcat.TomcatWebServer - Tomcat started on port 8081 (http) with context path '/'
2026-02-25 07:21:39 INFO  [] c.s.s.scheduler.DealScheduler - Starting 30-min price sync job
2026-02-25 07:21:39 INFO  [] c.s.snatchmart.SnatchMartApplication - Started SnatchMartApplication in 18.954 seconds (process running for 266.236)
2026-02-25 07:21:39 INFO  [] c.s.s.s.s.AffiliateSyncServiceImpl - Synced 0 deals from amazon
2026-02-25 07:21:39 DEBUG [] c.s.s.i.FlipkartAffiliateClient - Flipkart affiliate not configured (missing id/token), skipping
2026-02-25 07:21:39 INFO  [] c.s.s.s.s.AffiliateSyncServiceImpl - Synced 0 deals from flipkart
2026-02-25 07:21:39 INFO  [] o.s.b.d.a.ConditionEvaluationDeltaLoggingListener - Condition evaluation unchanged
2026-02-25 07:22:44 INFO  [] o.a.c.c.C.[Tomcat].[localhost].[/] - Initializing Spring DispatcherServlet 'dispatcherServlet'
2026-02-25 07:22:44 INFO  [] o.s.web.servlet.DispatcherServlet - Initializing Servlet 'dispatcherServlet'
2026-02-25 07:22:44 INFO  [] o.s.web.servlet.DispatcherServlet - Completed initialization in 3 ms
2026-02-25 07:25:59 INFO  [] o.s.b.d.a.LocalDevToolsAutoConfiguration$RestartingClassPathChangeChangedEventListener - Restarting due to 1 class path change (0 additions, 0 deletions, 1 modification)
2026-02-25 07:25:59 INFO  [] o.s.b.w.e.tomcat.GracefulShutdown - Commencing graceful shutdown. Waiting for active requests to complete
2026-02-25 07:25:59 INFO  [] o.a.coyote.http11.Http11NioProtocol - Pausing ProtocolHandler ["http-nio-0.0.0.0-8081"]
2026-02-25 07:25:59 INFO  [] o.s.b.w.e.tomcat.GracefulShutdown - Graceful shutdown complete
2026-02-25 07:25:59 INFO  [] o.a.coyote.http11.Http11NioProtocol - Stopping ProtocolHandler ["http-nio-0.0.0.0-8081"]
2026-02-25 07:25:59 INFO  [] o.s.o.j.LocalContainerEntityManagerFactoryBean - Closing JPA EntityManagerFactory for persistence unit 'default'
2026-02-25 07:25:59 INFO  [] com.zaxxer.hikari.HikariDataSource - HikariPool-2 - Shutdown initiated...
2026-02-25 07:26:01 INFO  [] com.zaxxer.hikari.HikariDataSource - HikariPool-2 - Shutdown completed.
2026-02-25 07:26:01 INFO  [] c.s.snatchmart.SnatchMartApplication - Starting SnatchMartApplication using Java 21.0.9 with PID 6604 (/Users/pulkitgiddu/Documents/Code/Backend/snatchMart/target/classes started by pulkitgiddu in /Users/pulkitgiddu/Documents/Code/Backend/snatchMart)
2026-02-25 07:26:01 DEBUG [] c.s.snatchmart.SnatchMartApplication - Running with Spring Boot v3.5.6, Spring v6.2.11
2026-02-25 07:26:01 INFO  [] c.s.snatchmart.SnatchMartApplication - The following 1 profile is active: "local"
2026-02-25 07:26:01 INFO  [] o.s.d.r.c.RepositoryConfigurationDelegate - Multiple Spring Data modules found, entering strict repository configuration mode
2026-02-25 07:26:01 INFO  [] o.s.d.r.c.RepositoryConfigurationDelegate - Bootstrapping Spring Data JPA repositories in DEFAULT mode.
2026-02-25 07:26:01 INFO  [] o.s.d.r.c.RepositoryConfigurationDelegate - Finished Spring Data repository scanning in 11 ms. Found 12 JPA repository interfaces.
2026-02-25 07:26:02 INFO  [] o.s.b.w.e.tomcat.TomcatWebServer - Tomcat initialized with port 8081 (http)
2026-02-25 07:26:02 INFO  [] o.a.coyote.http11.Http11NioProtocol - Initializing ProtocolHandler ["http-nio-0.0.0.0-8081"]
2026-02-25 07:26:02 INFO  [] o.a.catalina.core.StandardService - Starting service [Tomcat]
2026-02-25 07:26:02 INFO  [] o.a.catalina.core.StandardEngine - Starting Servlet engine: [Apache Tomcat/10.1.46]
2026-02-25 07:26:02 INFO  [] o.a.c.c.C.[Tomcat].[localhost].[/] - Initializing Spring embedded WebApplicationContext
2026-02-25 07:26:02 INFO  [] o.s.b.w.s.c.ServletWebServerApplicationContext - Root WebApplicationContext: initialization completed in 189 ms
2026-02-25 07:26:02 INFO  [] o.h.jpa.internal.util.LogHelper - HHH000204: Processing PersistenceUnitInfo [name: default]
2026-02-25 07:26:02 INFO  [] o.h.c.i.RegionFactoryInitiator - HHH000026: Second-level cache disabled
2026-02-25 07:26:02 INFO  [] o.s.o.j.p.SpringPersistenceUnitInfo - No LoadTimeWeaver setup: ignoring JPA class transformer
2026-02-25 07:26:02 INFO  [] com.zaxxer.hikari.HikariDataSource - HikariPool-3 - Starting...
2026-02-25 07:26:04 INFO  [] com.zaxxer.hikari.pool.HikariPool - HikariPool-3 - Added connection org.postgresql.jdbc.PgConnection@43eb96de
2026-02-25 07:26:04 INFO  [] com.zaxxer.hikari.HikariDataSource - HikariPool-3 - Start completed.
2026-02-25 07:26:04 WARN  [] org.hibernate.orm.deprecation - HHH90000025: PostgreSQLDialect does not need to be specified explicitly using 'hibernate.dialect' (remove the property setting and it will be selected by default)
2026-02-25 07:26:05 INFO  [] o.hibernate.orm.connections.pooling - HHH10001005: Database info:
	Database JDBC URL [Connecting through datasource 'HikariDataSource (HikariPool-3)']
	Database driver: undefined/unknown
	Database version: 17.8
	Autocommit mode: undefined/unknown
	Isolation level: undefined/unknown
	Minimum pool size: undefined/unknown
	Maximum pool size: undefined/unknown
2026-02-25 07:26:05 INFO  [] o.h.e.t.j.p.i.JtaPlatformInitiator - HHH000489: No JTA platform available (set 'hibernate.transaction.jta.platform' to enable JTA platform integration)
2026-02-25 07:26:20 INFO  [] o.s.o.j.LocalContainerEntityManagerFactoryBean - Initialized JPA EntityManagerFactory for persistence unit 'default'
2026-02-25 07:26:20 DEBUG [] c.s.s.s.JwtAuthenticationFilter - Filter 'jwtAuthenticationFilter' configured for use
2026-02-25 07:26:20 INFO  [] o.s.s.c.a.a.c.InitializeAuthenticationProviderBeanManagerConfigurer$InitializeAuthenticationProviderManagerConfigurer - Global AuthenticationManager configured with AuthenticationProvider bean with name authenticationProvider
2026-02-25 07:26:20 WARN  [] o.s.s.c.a.a.c.InitializeUserDetailsBeanManagerConfigurer$InitializeUserDetailsManagerConfigurer - Global AuthenticationManager configured with an AuthenticationProvider bean. UserDetailsService beans will not be used by Spring Security for automatically configuring username/password login. Consider removing the AuthenticationProvider bean. Alternatively, consider using the UserDetailsService in a manually instantiated DaoAuthenticationProvider. If the current configuration is intentional, to turn off this warning, increase the logging level of 'org.springframework.security.config.annotation.authentication.configuration.InitializeUserDetailsBeanManagerConfigurer' to ERROR
2026-02-25 07:26:20 WARN  [] o.s.b.a.o.j.JpaBaseConfiguration$JpaWebConfiguration - spring.jpa.open-in-view is enabled by default. Therefore, database queries may be performed during view rendering. Explicitly configure spring.jpa.open-in-view to disable this warning
2026-02-25 07:26:20 INFO  [] o.s.b.a.h.H2ConsoleAutoConfiguration - H2 console available at '/h2-console'. Database available at 'jdbc:postgresql://ep-blue-field-afvby5th-pooler.c-2.us-west-2.aws.neon.tech/neondb?sslmode=require'
2026-02-25 07:26:20 INFO  [] o.s.b.d.a.OptionalLiveReloadServer - LiveReload server is running on port 35729
2026-02-25 07:26:20 INFO  [] o.a.coyote.http11.Http11NioProtocol - Starting ProtocolHandler ["http-nio-0.0.0.0-8081"]
2026-02-25 07:26:20 INFO  [] o.s.b.w.e.tomcat.TomcatWebServer - Tomcat started on port 8081 (http) with context path '/'
2026-02-25 07:26:20 INFO  [] c.s.s.scheduler.DealScheduler - Starting 30-min price sync job
2026-02-25 07:26:20 INFO  [] c.s.snatchmart.SnatchMartApplication - Started SnatchMartApplication in 18.663 seconds (process running for 547.477)
2026-02-25 07:26:20 INFO  [] c.s.s.s.s.AffiliateSyncServiceImpl - Synced 0 deals from amazon
2026-02-25 07:26:20 INFO  [] o.s.b.d.a.ConditionEvaluationDeltaLoggingListener - Condition evaluation unchanged
2026-02-25 07:26:20 ERROR [] o.s.s.s.TaskUtils$LoggingErrorHandler - Unexpected error occurred in scheduled task
java.lang.Error: Unresolved compilation problem: 
	Collections cannot be resolved

	at com.snatchmart.snatchmart.integration.FlipkartAffiliateClient.fetchLatestDeals(FlipkartAffiliateClient.java:52)
	at com.snatchmart.snatchmart.service.serviceImpl.AffiliateSyncServiceImpl.syncDeals(AffiliateSyncServiceImpl.java:46)
	at java.base/jdk.internal.reflect.DirectMethodHandleAccessor.invoke(DirectMethodHandleAccessor.java:103)
	at java.base/java.lang.reflect.Method.invoke(Method.java:580)
	at org.springframework.aop.support.AopUtils.invokeJoinpointUsingReflection(AopUtils.java:360)
	at org.springframework.aop.framework.ReflectiveMethodInvocation.invokeJoinpoint(ReflectiveMethodInvocation.java:196)
	at org.springframework.aop.framework.ReflectiveMethodInvocation.proceed(ReflectiveMethodInvocation.java:163)
	at org.springframework.transaction.interceptor.TransactionAspectSupport.invokeWithinTransaction(TransactionAspectSupport.java:380)
	at org.springframework.transaction.interceptor.TransactionInterceptor.invoke(TransactionInterceptor.java:119)
	at org.springframework.aop.framework.ReflectiveMethodInvocation.proceed(ReflectiveMethodInvocation.java:184)
	at org.springframework.aop.framework.CglibAopProxy$DynamicAdvisedInterceptor.intercept(CglibAopProxy.java:728)
	at com.snatchmart.snatchmart.service.serviceImpl.AffiliateSyncServiceImpl$$SpringCGLIB$$0.syncDeals(<generated>)
	at com.snatchmart.snatchmart.scheduler.DealScheduler.syncPrices(DealScheduler.java:22)
	at java.base/jdk.internal.reflect.DirectMethodHandleAccessor.invoke(DirectMethodHandleAccessor.java:103)
	at java.base/java.lang.reflect.Method.invoke(Method.java:580)
	at org.springframework.scheduling.support.ScheduledMethodRunnable.runInternal(ScheduledMethodRunnable.java:130)
	at org.springframework.scheduling.support.ScheduledMethodRunnable.lambda$run$2(ScheduledMethodRunnable.java:124)
	at io.micrometer.observation.Observation.observe(Observation.java:498)
	at org.springframework.scheduling.support.ScheduledMethodRunnable.run(ScheduledMethodRunnable.java:124)
	at org.springframework.scheduling.config.Task$OutcomeTrackingRunnable.run(Task.java:85)
	at org.springframework.scheduling.support.DelegatingErrorHandlingRunnable.run(DelegatingErrorHandlingRunnable.java:54)
	at java.base/java.util.concurrent.Executors$RunnableAdapter.call(Executors.java:572)
	at java.base/java.util.concurrent.FutureTask.runAndReset(FutureTask.java:358)
	at java.base/java.util.concurrent.ScheduledThreadPoolExecutor$ScheduledFutureTask.run(ScheduledThreadPoolExecutor.java:305)
	at java.base/java.util.concurrent.ThreadPoolExecutor.runWorker(ThreadPoolExecutor.java:1144)
	at java.base/java.util.concurrent.ThreadPoolExecutor$Worker.run(ThreadPoolExecutor.java:642)
	at java.base/java.lang.Thread.run(Thread.java:1583)
2026-02-25 07:26:21 INFO  [] o.s.b.d.a.LocalDevToolsAutoConfiguration$RestartingClassPathChangeChangedEventListener - Restarting due to 2 class path changes (0 additions, 0 deletions, 2 modifications)
2026-02-25 07:26:21 INFO  [] o.s.b.w.e.tomcat.GracefulShutdown - Commencing graceful shutdown. Waiting for active requests to complete
2026-02-25 07:26:21 INFO  [] o.a.coyote.http11.Http11NioProtocol - Pausing ProtocolHandler ["http-nio-0.0.0.0-8081"]
2026-02-25 07:26:21 INFO  [] o.s.b.w.e.tomcat.GracefulShutdown - Graceful shutdown complete
2026-02-25 07:26:21 INFO  [] o.a.coyote.http11.Http11NioProtocol - Stopping ProtocolHandler ["http-nio-0.0.0.0-8081"]
2026-02-25 07:26:21 INFO  [] o.s.o.j.LocalContainerEntityManagerFactoryBean - Closing JPA EntityManagerFactory for persistence unit 'default'
2026-02-25 07:26:21 INFO  [] com.zaxxer.hikari.HikariDataSource - HikariPool-3 - Shutdown initiated...
2026-02-25 07:26:24 INFO  [] com.zaxxer.hikari.HikariDataSource - HikariPool-3 - Shutdown completed.
2026-02-25 07:26:24 INFO  [] c.s.snatchmart.SnatchMartApplication - Starting SnatchMartApplication using Java 21.0.9 with PID 6604 (/Users/pulkitgiddu/Documents/Code/Backend/snatchMart/target/classes started by pulkitgiddu in /Users/pulkitgiddu/Documents/Code/Backend/snatchMart)
2026-02-25 07:26:24 DEBUG [] c.s.snatchmart.SnatchMartApplication - Running with Spring Boot v3.5.6, Spring v6.2.11
2026-02-25 07:26:24 INFO  [] c.s.snatchmart.SnatchMartApplication - The following 1 profile is active: "local"
2026-02-25 07:26:24 INFO  [] o.s.d.r.c.RepositoryConfigurationDelegate - Multiple Spring Data modules found, entering strict repository configuration mode
2026-02-25 07:26:24 INFO  [] o.s.d.r.c.RepositoryConfigurationDelegate - Bootstrapping Spring Data JPA repositories in DEFAULT mode.
2026-02-25 07:26:24 INFO  [] o.s.d.r.c.RepositoryConfigurationDelegate - Finished Spring Data repository scanning in 9 ms. Found 12 JPA repository interfaces.
2026-02-25 07:26:24 INFO  [] o.s.b.w.e.tomcat.TomcatWebServer - Tomcat initialized with port 8081 (http)
2026-02-25 07:26:24 INFO  [] o.a.coyote.http11.Http11NioProtocol - Initializing ProtocolHandler ["http-nio-0.0.0.0-8081"]
2026-02-25 07:26:24 INFO  [] o.a.catalina.core.StandardService - Starting service [Tomcat]
2026-02-25 07:26:24 INFO  [] o.a.catalina.core.StandardEngine - Starting Servlet engine: [Apache Tomcat/10.1.46]
2026-02-25 07:26:24 INFO  [] o.a.c.c.C.[Tomcat].[localhost].[/] - Initializing Spring embedded WebApplicationContext
2026-02-25 07:26:24 INFO  [] o.s.b.w.s.c.ServletWebServerApplicationContext - Root WebApplicationContext: initialization completed in 142 ms
2026-02-25 07:26:24 INFO  [] o.h.jpa.internal.util.LogHelper - HHH000204: Processing PersistenceUnitInfo [name: default]
2026-02-25 07:26:24 INFO  [] o.h.c.i.RegionFactoryInitiator - HHH000026: Second-level cache disabled
2026-02-25 07:26:24 INFO  [] o.s.o.j.p.SpringPersistenceUnitInfo - No LoadTimeWeaver setup: ignoring JPA class transformer
2026-02-25 07:26:24 INFO  [] com.zaxxer.hikari.HikariDataSource - HikariPool-4 - Starting...
2026-02-25 07:26:27 INFO  [] com.zaxxer.hikari.pool.HikariPool - HikariPool-4 - Added connection org.postgresql.jdbc.PgConnection@77ff11ee
2026-02-25 07:26:27 INFO  [] com.zaxxer.hikari.HikariDataSource - HikariPool-4 - Start completed.
2026-02-25 07:26:27 WARN  [] org.hibernate.orm.deprecation - HHH90000025: PostgreSQLDialect does not need to be specified explicitly using 'hibernate.dialect' (remove the property setting and it will be selected by default)
2026-02-25 07:26:28 INFO  [] o.hibernate.orm.connections.pooling - HHH10001005: Database info:
	Database JDBC URL [Connecting through datasource 'HikariDataSource (HikariPool-4)']
	Database driver: undefined/unknown
	Database version: 17.8
	Autocommit mode: undefined/unknown
	Isolation level: undefined/unknown
	Minimum pool size: undefined/unknown
	Maximum pool size: undefined/unknown
2026-02-25 07:26:28 INFO  [] o.h.e.t.j.p.i.JtaPlatformInitiator - HHH000489: No JTA platform available (set 'hibernate.transaction.jta.platform' to enable JTA platform integration)
2026-02-25 07:26:43 INFO  [] o.s.o.j.LocalContainerEntityManagerFactoryBean - Initialized JPA EntityManagerFactory for persistence unit 'default'
2026-02-25 07:26:44 DEBUG [] c.s.s.s.JwtAuthenticationFilter - Filter 'jwtAuthenticationFilter' configured for use
2026-02-25 07:26:44 INFO  [] o.s.s.c.a.a.c.InitializeAuthenticationProviderBeanManagerConfigurer$InitializeAuthenticationProviderManagerConfigurer - Global AuthenticationManager configured with AuthenticationProvider bean with name authenticationProvider
2026-02-25 07:26:44 WARN  [] o.s.s.c.a.a.c.InitializeUserDetailsBeanManagerConfigurer$InitializeUserDetailsManagerConfigurer - Global AuthenticationManager configured with an AuthenticationProvider bean. UserDetailsService beans will not be used by Spring Security for automatically configuring username/password login. Consider removing the AuthenticationProvider bean. Alternatively, consider using the UserDetailsService in a manually instantiated DaoAuthenticationProvider. If the current configuration is intentional, to turn off this warning, increase the logging level of 'org.springframework.security.config.annotation.authentication.configuration.InitializeUserDetailsBeanManagerConfigurer' to ERROR
2026-02-25 07:26:44 WARN  [] o.s.b.a.o.j.JpaBaseConfiguration$JpaWebConfiguration - spring.jpa.open-in-view is enabled by default. Therefore, database queries may be performed during view rendering. Explicitly configure spring.jpa.open-in-view to disable this warning
2026-02-25 07:26:44 INFO  [] o.s.b.a.h.H2ConsoleAutoConfiguration - H2 console available at '/h2-console'. Database available at 'jdbc:postgresql://ep-blue-field-afvby5th-pooler.c-2.us-west-2.aws.neon.tech/neondb?sslmode=require'
2026-02-25 07:26:44 INFO  [] o.s.b.d.a.OptionalLiveReloadServer - LiveReload server is running on port 35729
2026-02-25 07:26:44 INFO  [] o.a.coyote.http11.Http11NioProtocol - Starting ProtocolHandler ["http-nio-0.0.0.0-8081"]
2026-02-25 07:26:44 INFO  [] o.s.b.w.e.tomcat.TomcatWebServer - Tomcat started on port 8081 (http) with context path '/'
2026-02-25 07:26:44 INFO  [] c.s.s.scheduler.DealScheduler - Starting 30-min price sync job
2026-02-25 07:26:44 INFO  [] c.s.snatchmart.SnatchMartApplication - Started SnatchMartApplication in 19.503 seconds (process running for 571.268)
2026-02-25 07:26:44 INFO  [] c.s.s.s.s.AffiliateSyncServiceImpl - Synced 0 deals from amazon
2026-02-25 07:26:44 INFO  [] c.s.s.i.FlipkartAffiliateClient - Flipkart affiliate not configured; using dummy deals for UI
2026-02-25 07:26:44 INFO  [] o.s.b.d.a.ConditionEvaluationDeltaLoggingListener - Condition evaluation unchanged
2026-02-25 07:26:50 INFO  [] c.s.s.s.s.AffiliateSyncServiceImpl - Synced 5 deals from flipkart
2026-02-25 07:28:03 INFO  [] o.a.c.c.C.[Tomcat].[localhost].[/] - Initializing Spring DispatcherServlet 'dispatcherServlet'
2026-02-25 07:28:03 INFO  [] o.s.web.servlet.DispatcherServlet - Initializing Servlet 'dispatcherServlet'
2026-02-25 07:28:03 INFO  [] o.s.web.servlet.DispatcherServlet - Completed initialization in 8 ms
2026-02-25 07:56:44 INFO  [] c.s.s.scheduler.DealScheduler - Starting 30-min price sync job
2026-02-25 07:56:44 INFO  [] c.s.s.s.s.AffiliateSyncServiceImpl - Synced 0 deals from amazon
2026-02-25 07:56:44 INFO  [] c.s.s.i.FlipkartAffiliateClient - Flipkart affiliate not configured; using dummy deals for UI
2026-02-25 07:56:46 INFO  [] c.s.s.s.s.AffiliateSyncServiceImpl - Synced 5 deals from flipkart
2026-02-25 08:26:44 INFO  [] c.s.s.scheduler.DealScheduler - Starting 30-min price sync job
2026-02-25 08:26:44 INFO  [] c.s.s.s.s.AffiliateSyncServiceImpl - Synced 0 deals from amazon
2026-02-25 08:26:44 INFO  [] c.s.s.i.FlipkartAffiliateClient - Flipkart affiliate not configured; using dummy deals for UI
2026-02-25 08:26:47 INFO  [] c.s.s.s.s.AffiliateSyncServiceImpl - Synced 5 deals from flipkart
2026-02-25 08:56:44 INFO  [] c.s.s.scheduler.DealScheduler - Starting 30-min price sync job
2026-02-25 08:56:44 INFO  [] c.s.s.s.s.AffiliateSyncServiceImpl - Synced 0 deals from amazon
2026-02-25 08:56:44 INFO  [] c.s.s.i.FlipkartAffiliateClient - Flipkart affiliate not configured; using dummy deals for UI
2026-02-25 08:56:47 INFO  [] c.s.s.s.s.AffiliateSyncServiceImpl - Synced 5 deals from flipkart
2026-02-25 09:19:54 WARN  [] com.zaxxer.hikari.pool.PoolBase - HikariPool-4 - Failed to validate connection org.postgresql.jdbc.PgConnection@55d75f8f (This connection has been closed.). Possibly consider using a shorter maxLifetime value.
2026-02-25 09:19:59 WARN  [] com.zaxxer.hikari.pool.PoolBase - HikariPool-4 - Failed to validate connection org.postgresql.jdbc.PgConnection@d97fc90 (This connection has been closed.). Possibly consider using a shorter maxLifetime value.
2026-02-25 09:20:04 WARN  [] com.zaxxer.hikari.pool.PoolBase - HikariPool-4 - Failed to validate connection org.postgresql.jdbc.PgConnection@6253f18a (This connection has been closed.). Possibly consider using a shorter maxLifetime value.
2026-02-25 09:20:09 WARN  [] com.zaxxer.hikari.pool.PoolBase - HikariPool-4 - Failed to validate connection org.postgresql.jdbc.PgConnection@3d9d8bc6 (This connection has been closed.). Possibly consider using a shorter maxLifetime value.
2026-02-25 09:20:14 WARN  [] com.zaxxer.hikari.pool.PoolBase - HikariPool-4 - Failed to validate connection org.postgresql.jdbc.PgConnection@f5c9399 (This connection has been closed.). Possibly consider using a shorter maxLifetime value.
2026-02-25 09:20:24 WARN  [] com.zaxxer.hikari.pool.PoolBase - HikariPool-4 - Failed to validate connection org.postgresql.jdbc.PgConnection@72feec59 (This connection has been closed.). Possibly consider using a shorter maxLifetime value.
2026-02-25 09:20:51 WARN  [] com.zaxxer.hikari.pool.PoolBase - HikariPool-4 - Failed to validate connection org.postgresql.jdbc.PgConnection@31fe5f97 (This connection has been closed.). Possibly consider using a shorter maxLifetime value.
2026-02-25 09:20:56 WARN  [] com.zaxxer.hikari.pool.PoolBase - HikariPool-4 - Failed to validate connection org.postgresql.jdbc.PgConnection@5fcc614d (This connection has been closed.). Possibly consider using a shorter maxLifetime value.
2026-02-25 09:21:03 WARN  [] com.zaxxer.hikari.pool.PoolBase - HikariPool-4 - Failed to validate connection org.postgresql.jdbc.PgConnection@5efeca50 (This connection has been closed.). Possibly consider using a shorter maxLifetime value.
2026-02-25 09:21:32 WARN  [] com.zaxxer.hikari.pool.PoolBase - HikariPool-4 - Failed to validate connection org.postgresql.jdbc.PgConnection@690de3a0 (This connection has been closed.). Possibly consider using a shorter maxLifetime value.
2026-02-25 09:21:35 WARN  [] com.zaxxer.hikari.pool.PoolBase - HikariPool-4 - Pool is empty, failed to create/setup connection (8e7cd9c6-abd6-49dd-8dbc-2b4267f3eccf)
org.postgresql.util.PSQLException: The connection attempt failed.
	at org.postgresql.core.v3.ConnectionFactoryImpl.openConnectionImpl(ConnectionFactoryImpl.java:385)
	at org.postgresql.core.ConnectionFactory.openConnection(ConnectionFactory.java:57)
	at org.postgresql.jdbc.PgConnection.<init>(PgConnection.java:277)
	at org.postgresql.Driver.makeConnection(Driver.java:448)
	at org.postgresql.Driver.connect(Driver.java:298)
	at com.zaxxer.hikari.util.DriverDataSource.getConnection(DriverDataSource.java:144)
	at com.zaxxer.hikari.pool.PoolBase.newConnection(PoolBase.java:370)
	at com.zaxxer.hikari.pool.PoolBase.newPoolEntry(PoolBase.java:207)
	at com.zaxxer.hikari.pool.HikariPool.createPoolEntry(HikariPool.java:488)
	at com.zaxxer.hikari.pool.HikariPool$PoolEntryCreator.call(HikariPool.java:752)
	at com.zaxxer.hikari.pool.HikariPool$PoolEntryCreator.call(HikariPool.java:731)
	at java.base/java.util.concurrent.FutureTask.run(FutureTask.java:317)
	at java.base/java.util.concurrent.ThreadPoolExecutor.runWorker(ThreadPoolExecutor.java:1144)
	at java.base/java.util.concurrent.ThreadPoolExecutor$Worker.run(ThreadPoolExecutor.java:642)
	at java.base/java.lang.Thread.run(Thread.java:1583)
Caused by: java.net.UnknownHostException: ep-blue-field-afvby5th-pooler.c-2.us-west-2.aws.neon.tech
	at java.base/sun.nio.ch.NioSocketImpl.connect(NioSocketImpl.java:567)
	at java.base/java.net.SocksSocketImpl.connect(SocksSocketImpl.java:327)
	at java.base/java.net.Socket.connect(Socket.java:751)
	at org.postgresql.core.PGStream.createSocket(PGStream.java:261)
	at org.postgresql.core.PGStream.<init>(PGStream.java:122)
	at org.postgresql.core.v3.ConnectionFactoryImpl.tryConnect(ConnectionFactoryImpl.java:146)
	at org.postgresql.core.v3.ConnectionFactoryImpl.openConnectionImpl(ConnectionFactoryImpl.java:289)
	... 14 common frames omitted
2026-02-25 09:22:40 WARN  [] com.zaxxer.hikari.pool.PoolBase - HikariPool-4 - Pool is empty, failed to create/setup connection (e0ccfef6-69eb-4353-bae9-78debc7fa0cc)
org.postgresql.util.PSQLException: The connection attempt failed.
	at org.postgresql.core.v3.ConnectionFactoryImpl.openConnectionImpl(ConnectionFactoryImpl.java:385)
	at org.postgresql.core.ConnectionFactory.openConnection(ConnectionFactory.java:57)
	at org.postgresql.jdbc.PgConnection.<init>(PgConnection.java:277)
	at org.postgresql.Driver.makeConnection(Driver.java:448)
	at org.postgresql.Driver.connect(Driver.java:298)
	at com.zaxxer.hikari.util.DriverDataSource.getConnection(DriverDataSource.java:144)
	at com.zaxxer.hikari.pool.PoolBase.newConnection(PoolBase.java:370)
	at com.zaxxer.hikari.pool.PoolBase.newPoolEntry(PoolBase.java:207)
	at com.zaxxer.hikari.pool.HikariPool.createPoolEntry(HikariPool.java:488)
	at com.zaxxer.hikari.pool.HikariPool$PoolEntryCreator.call(HikariPool.java:752)
	at com.zaxxer.hikari.pool.HikariPool$PoolEntryCreator.call(HikariPool.java:731)
	at java.base/java.util.concurrent.FutureTask.run(FutureTask.java:317)
	at java.base/java.util.concurrent.ThreadPoolExecutor.runWorker(ThreadPoolExecutor.java:1144)
	at java.base/java.util.concurrent.ThreadPoolExecutor$Worker.run(ThreadPoolExecutor.java:642)
	at java.base/java.lang.Thread.run(Thread.java:1583)
Caused by: java.net.UnknownHostException: ep-blue-field-afvby5th-pooler.c-2.us-west-2.aws.neon.tech
	at java.base/sun.nio.ch.NioSocketImpl.connect(NioSocketImpl.java:567)
	at java.base/java.net.SocksSocketImpl.connect(SocksSocketImpl.java:327)
	at java.base/java.net.Socket.connect(Socket.java:751)
	at org.postgresql.core.PGStream.createSocket(PGStream.java:261)
	at org.postgresql.core.PGStream.<init>(PGStream.java:122)
	at org.postgresql.core.v3.ConnectionFactoryImpl.tryConnect(ConnectionFactoryImpl.java:146)
	at org.postgresql.core.v3.ConnectionFactoryImpl.openConnectionImpl(ConnectionFactoryImpl.java:289)
	... 14 common frames omitted
2026-02-25 09:23:45 WARN  [] com.zaxxer.hikari.pool.PoolBase - HikariPool-4 - Pool is empty, failed to create/setup connection (35fdc451-ea3b-4a81-8b3d-4b9838d3b621)
org.postgresql.util.PSQLException: The connection attempt failed.
	at org.postgresql.core.v3.ConnectionFactoryImpl.openConnectionImpl(ConnectionFactoryImpl.java:385)
	at org.postgresql.core.ConnectionFactory.openConnection(ConnectionFactory.java:57)
	at org.postgresql.jdbc.PgConnection.<init>(PgConnection.java:277)
	at org.postgresql.Driver.makeConnection(Driver.java:448)
	at org.postgresql.Driver.connect(Driver.java:298)
	at com.zaxxer.hikari.util.DriverDataSource.getConnection(DriverDataSource.java:144)
	at com.zaxxer.hikari.pool.PoolBase.newConnection(PoolBase.java:370)
	at com.zaxxer.hikari.pool.PoolBase.newPoolEntry(PoolBase.java:207)
	at com.zaxxer.hikari.pool.HikariPool.createPoolEntry(HikariPool.java:488)
	at com.zaxxer.hikari.pool.HikariPool$PoolEntryCreator.call(HikariPool.java:752)
	at com.zaxxer.hikari.pool.HikariPool$PoolEntryCreator.call(HikariPool.java:731)
	at java.base/java.util.concurrent.FutureTask.run(FutureTask.java:317)
	at java.base/java.util.concurrent.ThreadPoolExecutor.runWorker(ThreadPoolExecutor.java:1144)
	at java.base/java.util.concurrent.ThreadPoolExecutor$Worker.run(ThreadPoolExecutor.java:642)
	at java.base/java.lang.Thread.run(Thread.java:1583)
Caused by: java.net.UnknownHostException: ep-blue-field-afvby5th-pooler.c-2.us-west-2.aws.neon.tech
	at java.base/sun.nio.ch.NioSocketImpl.connect(NioSocketImpl.java:567)
	at java.base/java.net.SocksSocketImpl.connect(SocksSocketImpl.java:327)
	at java.base/java.net.Socket.connect(Socket.java:751)
	at org.postgresql.core.PGStream.createSocket(PGStream.java:261)
	at org.postgresql.core.PGStream.<init>(PGStream.java:122)
	at org.postgresql.core.v3.ConnectionFactoryImpl.tryConnect(ConnectionFactoryImpl.java:146)
	at org.postgresql.core.v3.ConnectionFactoryImpl.openConnectionImpl(ConnectionFactoryImpl.java:289)
	... 14 common frames omitted
2026-02-25 09:24:50 WARN  [] com.zaxxer.hikari.pool.PoolBase - HikariPool-4 - Pool is empty, failed to create/setup connection (9992c9f3-f379-4071-a509-9675127a5e13)
org.postgresql.util.PSQLException: The connection attempt failed.
	at org.postgresql.core.v3.ConnectionFactoryImpl.openConnectionImpl(ConnectionFactoryImpl.java:385)
	at org.postgresql.core.ConnectionFactory.openConnection(ConnectionFactory.java:57)
	at org.postgresql.jdbc.PgConnection.<init>(PgConnection.java:277)
	at org.postgresql.Driver.makeConnection(Driver.java:448)
	at org.postgresql.Driver.connect(Driver.java:298)
	at com.zaxxer.hikari.util.DriverDataSource.getConnection(DriverDataSource.java:144)
	at com.zaxxer.hikari.pool.PoolBase.newConnection(PoolBase.java:370)
	at com.zaxxer.hikari.pool.PoolBase.newPoolEntry(PoolBase.java:207)
	at com.zaxxer.hikari.pool.HikariPool.createPoolEntry(HikariPool.java:488)
	at com.zaxxer.hikari.pool.HikariPool$PoolEntryCreator.call(HikariPool.java:752)
	at com.zaxxer.hikari.pool.HikariPool$PoolEntryCreator.call(HikariPool.java:731)
	at java.base/java.util.concurrent.FutureTask.run(FutureTask.java:317)
	at java.base/java.util.concurrent.ThreadPoolExecutor.runWorker(ThreadPoolExecutor.java:1144)
	at java.base/java.util.concurrent.ThreadPoolExecutor$Worker.run(ThreadPoolExecutor.java:642)
	at java.base/java.lang.Thread.run(Thread.java:1583)
Caused by: java.net.UnknownHostException: ep-blue-field-afvby5th-pooler.c-2.us-west-2.aws.neon.tech
	at java.base/sun.nio.ch.NioSocketImpl.connect(NioSocketImpl.java:567)
	at java.base/java.net.SocksSocketImpl.connect(SocksSocketImpl.java:327)
	at java.base/java.net.Socket.connect(Socket.java:751)
	at org.postgresql.core.PGStream.createSocket(PGStream.java:261)
	at org.postgresql.core.PGStream.<init>(PGStream.java:122)
	at org.postgresql.core.v3.ConnectionFactoryImpl.tryConnect(ConnectionFactoryImpl.java:146)
	at org.postgresql.core.v3.ConnectionFactoryImpl.openConnectionImpl(ConnectionFactoryImpl.java:289)
	... 14 common frames omitted
2026-02-25 09:25:55 WARN  [] com.zaxxer.hikari.pool.PoolBase - HikariPool-4 - Pool is empty, failed to create/setup connection (86cb6b9e-b6b1-4d9a-bf65-92e6f22ebf54)
org.postgresql.util.PSQLException: The connection attempt failed.
	at org.postgresql.core.v3.ConnectionFactoryImpl.openConnectionImpl(ConnectionFactoryImpl.java:385)
	at org.postgresql.core.ConnectionFactory.openConnection(ConnectionFactory.java:57)
	at org.postgresql.jdbc.PgConnection.<init>(PgConnection.java:277)
	at org.postgresql.Driver.makeConnection(Driver.java:448)
	at org.postgresql.Driver.connect(Driver.java:298)
	at com.zaxxer.hikari.util.DriverDataSource.getConnection(DriverDataSource.java:144)
	at com.zaxxer.hikari.pool.PoolBase.newConnection(PoolBase.java:370)
	at com.zaxxer.hikari.pool.PoolBase.newPoolEntry(PoolBase.java:207)
	at com.zaxxer.hikari.pool.HikariPool.createPoolEntry(HikariPool.java:488)
	at com.zaxxer.hikari.pool.HikariPool$PoolEntryCreator.call(HikariPool.java:752)
	at com.zaxxer.hikari.pool.HikariPool$PoolEntryCreator.call(HikariPool.java:731)
	at java.base/java.util.concurrent.FutureTask.run(FutureTask.java:317)
	at java.base/java.util.concurrent.ThreadPoolExecutor.runWorker(ThreadPoolExecutor.java:1144)
	at java.base/java.util.concurrent.ThreadPoolExecutor$Worker.run(ThreadPoolExecutor.java:642)
	at java.base/java.lang.Thread.run(Thread.java:1583)
Caused by: java.net.UnknownHostException: ep-blue-field-afvby5th-pooler.c-2.us-west-2.aws.neon.tech
	at java.base/sun.nio.ch.NioSocketImpl.connect(NioSocketImpl.java:567)
	at java.base/java.net.SocksSocketImpl.connect(SocksSocketImpl.java:327)
	at java.base/java.net.Socket.connect(Socket.java:751)
	at org.postgresql.core.PGStream.createSocket(PGStream.java:261)
	at org.postgresql.core.PGStream.<init>(PGStream.java:122)
	at org.postgresql.core.v3.ConnectionFactoryImpl.tryConnect(ConnectionFactoryImpl.java:146)
	at org.postgresql.core.v3.ConnectionFactoryImpl.openConnectionImpl(ConnectionFactoryImpl.java:289)
	... 14 common frames omitted
2026-02-25 09:26:44 INFO  [] c.s.s.scheduler.DealScheduler - Starting 30-min price sync job
2026-02-25 09:27:00 WARN  [] com.zaxxer.hikari.pool.PoolBase - HikariPool-4 - Pool is empty, failed to create/setup connection (ce7e1014-a2d7-46b3-b023-a4895d458e32)
org.postgresql.util.PSQLException: The connection attempt failed.
	at org.postgresql.core.v3.ConnectionFactoryImpl.openConnectionImpl(ConnectionFactoryImpl.java:385)
	at org.postgresql.core.ConnectionFactory.openConnection(ConnectionFactory.java:57)
	at org.postgresql.jdbc.PgConnection.<init>(PgConnection.java:277)
	at org.postgresql.Driver.makeConnection(Driver.java:448)
	at org.postgresql.Driver.connect(Driver.java:298)
	at com.zaxxer.hikari.util.DriverDataSource.getConnection(DriverDataSource.java:144)
	at com.zaxxer.hikari.pool.PoolBase.newConnection(PoolBase.java:370)
	at com.zaxxer.hikari.pool.PoolBase.newPoolEntry(PoolBase.java:207)
	at com.zaxxer.hikari.pool.HikariPool.createPoolEntry(HikariPool.java:488)
	at com.zaxxer.hikari.pool.HikariPool$PoolEntryCreator.call(HikariPool.java:752)
	at com.zaxxer.hikari.pool.HikariPool$PoolEntryCreator.call(HikariPool.java:731)
	at java.base/java.util.concurrent.FutureTask.run(FutureTask.java:317)
	at java.base/java.util.concurrent.ThreadPoolExecutor.runWorker(ThreadPoolExecutor.java:1144)
	at java.base/java.util.concurrent.ThreadPoolExecutor$Worker.run(ThreadPoolExecutor.java:642)
	at java.base/java.lang.Thread.run(Thread.java:1583)
Caused by: java.net.UnknownHostException: ep-blue-field-afvby5th-pooler.c-2.us-west-2.aws.neon.tech
	at java.base/sun.nio.ch.NioSocketImpl.connect(NioSocketImpl.java:567)
	at java.base/java.net.SocksSocketImpl.connect(SocksSocketImpl.java:327)
	at java.base/java.net.Socket.connect(Socket.java:751)
	at org.postgresql.core.PGStream.createSocket(PGStream.java:261)
	at org.postgresql.core.PGStream.<init>(PGStream.java:122)
	at org.postgresql.core.v3.ConnectionFactoryImpl.tryConnect(ConnectionFactoryImpl.java:146)
	at org.postgresql.core.v3.ConnectionFactoryImpl.openConnectionImpl(ConnectionFactoryImpl.java:289)
	... 14 common frames omitted
2026-02-25 09:27:14 WARN  [] o.h.e.jdbc.spi.SqlExceptionHelper - SQL Error: 0, SQLState: 08001
2026-02-25 09:27:14 ERROR [] o.h.e.jdbc.spi.SqlExceptionHelper - HikariPool-4 - Connection is not available, request timed out after 30011ms (total=0, active=0, idle=0, waiting=0)
2026-02-25 09:27:14 ERROR [] o.h.e.jdbc.spi.SqlExceptionHelper - The connection attempt failed.
2026-02-25 09:27:14 ERROR [] o.s.s.s.TaskUtils$LoggingErrorHandler - Unexpected error occurred in scheduled task
org.springframework.transaction.CannotCreateTransactionException: Could not open JPA EntityManager for transaction
	at org.springframework.orm.jpa.JpaTransactionManager.doBegin(JpaTransactionManager.java:467)
	at org.springframework.transaction.support.AbstractPlatformTransactionManager.startTransaction(AbstractPlatformTransactionManager.java:532)
	at org.springframework.transaction.support.AbstractPlatformTransactionManager.getTransaction(AbstractPlatformTransactionManager.java:405)
	at org.springframework.transaction.interceptor.TransactionAspectSupport.createTransactionIfNecessary(TransactionAspectSupport.java:639)
	at org.springframework.transaction.interceptor.TransactionAspectSupport.invokeWithinTransaction(TransactionAspectSupport.java:374)
	at org.springframework.transaction.interceptor.TransactionInterceptor.invoke(TransactionInterceptor.java:119)
	at org.springframework.aop.framework.ReflectiveMethodInvocation.proceed(ReflectiveMethodInvocation.java:184)
	at org.springframework.aop.framework.CglibAopProxy$DynamicAdvisedInterceptor.intercept(CglibAopProxy.java:728)
	at com.snatchmart.snatchmart.service.serviceImpl.AffiliateSyncServiceImpl$$SpringCGLIB$$0.syncDeals(<generated>)
	at com.snatchmart.snatchmart.scheduler.DealScheduler.syncPrices(DealScheduler.java:22)
	at java.base/jdk.internal.reflect.DirectMethodHandleAccessor.invoke(DirectMethodHandleAccessor.java:103)
	at java.base/java.lang.reflect.Method.invoke(Method.java:580)
	at org.springframework.scheduling.support.ScheduledMethodRunnable.runInternal(ScheduledMethodRunnable.java:130)
	at org.springframework.scheduling.support.ScheduledMethodRunnable.lambda$run$2(ScheduledMethodRunnable.java:124)
	at io.micrometer.observation.Observation.observe(Observation.java:498)
	at org.springframework.scheduling.support.ScheduledMethodRunnable.run(ScheduledMethodRunnable.java:124)
	at org.springframework.scheduling.config.Task$OutcomeTrackingRunnable.run(Task.java:85)
	at org.springframework.scheduling.support.DelegatingErrorHandlingRunnable.run(DelegatingErrorHandlingRunnable.java:54)
	at java.base/java.util.concurrent.Executors$RunnableAdapter.call(Executors.java:572)
	at java.base/java.util.concurrent.FutureTask.runAndReset(FutureTask.java:358)
	at java.base/java.util.concurrent.ScheduledThreadPoolExecutor$ScheduledFutureTask.run(ScheduledThreadPoolExecutor.java:305)
	at java.base/java.util.concurrent.ThreadPoolExecutor.runWorker(ThreadPoolExecutor.java:1144)
	at java.base/java.util.concurrent.ThreadPoolExecutor$Worker.run(ThreadPoolExecutor.java:642)
	at java.base/java.lang.Thread.run(Thread.java:1583)
Caused by: org.hibernate.exception.JDBCConnectionException: Unable to acquire JDBC Connection [HikariPool-4 - Connection is not available, request timed out after 30011ms (total=0, active=0, idle=0, waiting=0)] [n/a]
	at org.hibernate.exception.internal.SQLExceptionTypeDelegate.convert(SQLExceptionTypeDelegate.java:51)
	at org.hibernate.exception.internal.StandardSQLExceptionConverter.convert(StandardSQLExceptionConverter.java:58)
	at org.hibernate.engine.jdbc.spi.SqlExceptionHelper.convert(SqlExceptionHelper.java:108)
	at org.hibernate.engine.jdbc.spi.SqlExceptionHelper.convert(SqlExceptionHelper.java:94)
	at org.hibernate.resource.jdbc.internal.LogicalConnectionManagedImpl.acquireConnectionIfNeeded(LogicalConnectionManagedImpl.java:129)
	at org.hibernate.resource.jdbc.internal.LogicalConnectionManagedImpl.getPhysicalConnection(LogicalConnectionManagedImpl.java:156)
	at org.hibernate.resource.jdbc.internal.LogicalConnectionManagedImpl.getConnectionForTransactionManagement(LogicalConnectionManagedImpl.java:286)
	at org.hibernate.resource.jdbc.internal.LogicalConnectionManagedImpl.begin(LogicalConnectionManagedImpl.java:294)
	at org.hibernate.resource.transaction.backend.jdbc.internal.JdbcResourceLocalTransactionCoordinatorImpl$TransactionDriverControlImpl.begin(JdbcResourceLocalTransactionCoordinatorImpl.java:232)
	at org.hibernate.engine.transaction.internal.TransactionImpl.begin(TransactionImpl.java:83)
	at org.springframework.orm.jpa.vendor.HibernateJpaDialect.beginTransaction(HibernateJpaDialect.java:176)
	at org.springframework.orm.jpa.JpaTransactionManager.doBegin(JpaTransactionManager.java:421)
	... 23 common frames omitted
Caused by: java.sql.SQLTransientConnectionException: HikariPool-4 - Connection is not available, request timed out after 30011ms (total=0, active=0, idle=0, waiting=0)
	at com.zaxxer.hikari.pool.HikariPool.createTimeoutException(HikariPool.java:714)
	at com.zaxxer.hikari.pool.HikariPool.getConnection(HikariPool.java:184)
	at com.zaxxer.hikari.pool.HikariPool.getConnection(HikariPool.java:142)
	at com.zaxxer.hikari.HikariDataSource.getConnection(HikariDataSource.java:127)
	at org.hibernate.engine.jdbc.connections.internal.DatasourceConnectionProviderImpl.getConnection(DatasourceConnectionProviderImpl.java:126)
	at org.hibernate.internal.NonContextualJdbcConnectionAccess.obtainConnection(NonContextualJdbcConnectionAccess.java:46)
	at org.hibernate.resource.jdbc.internal.LogicalConnectionManagedImpl.acquireConnectionIfNeeded(LogicalConnectionManagedImpl.java:126)
	... 30 common frames omitted
Caused by: org.postgresql.util.PSQLException: The connection attempt failed.
	at org.postgresql.core.v3.ConnectionFactoryImpl.openConnectionImpl(ConnectionFactoryImpl.java:385)
	at org.postgresql.core.ConnectionFactory.openConnection(ConnectionFactory.java:57)
	at org.postgresql.jdbc.PgConnection.<init>(PgConnection.java:277)
	at org.postgresql.Driver.makeConnection(Driver.java:448)
	at org.postgresql.Driver.connect(Driver.java:298)
	at com.zaxxer.hikari.util.DriverDataSource.getConnection(DriverDataSource.java:144)
	at com.zaxxer.hikari.pool.PoolBase.newConnection(PoolBase.java:370)
	at com.zaxxer.hikari.pool.PoolBase.newPoolEntry(PoolBase.java:207)
	at com.zaxxer.hikari.pool.HikariPool.createPoolEntry(HikariPool.java:488)
	at com.zaxxer.hikari.pool.HikariPool$PoolEntryCreator.call(HikariPool.java:752)
	at com.zaxxer.hikari.pool.HikariPool$PoolEntryCreator.call(HikariPool.java:731)
	at java.base/java.util.concurrent.FutureTask.run(FutureTask.java:317)
	... 3 common frames omitted
Caused by: java.net.UnknownHostException: ep-blue-field-afvby5th-pooler.c-2.us-west-2.aws.neon.tech
	at java.base/sun.nio.ch.NioSocketImpl.connect(NioSocketImpl.java:567)
	at java.base/java.net.SocksSocketImpl.connect(SocksSocketImpl.java:327)
	at java.base/java.net.Socket.connect(Socket.java:751)
	at org.postgresql.core.PGStream.createSocket(PGStream.java:261)
	at org.postgresql.core.PGStream.<init>(PGStream.java:122)
	at org.postgresql.core.v3.ConnectionFactoryImpl.tryConnect(ConnectionFactoryImpl.java:146)
	at org.postgresql.core.v3.ConnectionFactoryImpl.openConnectionImpl(ConnectionFactoryImpl.java:289)
	... 14 common frames omitted
2026-02-25 09:28:05 WARN  [] com.zaxxer.hikari.pool.PoolBase - HikariPool-4 - Pool is empty, failed to create/setup connection (ee0afbc6-67c4-4f68-8ef8-e7e558b61629)
org.postgresql.util.PSQLException: The connection attempt failed.
	at org.postgresql.core.v3.ConnectionFactoryImpl.openConnectionImpl(ConnectionFactoryImpl.java:385)
	at org.postgresql.core.ConnectionFactory.openConnection(ConnectionFactory.java:57)
	at org.postgresql.jdbc.PgConnection.<init>(PgConnection.java:277)
	at org.postgresql.Driver.makeConnection(Driver.java:448)
	at org.postgresql.Driver.connect(Driver.java:298)
	at com.zaxxer.hikari.util.DriverDataSource.getConnection(DriverDataSource.java:144)
	at com.zaxxer.hikari.pool.PoolBase.newConnection(PoolBase.java:370)
	at com.zaxxer.hikari.pool.PoolBase.newPoolEntry(PoolBase.java:207)
	at com.zaxxer.hikari.pool.HikariPool.createPoolEntry(HikariPool.java:488)
	at com.zaxxer.hikari.pool.HikariPool$PoolEntryCreator.call(HikariPool.java:752)
	at com.zaxxer.hikari.pool.HikariPool$PoolEntryCreator.call(HikariPool.java:731)
	at java.base/java.util.concurrent.FutureTask.run(FutureTask.java:317)
	at java.base/java.util.concurrent.ThreadPoolExecutor.runWorker(ThreadPoolExecutor.java:1144)
	at java.base/java.util.concurrent.ThreadPoolExecutor$Worker.run(ThreadPoolExecutor.java:642)
	at java.base/java.lang.Thread.run(Thread.java:1583)
Caused by: java.net.UnknownHostException: ep-blue-field-afvby5th-pooler.c-2.us-west-2.aws.neon.tech
	at java.base/sun.nio.ch.NioSocketImpl.connect(NioSocketImpl.java:567)
	at java.base/java.net.SocksSocketImpl.connect(SocksSocketImpl.java:327)
	at java.base/java.net.Socket.connect(Socket.java:751)
	at org.postgresql.core.PGStream.createSocket(PGStream.java:261)
	at org.postgresql.core.PGStream.<init>(PGStream.java:122)
	at org.postgresql.core.v3.ConnectionFactoryImpl.tryConnect(ConnectionFactoryImpl.java:146)
	at org.postgresql.core.v3.ConnectionFactoryImpl.openConnectionImpl(ConnectionFactoryImpl.java:289)
	... 14 common frames omitted
2026-02-25 09:56:44 INFO  [] c.s.s.scheduler.DealScheduler - Starting 30-min price sync job
2026-02-25 09:56:44 INFO  [] c.s.s.s.s.AffiliateSyncServiceImpl - Synced 0 deals from amazon
2026-02-25 09:56:44 INFO  [] c.s.s.i.FlipkartAffiliateClient - Flipkart affiliate not configured; using dummy deals for UI
2026-02-25 09:56:47 INFO  [] c.s.s.s.s.AffiliateSyncServiceImpl - Synced 5 deals from flipkart
2026-02-25 10:26:44 INFO  [] c.s.s.scheduler.DealScheduler - Starting 30-min price sync job
2026-02-25 10:26:44 INFO  [] c.s.s.s.s.AffiliateSyncServiceImpl - Synced 0 deals from amazon
2026-02-25 10:26:44 INFO  [] c.s.s.i.FlipkartAffiliateClient - Flipkart affiliate not configured; using dummy deals for UI
2026-02-25 10:26:46 INFO  [] c.s.s.s.s.AffiliateSyncServiceImpl - Synced 5 deals from flipkart
2026-02-25 10:52:18 WARN  [] com.zaxxer.hikari.pool.HikariPool - HikariPool-4 - Thread starvation or clock leap detected (housekeeper delta=17m43s419ms).
2026-02-25 11:09:53 WARN  [] com.zaxxer.hikari.pool.PoolBase - HikariPool-4 - Failed to validate connection org.postgresql.jdbc.PgConnection@f9026ab (This connection has been closed.). Possibly consider using a shorter maxLifetime value.
2026-02-25 11:37:20 WARN  [] com.zaxxer.hikari.pool.PoolBase - HikariPool-4 - Failed to validate connection org.postgresql.jdbc.PgConnection@1c8776dd (This connection has been closed.). Possibly consider using a shorter maxLifetime value.
2026-02-25 11:39:00 WARN  [] com.zaxxer.hikari.pool.HikariPool - HikariPool-4 - Thread starvation or clock leap detected (housekeeper delta=46m42s823ms).
2026-02-25 11:40:51 WARN  [] com.zaxxer.hikari.pool.PoolBase - HikariPool-4 - Failed to validate connection org.postgresql.jdbc.PgConnection@1f41df03 (This connection has been closed.). Possibly consider using a shorter maxLifetime value.
2026-02-25 11:40:53 WARN  [] com.zaxxer.hikari.pool.PoolBase - HikariPool-4 - Failed to validate connection org.postgresql.jdbc.PgConnection@618ecccf (This connection has been closed.). Possibly consider using a shorter maxLifetime value.
2026-02-25 11:57:52 WARN  [] com.zaxxer.hikari.pool.PoolBase - HikariPool-4 - Failed to validate connection org.postgresql.jdbc.PgConnection@2012d35b (This connection has been closed.). Possibly consider using a shorter maxLifetime value.
2026-02-25 12:14:30 WARN  [] com.zaxxer.hikari.pool.PoolBase - HikariPool-4 - Failed to validate connection org.postgresql.jdbc.PgConnection@34fd7ef6 (This connection has been closed.). Possibly consider using a shorter maxLifetime value.
2026-02-25 12:31:15 WARN  [] com.zaxxer.hikari.pool.HikariPool - HikariPool-4 - Thread starvation or clock leap detected (housekeeper delta=52m14s714ms).
2026-02-25 13:29:07 WARN  [] com.zaxxer.hikari.pool.PoolBase - HikariPool-4 - Failed to validate connection org.postgresql.jdbc.PgConnection@15bca322 (This connection has been closed.). Possibly consider using a shorter maxLifetime value.
2026-02-25 13:37:00 WARN  [] com.zaxxer.hikari.pool.HikariPool - HikariPool-4 - Thread starvation or clock leap detected (housekeeper delta=1h5m44s364ms).
2026-02-25 13:54:33 WARN  [] com.zaxxer.hikari.pool.PoolBase - HikariPool-4 - Failed to validate connection org.postgresql.jdbc.PgConnection@2e7bdc54 (This connection has been closed.). Possibly consider using a shorter maxLifetime value.
2026-02-25 14:12:22 WARN  [] com.zaxxer.hikari.pool.PoolBase - HikariPool-4 - Failed to validate connection org.postgresql.jdbc.PgConnection@6c3e5a21 (This connection has been closed.). Possibly consider using a shorter maxLifetime value.
2026-02-25 14:30:10 WARN  [] com.zaxxer.hikari.pool.PoolBase - HikariPool-4 - Failed to validate connection org.postgresql.jdbc.PgConnection@6d231531 (This connection has been closed.). Possibly consider using a shorter maxLifetime value.
2026-02-25 14:38:06 WARN  [] com.zaxxer.hikari.pool.HikariPool - HikariPool-4 - Thread starvation or clock leap detected (housekeeper delta=1h1m6s71ms).
2026-02-25 14:38:08 WARN  [] com.zaxxer.hikari.pool.PoolBase - HikariPool-4 - Failed to validate connection org.postgresql.jdbc.PgConnection@5b1e5b8e (This connection has been closed.). Possibly consider using a shorter maxLifetime value.
2026-02-25 15:13:07 WARN  [] com.zaxxer.hikari.pool.HikariPool - HikariPool-4 - Thread starvation or clock leap detected (housekeeper delta=35m1s568ms).
2026-02-25 15:24:27 WARN  [] com.zaxxer.hikari.pool.HikariPool - HikariPool-4 - Thread starvation or clock leap detected (housekeeper delta=11m19s345ms).
2026-02-25 16:14:46 WARN  [] com.zaxxer.hikari.pool.HikariPool - HikariPool-4 - Thread starvation or clock leap detected (housekeeper delta=50m19s221ms).
2026-02-25 17:15:26 WARN  [] com.zaxxer.hikari.pool.HikariPool - HikariPool-4 - Thread starvation or clock leap detected (housekeeper delta=1h40s147ms).
2026-02-25 17:59:00 WARN  [] com.zaxxer.hikari.pool.HikariPool - HikariPool-4 - Thread starvation or clock leap detected (housekeeper delta=43m33s992ms).
2026-02-25 18:58:52 WARN  [] com.zaxxer.hikari.pool.HikariPool - HikariPool-4 - Thread starvation or clock leap detected (housekeeper delta=59m52s383ms).
2026-02-25 19:43:02 WARN  [] com.zaxxer.hikari.pool.HikariPool - HikariPool-4 - Thread starvation or clock leap detected (housekeeper delta=44m9s630ms).
2026-02-25 20:29:58 WARN  [] com.zaxxer.hikari.pool.HikariPool - HikariPool-4 - Thread starvation or clock leap detected (housekeeper delta=46m56s16ms).
2026-02-25 21:01:24 WARN  [] com.zaxxer.hikari.pool.HikariPool - HikariPool-4 - Thread starvation or clock leap detected (housekeeper delta=31m25s933ms).
2026-02-25 21:38:48 WARN  [] com.zaxxer.hikari.pool.HikariPool - HikariPool-4 - Thread starvation or clock leap detected (housekeeper delta=37m24s28ms).
2026-02-25 22:31:04 WARN  [] com.zaxxer.hikari.pool.HikariPool - HikariPool-4 - Thread starvation or clock leap detected (housekeeper delta=52m15s669ms).
2026-02-25 22:45:13 INFO  [] c.s.s.scheduler.DealScheduler - Starting 30-min price sync job
2026-02-25 22:45:43 WARN  [] o.h.e.jdbc.spi.SqlExceptionHelper - SQL Error: 0, SQLState: 08003
2026-02-25 22:45:43 ERROR [] o.h.e.jdbc.spi.SqlExceptionHelper - HikariPool-4 - Connection is not available, request timed out after 30008ms (total=0, active=0, idle=0, waiting=0)
2026-02-25 22:45:43 ERROR [] o.h.e.jdbc.spi.SqlExceptionHelper - This connection has been closed.
2026-02-25 22:45:43 ERROR [] o.s.s.s.TaskUtils$LoggingErrorHandler - Unexpected error occurred in scheduled task
org.springframework.transaction.CannotCreateTransactionException: Could not open JPA EntityManager for transaction
	at org.springframework.orm.jpa.JpaTransactionManager.doBegin(JpaTransactionManager.java:467)
	at org.springframework.transaction.support.AbstractPlatformTransactionManager.startTransaction(AbstractPlatformTransactionManager.java:532)
	at org.springframework.transaction.support.AbstractPlatformTransactionManager.getTransaction(AbstractPlatformTransactionManager.java:405)
	at org.springframework.transaction.interceptor.TransactionAspectSupport.createTransactionIfNecessary(TransactionAspectSupport.java:639)
	at org.springframework.transaction.interceptor.TransactionAspectSupport.invokeWithinTransaction(TransactionAspectSupport.java:374)
	at org.springframework.transaction.interceptor.TransactionInterceptor.invoke(TransactionInterceptor.java:119)
	at org.springframework.aop.framework.ReflectiveMethodInvocation.proceed(ReflectiveMethodInvocation.java:184)
	at org.springframework.aop.framework.CglibAopProxy$DynamicAdvisedInterceptor.intercept(CglibAopProxy.java:728)
	at com.snatchmart.snatchmart.service.serviceImpl.AffiliateSyncServiceImpl$$SpringCGLIB$$0.syncDeals(<generated>)
	at com.snatchmart.snatchmart.scheduler.DealScheduler.syncPrices(DealScheduler.java:22)
	at java.base/jdk.internal.reflect.DirectMethodHandleAccessor.invoke(DirectMethodHandleAccessor.java:103)
	at java.base/java.lang.reflect.Method.invoke(Method.java:580)
	at org.springframework.scheduling.support.ScheduledMethodRunnable.runInternal(ScheduledMethodRunnable.java:130)
	at org.springframework.scheduling.support.ScheduledMethodRunnable.lambda$run$2(ScheduledMethodRunnable.java:124)
	at io.micrometer.observation.Observation.observe(Observation.java:498)
	at org.springframework.scheduling.support.ScheduledMethodRunnable.run(ScheduledMethodRunnable.java:124)
	at org.springframework.scheduling.config.Task$OutcomeTrackingRunnable.run(Task.java:85)
	at org.springframework.scheduling.support.DelegatingErrorHandlingRunnable.run(DelegatingErrorHandlingRunnable.java:54)
	at java.base/java.util.concurrent.Executors$RunnableAdapter.call(Executors.java:572)
	at java.base/java.util.concurrent.FutureTask.runAndReset(FutureTask.java:358)
	at java.base/java.util.concurrent.ScheduledThreadPoolExecutor$ScheduledFutureTask.run(ScheduledThreadPoolExecutor.java:305)
	at java.base/java.util.concurrent.ThreadPoolExecutor.runWorker(ThreadPoolExecutor.java:1144)
	at java.base/java.util.concurrent.ThreadPoolExecutor$Worker.run(ThreadPoolExecutor.java:642)
	at java.base/java.lang.Thread.run(Thread.java:1583)
Caused by: org.hibernate.exception.JDBCConnectionException: Unable to acquire JDBC Connection [HikariPool-4 - Connection is not available, request timed out after 30008ms (total=0, active=0, idle=0, waiting=0)] [n/a]
	at org.hibernate.exception.internal.SQLExceptionTypeDelegate.convert(SQLExceptionTypeDelegate.java:51)
	at org.hibernate.exception.internal.StandardSQLExceptionConverter.convert(StandardSQLExceptionConverter.java:58)
	at org.hibernate.engine.jdbc.spi.SqlExceptionHelper.convert(SqlExceptionHelper.java:108)
	at org.hibernate.engine.jdbc.spi.SqlExceptionHelper.convert(SqlExceptionHelper.java:94)
	at org.hibernate.resource.jdbc.internal.LogicalConnectionManagedImpl.acquireConnectionIfNeeded(LogicalConnectionManagedImpl.java:129)
	at org.hibernate.resource.jdbc.internal.LogicalConnectionManagedImpl.getPhysicalConnection(LogicalConnectionManagedImpl.java:156)
	at org.hibernate.resource.jdbc.internal.LogicalConnectionManagedImpl.getConnectionForTransactionManagement(LogicalConnectionManagedImpl.java:286)
	at org.hibernate.resource.jdbc.internal.LogicalConnectionManagedImpl.begin(LogicalConnectionManagedImpl.java:294)
	at org.hibernate.resource.transaction.backend.jdbc.internal.JdbcResourceLocalTransactionCoordinatorImpl$TransactionDriverControlImpl.begin(JdbcResourceLocalTransactionCoordinatorImpl.java:232)
	at org.hibernate.engine.transaction.internal.TransactionImpl.begin(TransactionImpl.java:83)
	at org.springframework.orm.jpa.vendor.HibernateJpaDialect.beginTransaction(HibernateJpaDialect.java:176)
	at org.springframework.orm.jpa.JpaTransactionManager.doBegin(JpaTransactionManager.java:421)
	... 23 common frames omitted
Caused by: java.sql.SQLTransientConnectionException: HikariPool-4 - Connection is not available, request timed out after 30008ms (total=0, active=0, idle=0, waiting=0)
	at com.zaxxer.hikari.pool.HikariPool.createTimeoutException(HikariPool.java:714)
	at com.zaxxer.hikari.pool.HikariPool.getConnection(HikariPool.java:184)
	at com.zaxxer.hikari.pool.HikariPool.getConnection(HikariPool.java:142)
	at com.zaxxer.hikari.HikariDataSource.getConnection(HikariDataSource.java:127)
	at org.hibernate.engine.jdbc.connections.internal.DatasourceConnectionProviderImpl.getConnection(DatasourceConnectionProviderImpl.java:126)
	at org.hibernate.internal.NonContextualJdbcConnectionAccess.obtainConnection(NonContextualJdbcConnectionAccess.java:46)
	at org.hibernate.resource.jdbc.internal.LogicalConnectionManagedImpl.acquireConnectionIfNeeded(LogicalConnectionManagedImpl.java:126)
	... 30 common frames omitted
Caused by: org.postgresql.util.PSQLException: This connection has been closed.
	at org.postgresql.jdbc.PgConnection.checkClosed(PgConnection.java:1012)
	at org.postgresql.jdbc.PgConnection.setNetworkTimeout(PgConnection.java:1736)
	at com.zaxxer.hikari.pool.PoolBase.setNetworkTimeout(PoolBase.java:582)
	at com.zaxxer.hikari.pool.PoolBase.isConnectionDead(PoolBase.java:174)
	at com.zaxxer.hikari.pool.HikariPool$KeepaliveTask.run(HikariPool.java:882)
	... 6 common frames omitted
2026-02-25 23:15:13 INFO  [] c.s.s.scheduler.DealScheduler - Starting 30-min price sync job
2026-02-25 23:15:43 WARN  [] o.h.e.jdbc.spi.SqlExceptionHelper - SQL Error: 0, SQLState: 08003
2026-02-25 23:15:43 ERROR [] o.h.e.jdbc.spi.SqlExceptionHelper - HikariPool-4 - Connection is not available, request timed out after 30005ms (total=0, active=0, idle=0, waiting=0)
2026-02-25 23:15:43 ERROR [] o.h.e.jdbc.spi.SqlExceptionHelper - This connection has been closed.
2026-02-25 23:15:43 ERROR [] o.s.s.s.TaskUtils$LoggingErrorHandler - Unexpected error occurred in scheduled task
org.springframework.transaction.CannotCreateTransactionException: Could not open JPA EntityManager for transaction
	at org.springframework.orm.jpa.JpaTransactionManager.doBegin(JpaTransactionManager.java:467)
	at org.springframework.transaction.support.AbstractPlatformTransactionManager.startTransaction(AbstractPlatformTransactionManager.java:532)
	at org.springframework.transaction.support.AbstractPlatformTransactionManager.getTransaction(AbstractPlatformTransactionManager.java:405)
	at org.springframework.transaction.interceptor.TransactionAspectSupport.createTransactionIfNecessary(TransactionAspectSupport.java:639)
	at org.springframework.transaction.interceptor.TransactionAspectSupport.invokeWithinTransaction(TransactionAspectSupport.java:374)
	at org.springframework.transaction.interceptor.TransactionInterceptor.invoke(TransactionInterceptor.java:119)
	at org.springframework.aop.framework.ReflectiveMethodInvocation.proceed(ReflectiveMethodInvocation.java:184)
	at org.springframework.aop.framework.CglibAopProxy$DynamicAdvisedInterceptor.intercept(CglibAopProxy.java:728)
	at com.snatchmart.snatchmart.service.serviceImpl.AffiliateSyncServiceImpl$$SpringCGLIB$$0.syncDeals(<generated>)
	at com.snatchmart.snatchmart.scheduler.DealScheduler.syncPrices(DealScheduler.java:22)
	at java.base/jdk.internal.reflect.DirectMethodHandleAccessor.invoke(DirectMethodHandleAccessor.java:103)
	at java.base/java.lang.reflect.Method.invoke(Method.java:580)
	at org.springframework.scheduling.support.ScheduledMethodRunnable.runInternal(ScheduledMethodRunnable.java:130)
	at org.springframework.scheduling.support.ScheduledMethodRunnable.lambda$run$2(ScheduledMethodRunnable.java:124)
	at io.micrometer.observation.Observation.observe(Observation.java:498)
	at org.springframework.scheduling.support.ScheduledMethodRunnable.run(ScheduledMethodRunnable.java:124)
	at org.springframework.scheduling.config.Task$OutcomeTrackingRunnable.run(Task.java:85)
	at org.springframework.scheduling.support.DelegatingErrorHandlingRunnable.run(DelegatingErrorHandlingRunnable.java:54)
	at java.base/java.util.concurrent.Executors$RunnableAdapter.call(Executors.java:572)
	at java.base/java.util.concurrent.FutureTask.runAndReset(FutureTask.java:358)
	at java.base/java.util.concurrent.ScheduledThreadPoolExecutor$ScheduledFutureTask.run(ScheduledThreadPoolExecutor.java:305)
	at java.base/java.util.concurrent.ThreadPoolExecutor.runWorker(ThreadPoolExecutor.java:1144)
	at java.base/java.util.concurrent.ThreadPoolExecutor$Worker.run(ThreadPoolExecutor.java:642)
	at java.base/java.lang.Thread.run(Thread.java:1583)
Caused by: org.hibernate.exception.JDBCConnectionException: Unable to acquire JDBC Connection [HikariPool-4 - Connection is not available, request timed out after 30005ms (total=0, active=0, idle=0, waiting=0)] [n/a]
	at org.hibernate.exception.internal.SQLExceptionTypeDelegate.convert(SQLExceptionTypeDelegate.java:51)
	at org.hibernate.exception.internal.StandardSQLExceptionConverter.convert(StandardSQLExceptionConverter.java:58)
	at org.hibernate.engine.jdbc.spi.SqlExceptionHelper.convert(SqlExceptionHelper.java:108)
	at org.hibernate.engine.jdbc.spi.SqlExceptionHelper.convert(SqlExceptionHelper.java:94)
	at org.hibernate.resource.jdbc.internal.LogicalConnectionManagedImpl.acquireConnectionIfNeeded(LogicalConnectionManagedImpl.java:129)
	at org.hibernate.resource.jdbc.internal.LogicalConnectionManagedImpl.getPhysicalConnection(LogicalConnectionManagedImpl.java:156)
	at org.hibernate.resource.jdbc.internal.LogicalConnectionManagedImpl.getConnectionForTransactionManagement(LogicalConnectionManagedImpl.java:286)
	at org.hibernate.resource.jdbc.internal.LogicalConnectionManagedImpl.begin(LogicalConnectionManagedImpl.java:294)
	at org.hibernate.resource.transaction.backend.jdbc.internal.JdbcResourceLocalTransactionCoordinatorImpl$TransactionDriverControlImpl.begin(JdbcResourceLocalTransactionCoordinatorImpl.java:232)
	at org.hibernate.engine.transaction.internal.TransactionImpl.begin(TransactionImpl.java:83)
	at org.springframework.orm.jpa.vendor.HibernateJpaDialect.beginTransaction(HibernateJpaDialect.java:176)
	at org.springframework.orm.jpa.JpaTransactionManager.doBegin(JpaTransactionManager.java:421)
	... 23 common frames omitted
Caused by: java.sql.SQLTransientConnectionException: HikariPool-4 - Connection is not available, request timed out after 30005ms (total=0, active=0, idle=0, waiting=0)
	at com.zaxxer.hikari.pool.HikariPool.createTimeoutException(HikariPool.java:714)
	at com.zaxxer.hikari.pool.HikariPool.getConnection(HikariPool.java:184)
	at com.zaxxer.hikari.pool.HikariPool.getConnection(HikariPool.java:142)
	at com.zaxxer.hikari.HikariDataSource.getConnection(HikariDataSource.java:127)
	at org.hibernate.engine.jdbc.connections.internal.DatasourceConnectionProviderImpl.getConnection(DatasourceConnectionProviderImpl.java:126)
	at org.hibernate.internal.NonContextualJdbcConnectionAccess.obtainConnection(NonContextualJdbcConnectionAccess.java:46)
	at org.hibernate.resource.jdbc.internal.LogicalConnectionManagedImpl.acquireConnectionIfNeeded(LogicalConnectionManagedImpl.java:126)
	... 30 common frames omitted
Caused by: org.postgresql.util.PSQLException: This connection has been closed.
	at org.postgresql.jdbc.PgConnection.checkClosed(PgConnection.java:1012)
	at org.postgresql.jdbc.PgConnection.setNetworkTimeout(PgConnection.java:1736)
	at com.zaxxer.hikari.pool.PoolBase.setNetworkTimeout(PoolBase.java:582)
	at com.zaxxer.hikari.pool.PoolBase.isConnectionDead(PoolBase.java:174)
	at com.zaxxer.hikari.pool.HikariPool$KeepaliveTask.run(HikariPool.java:882)
	... 6 common frames omitted
2026-02-25 23:45:13 INFO  [] c.s.s.scheduler.DealScheduler - Starting 30-min price sync job
2026-02-25 23:45:43 WARN  [] o.h.e.jdbc.spi.SqlExceptionHelper - SQL Error: 0, SQLState: 08003
2026-02-25 23:45:43 ERROR [] o.h.e.jdbc.spi.SqlExceptionHelper - HikariPool-4 - Connection is not available, request timed out after 30006ms (total=0, active=0, idle=0, waiting=0)
2026-02-25 23:45:43 ERROR [] o.h.e.jdbc.spi.SqlExceptionHelper - This connection has been closed.
2026-02-25 23:45:43 ERROR [] o.s.s.s.TaskUtils$LoggingErrorHandler - Unexpected error occurred in scheduled task
org.springframework.transaction.CannotCreateTransactionException: Could not open JPA EntityManager for transaction
	at org.springframework.orm.jpa.JpaTransactionManager.doBegin(JpaTransactionManager.java:467)
	at org.springframework.transaction.support.AbstractPlatformTransactionManager.startTransaction(AbstractPlatformTransactionManager.java:532)
	at org.springframework.transaction.support.AbstractPlatformTransactionManager.getTransaction(AbstractPlatformTransactionManager.java:405)
	at org.springframework.transaction.interceptor.TransactionAspectSupport.createTransactionIfNecessary(TransactionAspectSupport.java:639)
	at org.springframework.transaction.interceptor.TransactionAspectSupport.invokeWithinTransaction(TransactionAspectSupport.java:374)
	at org.springframework.transaction.interceptor.TransactionInterceptor.invoke(TransactionInterceptor.java:119)
	at org.springframework.aop.framework.ReflectiveMethodInvocation.proceed(ReflectiveMethodInvocation.java:184)
	at org.springframework.aop.framework.CglibAopProxy$DynamicAdvisedInterceptor.intercept(CglibAopProxy.java:728)
	at com.snatchmart.snatchmart.service.serviceImpl.AffiliateSyncServiceImpl$$SpringCGLIB$$0.syncDeals(<generated>)
	at com.snatchmart.snatchmart.scheduler.DealScheduler.syncPrices(DealScheduler.java:22)
	at java.base/jdk.internal.reflect.DirectMethodHandleAccessor.invoke(DirectMethodHandleAccessor.java:103)
	at java.base/java.lang.reflect.Method.invoke(Method.java:580)
	at org.springframework.scheduling.support.ScheduledMethodRunnable.runInternal(ScheduledMethodRunnable.java:130)
	at org.springframework.scheduling.support.ScheduledMethodRunnable.lambda$run$2(ScheduledMethodRunnable.java:124)
	at io.micrometer.observation.Observation.observe(Observation.java:498)
	at org.springframework.scheduling.support.ScheduledMethodRunnable.run(ScheduledMethodRunnable.java:124)
	at org.springframework.scheduling.config.Task$OutcomeTrackingRunnable.run(Task.java:85)
	at org.springframework.scheduling.support.DelegatingErrorHandlingRunnable.run(DelegatingErrorHandlingRunnable.java:54)
	at java.base/java.util.concurrent.Executors$RunnableAdapter.call(Executors.java:572)
	at java.base/java.util.concurrent.FutureTask.runAndReset(FutureTask.java:358)
	at java.base/java.util.concurrent.ScheduledThreadPoolExecutor$ScheduledFutureTask.run(ScheduledThreadPoolExecutor.java:305)
	at java.base/java.util.concurrent.ThreadPoolExecutor.runWorker(ThreadPoolExecutor.java:1144)
	at java.base/java.util.concurrent.ThreadPoolExecutor$Worker.run(ThreadPoolExecutor.java:642)
	at java.base/java.lang.Thread.run(Thread.java:1583)
Caused by: org.hibernate.exception.JDBCConnectionException: Unable to acquire JDBC Connection [HikariPool-4 - Connection is not available, request timed out after 30006ms (total=0, active=0, idle=0, waiting=0)] [n/a]
	at org.hibernate.exception.internal.SQLExceptionTypeDelegate.convert(SQLExceptionTypeDelegate.java:51)
	at org.hibernate.exception.internal.StandardSQLExceptionConverter.convert(StandardSQLExceptionConverter.java:58)
	at org.hibernate.engine.jdbc.spi.SqlExceptionHelper.convert(SqlExceptionHelper.java:108)
	at org.hibernate.engine.jdbc.spi.SqlExceptionHelper.convert(SqlExceptionHelper.java:94)
	at org.hibernate.resource.jdbc.internal.LogicalConnectionManagedImpl.acquireConnectionIfNeeded(LogicalConnectionManagedImpl.java:129)
	at org.hibernate.resource.jdbc.internal.LogicalConnectionManagedImpl.getPhysicalConnection(LogicalConnectionManagedImpl.java:156)
	at org.hibernate.resource.jdbc.internal.LogicalConnectionManagedImpl.getConnectionForTransactionManagement(LogicalConnectionManagedImpl.java:286)
	at org.hibernate.resource.jdbc.internal.LogicalConnectionManagedImpl.begin(LogicalConnectionManagedImpl.java:294)
	at org.hibernate.resource.transaction.backend.jdbc.internal.JdbcResourceLocalTransactionCoordinatorImpl$TransactionDriverControlImpl.begin(JdbcResourceLocalTransactionCoordinatorImpl.java:232)
	at org.hibernate.engine.transaction.internal.TransactionImpl.begin(TransactionImpl.java:83)
	at org.springframework.orm.jpa.vendor.HibernateJpaDialect.beginTransaction(HibernateJpaDialect.java:176)
	at org.springframework.orm.jpa.JpaTransactionManager.doBegin(JpaTransactionManager.java:421)
	... 23 common frames omitted
Caused by: java.sql.SQLTransientConnectionException: HikariPool-4 - Connection is not available, request timed out after 30006ms (total=0, active=0, idle=0, waiting=0)
	at com.zaxxer.hikari.pool.HikariPool.createTimeoutException(HikariPool.java:714)
	at com.zaxxer.hikari.pool.HikariPool.getConnection(HikariPool.java:184)
	at com.zaxxer.hikari.pool.HikariPool.getConnection(HikariPool.java:142)
	at com.zaxxer.hikari.HikariDataSource.getConnection(HikariDataSource.java:127)
	at org.hibernate.engine.jdbc.connections.internal.DatasourceConnectionProviderImpl.getConnection(DatasourceConnectionProviderImpl.java:126)
	at org.hibernate.internal.NonContextualJdbcConnectionAccess.obtainConnection(NonContextualJdbcConnectionAccess.java:46)
	at org.hibernate.resource.jdbc.internal.LogicalConnectionManagedImpl.acquireConnectionIfNeeded(LogicalConnectionManagedImpl.java:126)
	... 30 common frames omitted
Caused by: org.postgresql.util.PSQLException: This connection has been closed.
	at org.postgresql.jdbc.PgConnection.checkClosed(PgConnection.java:1012)
	at org.postgresql.jdbc.PgConnection.setNetworkTimeout(PgConnection.java:1736)
	at com.zaxxer.hikari.pool.PoolBase.setNetworkTimeout(PoolBase.java:582)
	at com.zaxxer.hikari.pool.PoolBase.isConnectionDead(PoolBase.java:174)
	at com.zaxxer.hikari.pool.HikariPool$KeepaliveTask.run(HikariPool.java:882)
	... 6 common frames omitted
2026-02-25 23:48:29 INFO  [] c.s.s.scheduler.DealScheduler - Starting expired deals cleanup job
2026-02-25 23:48:59 WARN  [] o.h.e.jdbc.spi.SqlExceptionHelper - SQL Error: 0, SQLState: 08003
2026-02-25 23:48:59 ERROR [] o.h.e.jdbc.spi.SqlExceptionHelper - HikariPool-4 - Connection is not available, request timed out after 30000ms (total=0, active=0, idle=0, waiting=0)
2026-02-25 23:48:59 ERROR [] o.h.e.jdbc.spi.SqlExceptionHelper - This connection has been closed.
2026-02-25 23:48:59 ERROR [] o.s.s.s.TaskUtils$LoggingErrorHandler - Unexpected error occurred in scheduled task
org.springframework.transaction.CannotCreateTransactionException: Could not open JPA EntityManager for transaction
	at org.springframework.orm.jpa.JpaTransactionManager.doBegin(JpaTransactionManager.java:467)
	at org.springframework.transaction.support.AbstractPlatformTransactionManager.startTransaction(AbstractPlatformTransactionManager.java:532)
	at org.springframework.transaction.support.AbstractPlatformTransactionManager.getTransaction(AbstractPlatformTransactionManager.java:405)
	at org.springframework.transaction.interceptor.TransactionAspectSupport.createTransactionIfNecessary(TransactionAspectSupport.java:639)
	at org.springframework.transaction.interceptor.TransactionAspectSupport.invokeWithinTransaction(TransactionAspectSupport.java:374)
	at org.springframework.transaction.interceptor.TransactionInterceptor.invoke(TransactionInterceptor.java:119)
	at org.springframework.aop.framework.ReflectiveMethodInvocation.proceed(ReflectiveMethodInvocation.java:184)
	at org.springframework.aop.framework.CglibAopProxy$DynamicAdvisedInterceptor.intercept(CglibAopProxy.java:728)
	at com.snatchmart.snatchmart.service.serviceImpl.AffiliateSyncServiceImpl$$SpringCGLIB$$0.cleanupExpiredDeals(<generated>)
	at com.snatchmart.snatchmart.scheduler.DealScheduler.cleanupExpiredDeals(DealScheduler.java:28)
	at java.base/jdk.internal.reflect.DirectMethodHandleAccessor.invoke(DirectMethodHandleAccessor.java:103)
	at java.base/java.lang.reflect.Method.invoke(Method.java:580)
	at org.springframework.scheduling.support.ScheduledMethodRunnable.runInternal(ScheduledMethodRunnable.java:130)
	at org.springframework.scheduling.support.ScheduledMethodRunnable.lambda$run$2(ScheduledMethodRunnable.java:124)
	at io.micrometer.observation.Observation.observe(Observation.java:498)
	at org.springframework.scheduling.support.ScheduledMethodRunnable.run(ScheduledMethodRunnable.java:124)
	at org.springframework.scheduling.config.Task$OutcomeTrackingRunnable.run(Task.java:85)
	at org.springframework.scheduling.support.DelegatingErrorHandlingRunnable.run(DelegatingErrorHandlingRunnable.java:54)
	at org.springframework.scheduling.concurrent.ReschedulingRunnable.run(ReschedulingRunnable.java:96)
	at java.base/java.util.concurrent.Executors$RunnableAdapter.call(Executors.java:572)
	at java.base/java.util.concurrent.FutureTask.run(FutureTask.java:317)
	at java.base/java.util.concurrent.ScheduledThreadPoolExecutor$ScheduledFutureTask.run(ScheduledThreadPoolExecutor.java:304)
	at java.base/java.util.concurrent.ThreadPoolExecutor.runWorker(ThreadPoolExecutor.java:1144)
	at java.base/java.util.concurrent.ThreadPoolExecutor$Worker.run(ThreadPoolExecutor.java:642)
	at java.base/java.lang.Thread.run(Thread.java:1583)
Caused by: org.hibernate.exception.JDBCConnectionException: Unable to acquire JDBC Connection [HikariPool-4 - Connection is not available, request timed out after 30000ms (total=0, active=0, idle=0, waiting=0)] [n/a]
	at org.hibernate.exception.internal.SQLExceptionTypeDelegate.convert(SQLExceptionTypeDelegate.java:51)
	at org.hibernate.exception.internal.StandardSQLExceptionConverter.convert(StandardSQLExceptionConverter.java:58)
	at org.hibernate.engine.jdbc.spi.SqlExceptionHelper.convert(SqlExceptionHelper.java:108)
	at org.hibernate.engine.jdbc.spi.SqlExceptionHelper.convert(SqlExceptionHelper.java:94)
	at org.hibernate.resource.jdbc.internal.LogicalConnectionManagedImpl.acquireConnectionIfNeeded(LogicalConnectionManagedImpl.java:129)
	at org.hibernate.resource.jdbc.internal.LogicalConnectionManagedImpl.getPhysicalConnection(LogicalConnectionManagedImpl.java:156)
	at org.hibernate.resource.jdbc.internal.LogicalConnectionManagedImpl.getConnectionForTransactionManagement(LogicalConnectionManagedImpl.java:286)
	at org.hibernate.resource.jdbc.internal.LogicalConnectionManagedImpl.begin(LogicalConnectionManagedImpl.java:294)
	at org.hibernate.resource.transaction.backend.jdbc.internal.JdbcResourceLocalTransactionCoordinatorImpl$TransactionDriverControlImpl.begin(JdbcResourceLocalTransactionCoordinatorImpl.java:232)
	at org.hibernate.engine.transaction.internal.TransactionImpl.begin(TransactionImpl.java:83)
	at org.springframework.orm.jpa.vendor.HibernateJpaDialect.beginTransaction(HibernateJpaDialect.java:176)
	at org.springframework.orm.jpa.JpaTransactionManager.doBegin(JpaTransactionManager.java:421)
	... 24 common frames omitted
Caused by: java.sql.SQLTransientConnectionException: HikariPool-4 - Connection is not available, request timed out after 30000ms (total=0, active=0, idle=0, waiting=0)
	at com.zaxxer.hikari.pool.HikariPool.createTimeoutException(HikariPool.java:714)
	at com.zaxxer.hikari.pool.HikariPool.getConnection(HikariPool.java:184)
	at com.zaxxer.hikari.pool.HikariPool.getConnection(HikariPool.java:142)
	at com.zaxxer.hikari.HikariDataSource.getConnection(HikariDataSource.java:127)
	at org.hibernate.engine.jdbc.connections.internal.DatasourceConnectionProviderImpl.getConnection(DatasourceConnectionProviderImpl.java:126)
	at org.hibernate.internal.NonContextualJdbcConnectionAccess.obtainConnection(NonContextualJdbcConnectionAccess.java:46)
	at org.hibernate.resource.jdbc.internal.LogicalConnectionManagedImpl.acquireConnectionIfNeeded(LogicalConnectionManagedImpl.java:126)
	... 31 common frames omitted
Caused by: org.postgresql.util.PSQLException: This connection has been closed.
	at org.postgresql.jdbc.PgConnection.checkClosed(PgConnection.java:1012)
	at org.postgresql.jdbc.PgConnection.setNetworkTimeout(PgConnection.java:1736)
	at com.zaxxer.hikari.pool.PoolBase.setNetworkTimeout(PoolBase.java:582)
	at com.zaxxer.hikari.pool.PoolBase.isConnectionDead(PoolBase.java:174)
	at com.zaxxer.hikari.pool.HikariPool$KeepaliveTask.run(HikariPool.java:882)
	at java.base/java.util.concurrent.Executors$RunnableAdapter.call(Executors.java:572)
	at java.base/java.util.concurrent.FutureTask.runAndReset(FutureTask.java:358)
	at java.base/java.util.concurrent.ScheduledThreadPoolExecutor$ScheduledFutureTask.run(ScheduledThreadPoolExecutor.java:305)
	... 3 common frames omitted
