2026-02-12 02:53:07 INFO  [] o.h.validator.internal.util.Version - HV000001: Hibernate Validator 8.0.3.Final
2026-02-12 02:53:07 INFO  [] c.s.snatchmart.SnatchMartApplication - Starting SnatchMartApplication using Java 21.0.9 with PID 25785 (/Users/pulkitgiddu/Documents/Code/Backend/snatchMart/target/classes started by pulkitgiddu in /Users/pulkitgiddu/Documents/Code/Backend/snatchMart)
2026-02-12 02:53:07 DEBUG [] c.s.snatchmart.SnatchMartApplication - Running with Spring Boot v3.5.6, Spring v6.2.11
2026-02-12 02:53:07 INFO  [] c.s.snatchmart.SnatchMartApplication - The following 1 profile is active: "local"
2026-02-12 02:53:07 INFO  [] o.s.b.d.e.DevToolsPropertyDefaultsPostProcessor - Devtools property defaults active! Set 'spring.devtools.add-properties' to 'false' to disable
2026-02-12 02:53:07 INFO  [] o.s.b.d.e.DevToolsPropertyDefaultsPostProcessor - For additional web related logging consider setting the 'logging.level.web' property to 'DEBUG'
2026-02-12 02:53:07 INFO  [] o.s.d.r.c.RepositoryConfigurationDelegate - Multiple Spring Data modules found, entering strict repository configuration mode
2026-02-12 02:53:07 INFO  [] o.s.d.r.c.RepositoryConfigurationDelegate - Bootstrapping Spring Data JPA repositories in DEFAULT mode.
2026-02-12 02:53:07 INFO  [] o.s.d.r.c.RepositoryConfigurationDelegate - Finished Spring Data repository scanning in 53 ms. Found 12 JPA repository interfaces.
2026-02-12 02:53:07 INFO  [] o.s.b.w.e.tomcat.TomcatWebServer - Tomcat initialized with port 8081 (http)
2026-02-12 02:53:07 INFO  [] o.a.coyote.http11.Http11NioProtocol - Initializing ProtocolHandler ["http-nio-8081"]
2026-02-12 02:53:07 INFO  [] o.a.catalina.core.StandardService - Starting service [Tomcat]
2026-02-12 02:53:07 INFO  [] o.a.catalina.core.StandardEngine - Starting Servlet engine: [Apache Tomcat/10.1.46]
2026-02-12 02:53:07 INFO  [] o.a.c.c.C.[Tomcat].[localhost].[/] - Initializing Spring embedded WebApplicationContext
2026-02-12 02:53:07 INFO  [] o.s.b.w.s.c.ServletWebServerApplicationContext - Root WebApplicationContext: initialization completed in 577 ms
2026-02-12 02:53:07 INFO  [] o.h.jpa.internal.util.LogHelper - HHH000204: Processing PersistenceUnitInfo [name: default]
2026-02-12 02:53:07 INFO  [] org.hibernate.Version - HHH000412: Hibernate ORM core version 6.6.29.Final
2026-02-12 02:53:07 INFO  [] o.h.c.i.RegionFactoryInitiator - HHH000026: Second-level cache disabled
2026-02-12 02:53:07 INFO  [] o.s.o.j.p.SpringPersistenceUnitInfo - No LoadTimeWeaver setup: ignoring JPA class transformer
2026-02-12 02:53:07 INFO  [] com.zaxxer.hikari.HikariDataSource - HikariPool-1 - Starting...
2026-02-12 02:53:08 INFO  [] com.zaxxer.hikari.pool.HikariPool - HikariPool-1 - Added connection conn0: url=jdbc:h2:mem:snatchmart user=SA
2026-02-12 02:53:08 INFO  [] com.zaxxer.hikari.HikariDataSource - HikariPool-1 - Start completed.
2026-02-12 02:53:08 WARN  [] org.hibernate.orm.deprecation - HHH90000025: H2Dialect does not need to be specified explicitly using 'hibernate.dialect' (remove the property setting and it will be selected by default)
2026-02-12 02:53:08 INFO  [] o.hibernate.orm.connections.pooling - HHH10001005: Database info:
	Database JDBC URL [Connecting through datasource 'HikariDataSource (HikariPool-1)']
	Database driver: undefined/unknown
	Database version: 2.3.232
	Autocommit mode: undefined/unknown
	Isolation level: undefined/unknown
	Minimum pool size: undefined/unknown
	Maximum pool size: undefined/unknown
2026-02-12 02:53:08 INFO  [] o.h.e.t.j.p.i.JtaPlatformInitiator - HHH000489: No JTA platform available (set 'hibernate.transaction.jta.platform' to enable JTA platform integration)
2026-02-12 02:53:08 INFO  [] o.s.o.j.LocalContainerEntityManagerFactoryBean - Initialized JPA EntityManagerFactory for persistence unit 'default'
2026-02-12 02:53:08 INFO  [] o.s.d.j.r.query.QueryEnhancerFactory - Hibernate is in classpath; If applicable, HQL parser will be used.
2026-02-12 02:53:08 DEBUG [] c.s.s.s.JwtAuthenticationFilter - Filter 'jwtAuthenticationFilter' configured for use
2026-02-12 02:53:08 INFO  [] o.s.s.c.a.a.c.InitializeAuthenticationProviderBeanManagerConfigurer$InitializeAuthenticationProviderManagerConfigurer - Global AuthenticationManager configured with AuthenticationProvider bean with name authenticationProvider
2026-02-12 02:53:08 WARN  [] o.s.s.c.a.a.c.InitializeUserDetailsBeanManagerConfigurer$InitializeUserDetailsManagerConfigurer - Global AuthenticationManager configured with an AuthenticationProvider bean. UserDetailsService beans will not be used by Spring Security for automatically configuring username/password login. Consider removing the AuthenticationProvider bean. Alternatively, consider using the UserDetailsService in a manually instantiated DaoAuthenticationProvider. If the current configuration is intentional, to turn off this warning, increase the logging level of 'org.springframework.security.config.annotation.authentication.configuration.InitializeUserDetailsBeanManagerConfigurer' to ERROR
2026-02-12 02:53:08 WARN  [] o.s.b.a.o.j.JpaBaseConfiguration$JpaWebConfiguration - spring.jpa.open-in-view is enabled by default. Therefore, database queries may be performed during view rendering. Explicitly configure spring.jpa.open-in-view to disable this warning
2026-02-12 02:53:09 INFO  [] o.s.b.a.h.H2ConsoleAutoConfiguration - H2 console available at '/h2-console'. Database available at 'jdbc:h2:mem:snatchmart'
2026-02-12 02:53:09 INFO  [] o.s.b.d.a.OptionalLiveReloadServer - LiveReload server is running on port 35729
2026-02-12 02:53:09 INFO  [] o.a.coyote.http11.Http11NioProtocol - Starting ProtocolHandler ["http-nio-8081"]
2026-02-12 02:53:09 INFO  [] o.s.b.w.e.tomcat.TomcatWebServer - Tomcat started on port 8081 (http) with context path '/'
2026-02-12 02:53:09 INFO  [] c.s.snatchmart.SnatchMartApplication - Started SnatchMartApplication in 2.123 seconds (process running for 2.272)
2026-02-12 02:53:09 INFO  [] c.s.s.scheduler.DealScheduler - Starting 30-min price sync job
2026-02-12 02:53:09 INFO  [] c.s.s.s.s.AffiliateSyncServiceImpl - Synced 0 deals from amazon
2026-02-12 02:53:09 INFO  [] c.s.s.s.s.AffiliateSyncServiceImpl - Synced 0 deals from flipkart
2026-02-12 02:53:19 INFO  [] o.a.c.c.C.[Tomcat].[localhost].[/] - Initializing Spring DispatcherServlet 'dispatcherServlet'
2026-02-12 02:53:19 INFO  [] o.s.web.servlet.DispatcherServlet - Initializing Servlet 'dispatcherServlet'
2026-02-12 02:53:19 INFO  [] o.s.web.servlet.DispatcherServlet - Completed initialization in 1 ms
2026-02-12 03:23:09 INFO  [] c.s.s.scheduler.DealScheduler - Starting 30-min price sync job
2026-02-12 03:23:09 INFO  [] c.s.s.s.s.AffiliateSyncServiceImpl - Synced 0 deals from amazon
2026-02-12 03:23:09 INFO  [] c.s.s.s.s.AffiliateSyncServiceImpl - Synced 0 deals from flipkart
2026-02-12 03:53:09 INFO  [] c.s.s.scheduler.DealScheduler - Starting 30-min price sync job
2026-02-12 03:53:09 INFO  [] c.s.s.s.s.AffiliateSyncServiceImpl - Synced 0 deals from amazon
2026-02-12 03:53:09 INFO  [] c.s.s.s.s.AffiliateSyncServiceImpl - Synced 0 deals from flipkart
2026-02-12 04:23:09 INFO  [] c.s.s.scheduler.DealScheduler - Starting 30-min price sync job
2026-02-12 04:23:09 INFO  [] c.s.s.s.s.AffiliateSyncServiceImpl - Synced 0 deals from amazon
2026-02-12 04:23:09 INFO  [] c.s.s.s.s.AffiliateSyncServiceImpl - Synced 0 deals from flipkart
2026-02-12 04:51:36 WARN  [] o.h.e.jdbc.spi.SqlExceptionHelper - SQL Error: 23505, SQLState: 23505
2026-02-12 04:51:36 ERROR [] o.h.e.jdbc.spi.SqlExceptionHelper - Unique index or primary key violation: "public.CONSTRAINT_INDEX_72 ON public.user_login(email_id NULLS LAST) VALUES ( /* 2 */ 'abc@gmail.com' )"; SQL statement:
insert into user_login (created_at,email_id,first_name,is_active,last_name,password_hash,profile_picture_url,referral_code,referred_by_id,updated_at,username,id) values (?,?,?,?,?,?,?,?,?,?,?,?) [23505-232]
2026-02-12 04:51:36 WARN  [] o.s.w.s.m.m.a.ExceptionHandlerExceptionResolver - Resolved [org.springframework.dao.DataIntegrityViolationException: could not execute statement [Unique index or primary key violation: "public.CONSTRAINT_INDEX_72 ON public.user_login(email_id NULLS LAST) VALUES ( /* 2 */ 'abc@gmail.com' )"; SQL statement:<EOL>insert into user_login (created_at,email_id,first_name,is_active,last_name,password_hash,profile_picture_url,referral_code,referred_by_id,updated_at,username,id) values (?,?,?,?,?,?,?,?,?,?,?,?) [23505-232]] [insert into user_login (created_at,email_id,first_name,is_active,last_name,password_hash,profile_picture_url,referral_code,referred_by_id,updated_at,username,id) values (?,?,?,?,?,?,?,?,?,?,?,?)]; SQL [insert into user_login (created_at,email_id,first_name,is_active,last_name,password_hash,profile_picture_url,referral_code,referred_by_id,updated_at,username,id) values (?,?,?,?,?,?,?,?,?,?,?,?)]; constraint [public.CONSTRAINT_INDEX_72]]
2026-02-12 04:53:09 INFO  [] c.s.s.scheduler.DealScheduler - Starting 30-min price sync job
2026-02-12 04:53:09 INFO  [] c.s.s.s.s.AffiliateSyncServiceImpl - Synced 0 deals from amazon
2026-02-12 04:53:09 INFO  [] c.s.s.s.s.AffiliateSyncServiceImpl - Synced 0 deals from flipkart
2026-02-12 05:02:35 INFO  [] o.s.b.d.a.LocalDevToolsAutoConfiguration$RestartingClassPathChangeChangedEventListener - Restarting due to 132 class path changes (0 additions, 0 deletions, 132 modifications)
2026-02-12 05:02:35 INFO  [] o.s.b.w.e.tomcat.GracefulShutdown - Commencing graceful shutdown. Waiting for active requests to complete
2026-02-12 05:02:35 INFO  [] o.a.coyote.http11.Http11NioProtocol - Pausing ProtocolHandler ["http-nio-8081"]
2026-02-12 05:02:35 INFO  [] o.s.b.w.e.tomcat.GracefulShutdown - Graceful shutdown complete
2026-02-12 05:02:35 INFO  [] o.a.coyote.http11.Http11NioProtocol - Stopping ProtocolHandler ["http-nio-8081"]
2026-02-12 05:02:35 INFO  [] o.s.o.j.LocalContainerEntityManagerFactoryBean - Closing JPA EntityManagerFactory for persistence unit 'default'
2026-02-12 05:02:35 WARN  [] o.s.b.f.s.DisposableBeanAdapter - Invocation of destroy method failed on bean with name 'inMemoryDatabaseShutdownExecutor': org.h2.jdbc.JdbcSQLNonTransientConnectionException: Database is already closed (to disable automatic closing at VM shutdown, add ";DB_CLOSE_ON_EXIT=FALSE" to the db URL) [90121-232]
2026-02-12 05:02:35 INFO  [] com.zaxxer.hikari.HikariDataSource - HikariPool-1 - Shutdown initiated...
2026-02-12 05:02:35 INFO  [] com.zaxxer.hikari.HikariDataSource - HikariPool-1 - Shutdown completed.
2026-02-12 05:02:35 INFO  [] c.s.snatchmart.SnatchMartApplication - Starting SnatchMartApplication using Java 21.0.9 with PID 25785 (/Users/pulkitgiddu/Documents/Code/Backend/snatchMart/target/classes started by pulkitgiddu in /Users/pulkitgiddu/Documents/Code/Backend/snatchMart)
2026-02-12 05:02:35 DEBUG [] c.s.snatchmart.SnatchMartApplication - Running with Spring Boot v3.5.6, Spring v6.2.11
2026-02-12 05:02:35 INFO  [] c.s.snatchmart.SnatchMartApplication - The following 1 profile is active: "local"
2026-02-12 05:02:35 INFO  [] o.s.d.r.c.RepositoryConfigurationDelegate - Multiple Spring Data modules found, entering strict repository configuration mode
2026-02-12 05:02:35 INFO  [] o.s.d.r.c.RepositoryConfigurationDelegate - Bootstrapping Spring Data JPA repositories in DEFAULT mode.
2026-02-12 05:02:35 INFO  [] o.s.d.r.c.RepositoryConfigurationDelegate - Finished Spring Data repository scanning in 13 ms. Found 12 JPA repository interfaces.
2026-02-12 05:02:35 INFO  [] o.s.b.w.e.tomcat.TomcatWebServer - Tomcat initialized with port 8081 (http)
2026-02-12 05:02:35 INFO  [] o.a.coyote.http11.Http11NioProtocol - Initializing ProtocolHandler ["http-nio-8081"]
2026-02-12 05:02:35 INFO  [] o.a.catalina.core.StandardService - Starting service [Tomcat]
2026-02-12 05:02:35 INFO  [] o.a.catalina.core.StandardEngine - Starting Servlet engine: [Apache Tomcat/10.1.46]
2026-02-12 05:02:35 INFO  [] o.a.c.c.C.[Tomcat].[localhost].[/] - Initializing Spring embedded WebApplicationContext
2026-02-12 05:02:35 INFO  [] o.s.b.w.s.c.ServletWebServerApplicationContext - Root WebApplicationContext: initialization completed in 203 ms
2026-02-12 05:02:35 INFO  [] o.h.jpa.internal.util.LogHelper - HHH000204: Processing PersistenceUnitInfo [name: default]
2026-02-12 05:02:35 INFO  [] o.h.c.i.RegionFactoryInitiator - HHH000026: Second-level cache disabled
2026-02-12 05:02:35 INFO  [] o.s.o.j.p.SpringPersistenceUnitInfo - No LoadTimeWeaver setup: ignoring JPA class transformer
2026-02-12 05:02:35 INFO  [] com.zaxxer.hikari.HikariDataSource - HikariPool-2 - Starting...
2026-02-12 05:02:35 INFO  [] com.zaxxer.hikari.pool.HikariPool - HikariPool-2 - Added connection conn52: url=jdbc:h2:mem:snatchmart user=SA
2026-02-12 05:02:35 INFO  [] com.zaxxer.hikari.HikariDataSource - HikariPool-2 - Start completed.
2026-02-12 05:02:35 WARN  [] org.hibernate.orm.deprecation - HHH90000025: H2Dialect does not need to be specified explicitly using 'hibernate.dialect' (remove the property setting and it will be selected by default)
2026-02-12 05:02:35 INFO  [] o.hibernate.orm.connections.pooling - HHH10001005: Database info:
	Database JDBC URL [Connecting through datasource 'HikariDataSource (HikariPool-2)']
	Database driver: undefined/unknown
	Database version: 2.3.232
	Autocommit mode: undefined/unknown
	Isolation level: undefined/unknown
	Minimum pool size: undefined/unknown
	Maximum pool size: undefined/unknown
2026-02-12 05:02:35 INFO  [] o.h.e.t.j.p.i.JtaPlatformInitiator - HHH000489: No JTA platform available (set 'hibernate.transaction.jta.platform' to enable JTA platform integration)
2026-02-12 05:02:35 INFO  [] o.s.o.j.LocalContainerEntityManagerFactoryBean - Initialized JPA EntityManagerFactory for persistence unit 'default'
2026-02-12 05:02:35 DEBUG [] c.s.s.s.JwtAuthenticationFilter - Filter 'jwtAuthenticationFilter' configured for use
2026-02-12 05:02:35 INFO  [] o.s.s.c.a.a.c.InitializeAuthenticationProviderBeanManagerConfigurer$InitializeAuthenticationProviderManagerConfigurer - Global AuthenticationManager configured with AuthenticationProvider bean with name authenticationProvider
2026-02-12 05:02:35 WARN  [] o.s.s.c.a.a.c.InitializeUserDetailsBeanManagerConfigurer$InitializeUserDetailsManagerConfigurer - Global AuthenticationManager configured with an AuthenticationProvider bean. UserDetailsService beans will not be used by Spring Security for automatically configuring username/password login. Consider removing the AuthenticationProvider bean. Alternatively, consider using the UserDetailsService in a manually instantiated DaoAuthenticationProvider. If the current configuration is intentional, to turn off this warning, increase the logging level of 'org.springframework.security.config.annotation.authentication.configuration.InitializeUserDetailsBeanManagerConfigurer' to ERROR
2026-02-12 05:02:35 WARN  [] o.s.b.a.o.j.JpaBaseConfiguration$JpaWebConfiguration - spring.jpa.open-in-view is enabled by default. Therefore, database queries may be performed during view rendering. Explicitly configure spring.jpa.open-in-view to disable this warning
2026-02-12 05:02:35 INFO  [] o.s.b.a.h.H2ConsoleAutoConfiguration - H2 console available at '/h2-console'. Database available at 'jdbc:h2:mem:snatchmart'
2026-02-12 05:02:35 INFO  [] o.s.b.d.a.OptionalLiveReloadServer - LiveReload server is running on port 35729
2026-02-12 05:02:35 INFO  [] o.a.coyote.http11.Http11NioProtocol - Starting ProtocolHandler ["http-nio-8081"]
2026-02-12 05:02:35 INFO  [] o.s.b.w.e.tomcat.TomcatWebServer - Tomcat started on port 8081 (http) with context path '/'
2026-02-12 05:02:35 INFO  [] c.s.s.scheduler.DealScheduler - Starting 30-min price sync job
2026-02-12 05:02:35 INFO  [] c.s.s.s.s.AffiliateSyncServiceImpl - Synced 0 deals from amazon
2026-02-12 05:02:35 INFO  [] c.s.snatchmart.SnatchMartApplication - Started SnatchMartApplication in 0.726 seconds (process running for 7769.022)
2026-02-12 05:02:35 INFO  [] c.s.s.s.s.AffiliateSyncServiceImpl - Synced 0 deals from flipkart
2026-02-12 05:02:35 INFO  [] o.s.b.d.a.ConditionEvaluationDeltaLoggingListener - Condition evaluation unchanged
2026-02-12 05:03:56 INFO  [] o.s.b.w.e.tomcat.GracefulShutdown - Commencing graceful shutdown. Waiting for active requests to complete
2026-02-12 05:03:56 INFO  [] o.s.b.w.e.tomcat.GracefulShutdown - Graceful shutdown complete
2026-02-12 05:03:56 INFO  [] o.s.o.j.LocalContainerEntityManagerFactoryBean - Closing JPA EntityManagerFactory for persistence unit 'default'
2026-02-12 05:03:56 WARN  [] o.s.b.f.s.DisposableBeanAdapter - Invocation of destroy method failed on bean with name 'inMemoryDatabaseShutdownExecutor': org.h2.jdbc.JdbcSQLNonTransientConnectionException: Database is already closed (to disable automatic closing at VM shutdown, add ";DB_CLOSE_ON_EXIT=FALSE" to the db URL) [90121-232]
2026-02-12 05:03:56 INFO  [] com.zaxxer.hikari.HikariDataSource - HikariPool-2 - Shutdown initiated...
2026-02-12 05:03:56 INFO  [] com.zaxxer.hikari.HikariDataSource - HikariPool-2 - Shutdown completed.
2026-02-12 05:04:05 INFO  [] o.h.validator.internal.util.Version - HV000001: Hibernate Validator 8.0.3.Final
2026-02-12 05:04:05 INFO  [] c.s.snatchmart.SnatchMartApplication - Starting SnatchMartApplication using Java 21.0.9 with PID 39830 (/Users/pulkitgiddu/Documents/Code/Backend/snatchMart/target/classes started by pulkitgiddu in /Users/pulkitgiddu/Documents/Code/Backend/snatchMart)
2026-02-12 05:04:05 DEBUG [] c.s.snatchmart.SnatchMartApplication - Running with Spring Boot v3.5.6, Spring v6.2.11
2026-02-12 05:04:05 INFO  [] c.s.snatchmart.SnatchMartApplication - The following 1 profile is active: "local"
2026-02-12 05:04:05 INFO  [] o.s.b.d.e.DevToolsPropertyDefaultsPostProcessor - Devtools property defaults active! Set 'spring.devtools.add-properties' to 'false' to disable
2026-02-12 05:04:05 INFO  [] o.s.b.d.e.DevToolsPropertyDefaultsPostProcessor - For additional web related logging consider setting the 'logging.level.web' property to 'DEBUG'
2026-02-12 05:04:05 INFO  [] o.s.d.r.c.RepositoryConfigurationDelegate - Multiple Spring Data modules found, entering strict repository configuration mode
2026-02-12 05:04:05 INFO  [] o.s.d.r.c.RepositoryConfigurationDelegate - Bootstrapping Spring Data JPA repositories in DEFAULT mode.
2026-02-12 05:04:05 INFO  [] o.s.d.r.c.RepositoryConfigurationDelegate - Finished Spring Data repository scanning in 54 ms. Found 12 JPA repository interfaces.
2026-02-12 05:04:06 INFO  [] o.s.b.w.e.tomcat.TomcatWebServer - Tomcat initialized with port 8081 (http)
2026-02-12 05:04:06 INFO  [] o.a.coyote.http11.Http11NioProtocol - Initializing ProtocolHandler ["http-nio-8081"]
2026-02-12 05:04:06 INFO  [] o.a.catalina.core.StandardService - Starting service [Tomcat]
2026-02-12 05:04:06 INFO  [] o.a.catalina.core.StandardEngine - Starting Servlet engine: [Apache Tomcat/10.1.46]
2026-02-12 05:04:06 INFO  [] o.a.c.c.C.[Tomcat].[localhost].[/] - Initializing Spring embedded WebApplicationContext
2026-02-12 05:04:06 INFO  [] o.s.b.w.s.c.ServletWebServerApplicationContext - Root WebApplicationContext: initialization completed in 642 ms
2026-02-12 05:04:06 INFO  [] o.h.jpa.internal.util.LogHelper - HHH000204: Processing PersistenceUnitInfo [name: default]
2026-02-12 05:04:06 INFO  [] org.hibernate.Version - HHH000412: Hibernate ORM core version 6.6.29.Final
2026-02-12 05:04:06 INFO  [] o.h.c.i.RegionFactoryInitiator - HHH000026: Second-level cache disabled
2026-02-12 05:04:06 INFO  [] o.s.o.j.p.SpringPersistenceUnitInfo - No LoadTimeWeaver setup: ignoring JPA class transformer
2026-02-12 05:04:06 INFO  [] com.zaxxer.hikari.HikariDataSource - HikariPool-1 - Starting...
2026-02-12 05:04:06 INFO  [] com.zaxxer.hikari.pool.HikariPool - HikariPool-1 - Added connection conn0: url=jdbc:h2:mem:snatchmart user=SA
2026-02-12 05:04:06 INFO  [] com.zaxxer.hikari.HikariDataSource - HikariPool-1 - Start completed.
2026-02-12 05:04:06 WARN  [] org.hibernate.orm.deprecation - HHH90000025: H2Dialect does not need to be specified explicitly using 'hibernate.dialect' (remove the property setting and it will be selected by default)
2026-02-12 05:04:06 INFO  [] o.hibernate.orm.connections.pooling - HHH10001005: Database info:
	Database JDBC URL [Connecting through datasource 'HikariDataSource (HikariPool-1)']
	Database driver: undefined/unknown
	Database version: 2.3.232
	Autocommit mode: undefined/unknown
	Isolation level: undefined/unknown
	Minimum pool size: undefined/unknown
	Maximum pool size: undefined/unknown
2026-02-12 05:04:07 INFO  [] o.h.e.t.j.p.i.JtaPlatformInitiator - HHH000489: No JTA platform available (set 'hibernate.transaction.jta.platform' to enable JTA platform integration)
2026-02-12 05:04:07 INFO  [] o.s.o.j.LocalContainerEntityManagerFactoryBean - Initialized JPA EntityManagerFactory for persistence unit 'default'
2026-02-12 05:04:07 INFO  [] o.s.d.j.r.query.QueryEnhancerFactory - Hibernate is in classpath; If applicable, HQL parser will be used.
2026-02-12 05:04:07 DEBUG [] c.s.s.s.JwtAuthenticationFilter - Filter 'jwtAuthenticationFilter' configured for use
2026-02-12 05:04:07 INFO  [] o.s.s.c.a.a.c.InitializeAuthenticationProviderBeanManagerConfigurer$InitializeAuthenticationProviderManagerConfigurer - Global AuthenticationManager configured with AuthenticationProvider bean with name authenticationProvider
2026-02-12 05:04:07 WARN  [] o.s.s.c.a.a.c.InitializeUserDetailsBeanManagerConfigurer$InitializeUserDetailsManagerConfigurer - Global AuthenticationManager configured with an AuthenticationProvider bean. UserDetailsService beans will not be used by Spring Security for automatically configuring username/password login. Consider removing the AuthenticationProvider bean. Alternatively, consider using the UserDetailsService in a manually instantiated DaoAuthenticationProvider. If the current configuration is intentional, to turn off this warning, increase the logging level of 'org.springframework.security.config.annotation.authentication.configuration.InitializeUserDetailsBeanManagerConfigurer' to ERROR
2026-02-12 05:04:07 WARN  [] o.s.b.a.o.j.JpaBaseConfiguration$JpaWebConfiguration - spring.jpa.open-in-view is enabled by default. Therefore, database queries may be performed during view rendering. Explicitly configure spring.jpa.open-in-view to disable this warning
2026-02-12 05:04:07 INFO  [] o.s.b.a.h.H2ConsoleAutoConfiguration - H2 console available at '/h2-console'. Database available at 'jdbc:h2:mem:snatchmart'
2026-02-12 05:04:07 INFO  [] o.s.b.d.a.OptionalLiveReloadServer - LiveReload server is running on port 35729
2026-02-12 05:04:07 INFO  [] o.a.coyote.http11.Http11NioProtocol - Starting ProtocolHandler ["http-nio-8081"]
2026-02-12 05:04:07 INFO  [] o.s.b.w.e.tomcat.TomcatWebServer - Tomcat started on port 8081 (http) with context path '/'
2026-02-12 05:04:07 INFO  [] c.s.snatchmart.SnatchMartApplication - Started SnatchMartApplication in 2.511 seconds (process running for 2.65)
2026-02-12 05:04:07 INFO  [] c.s.s.scheduler.DealScheduler - Starting 30-min price sync job
2026-02-12 05:04:07 INFO  [] c.s.s.s.s.AffiliateSyncServiceImpl - Synced 0 deals from amazon
2026-02-12 05:04:07 INFO  [] c.s.s.s.s.AffiliateSyncServiceImpl - Synced 0 deals from flipkart
2026-02-12 05:04:13 INFO  [] o.a.c.c.C.[Tomcat].[localhost].[/] - Initializing Spring DispatcherServlet 'dispatcherServlet'
2026-02-12 05:04:13 INFO  [] o.s.web.servlet.DispatcherServlet - Initializing Servlet 'dispatcherServlet'
2026-02-12 05:04:13 INFO  [] o.s.web.servlet.DispatcherServlet - Completed initialization in 2 ms
2026-02-12 05:10:13 INFO  [] o.s.b.w.e.tomcat.GracefulShutdown - Commencing graceful shutdown. Waiting for active requests to complete
2026-02-12 05:10:13 INFO  [] o.s.b.w.e.tomcat.GracefulShutdown - Graceful shutdown complete
2026-02-12 05:10:13 INFO  [] o.s.o.j.LocalContainerEntityManagerFactoryBean - Closing JPA EntityManagerFactory for persistence unit 'default'
2026-02-12 05:10:13 WARN  [] o.s.b.f.s.DisposableBeanAdapter - Invocation of destroy method failed on bean with name 'inMemoryDatabaseShutdownExecutor': org.h2.jdbc.JdbcSQLNonTransientConnectionException: Database is already closed (to disable automatic closing at VM shutdown, add ";DB_CLOSE_ON_EXIT=FALSE" to the db URL) [90121-232]
2026-02-12 05:10:13 INFO  [] com.zaxxer.hikari.HikariDataSource - HikariPool-1 - Shutdown initiated...
2026-02-12 05:10:13 INFO  [] com.zaxxer.hikari.HikariDataSource - HikariPool-1 - Shutdown completed.
2026-02-12 05:10:21 INFO  [] o.h.validator.internal.util.Version - HV000001: Hibernate Validator 8.0.3.Final
2026-02-12 05:10:21 INFO  [] c.s.snatchmart.SnatchMartApplication - Starting SnatchMartApplication using Java 21.0.9 with PID 41078 (/Users/pulkitgiddu/Documents/Code/Backend/snatchMart/target/classes started by pulkitgiddu in /Users/pulkitgiddu/Documents/Code/Backend/snatchMart)
2026-02-12 05:10:21 DEBUG [] c.s.snatchmart.SnatchMartApplication - Running with Spring Boot v3.5.6, Spring v6.2.11
2026-02-12 05:10:21 INFO  [] c.s.snatchmart.SnatchMartApplication - The following 1 profile is active: "local"
2026-02-12 05:10:21 INFO  [] o.s.b.d.e.DevToolsPropertyDefaultsPostProcessor - Devtools property defaults active! Set 'spring.devtools.add-properties' to 'false' to disable
2026-02-12 05:10:21 INFO  [] o.s.b.d.e.DevToolsPropertyDefaultsPostProcessor - For additional web related logging consider setting the 'logging.level.web' property to 'DEBUG'
2026-02-12 05:10:21 INFO  [] o.s.d.r.c.RepositoryConfigurationDelegate - Multiple Spring Data modules found, entering strict repository configuration mode
2026-02-12 05:10:21 INFO  [] o.s.d.r.c.RepositoryConfigurationDelegate - Bootstrapping Spring Data JPA repositories in DEFAULT mode.
2026-02-12 05:10:21 INFO  [] o.s.d.r.c.RepositoryConfigurationDelegate - Finished Spring Data repository scanning in 60 ms. Found 12 JPA repository interfaces.
2026-02-12 05:10:21 INFO  [] o.s.b.w.e.tomcat.TomcatWebServer - Tomcat initialized with port 8081 (http)
2026-02-12 05:10:21 INFO  [] o.a.coyote.http11.Http11NioProtocol - Initializing ProtocolHandler ["http-nio-8081"]
2026-02-12 05:10:21 INFO  [] o.a.catalina.core.StandardService - Starting service [Tomcat]
2026-02-12 05:10:21 INFO  [] o.a.catalina.core.StandardEngine - Starting Servlet engine: [Apache Tomcat/10.1.46]
2026-02-12 05:10:21 INFO  [] o.a.c.c.C.[Tomcat].[localhost].[/] - Initializing Spring embedded WebApplicationContext
2026-02-12 05:10:21 INFO  [] o.s.b.w.s.c.ServletWebServerApplicationContext - Root WebApplicationContext: initialization completed in 821 ms
2026-02-12 05:10:21 INFO  [] o.h.jpa.internal.util.LogHelper - HHH000204: Processing PersistenceUnitInfo [name: default]
2026-02-12 05:10:21 INFO  [] org.hibernate.Version - HHH000412: Hibernate ORM core version 6.6.29.Final
2026-02-12 05:10:21 INFO  [] o.h.c.i.RegionFactoryInitiator - HHH000026: Second-level cache disabled
2026-02-12 05:10:22 INFO  [] o.s.o.j.p.SpringPersistenceUnitInfo - No LoadTimeWeaver setup: ignoring JPA class transformer
2026-02-12 05:10:22 INFO  [] com.zaxxer.hikari.HikariDataSource - HikariPool-1 - Starting...
2026-02-12 05:10:22 INFO  [] com.zaxxer.hikari.pool.HikariPool - HikariPool-1 - Added connection conn0: url=jdbc:h2:mem:snatchmart user=SA
2026-02-12 05:10:22 INFO  [] com.zaxxer.hikari.HikariDataSource - HikariPool-1 - Start completed.
2026-02-12 05:10:22 WARN  [] org.hibernate.orm.deprecation - HHH90000025: H2Dialect does not need to be specified explicitly using 'hibernate.dialect' (remove the property setting and it will be selected by default)
2026-02-12 05:10:22 INFO  [] o.hibernate.orm.connections.pooling - HHH10001005: Database info:
	Database JDBC URL [Connecting through datasource 'HikariDataSource (HikariPool-1)']
	Database driver: undefined/unknown
	Database version: 2.3.232
	Autocommit mode: undefined/unknown
	Isolation level: undefined/unknown
	Minimum pool size: undefined/unknown
	Maximum pool size: undefined/unknown
2026-02-12 05:10:22 INFO  [] o.h.e.t.j.p.i.JtaPlatformInitiator - HHH000489: No JTA platform available (set 'hibernate.transaction.jta.platform' to enable JTA platform integration)
2026-02-12 05:10:22 INFO  [] o.s.o.j.LocalContainerEntityManagerFactoryBean - Initialized JPA EntityManagerFactory for persistence unit 'default'
2026-02-12 05:10:22 INFO  [] o.s.d.j.r.query.QueryEnhancerFactory - Hibernate is in classpath; If applicable, HQL parser will be used.
2026-02-12 05:10:22 DEBUG [] c.s.s.s.JwtAuthenticationFilter - Filter 'jwtAuthenticationFilter' configured for use
2026-02-12 05:10:22 INFO  [] o.s.s.c.a.a.c.InitializeAuthenticationProviderBeanManagerConfigurer$InitializeAuthenticationProviderManagerConfigurer - Global AuthenticationManager configured with AuthenticationProvider bean with name authenticationProvider
2026-02-12 05:10:22 WARN  [] o.s.s.c.a.a.c.InitializeUserDetailsBeanManagerConfigurer$InitializeUserDetailsManagerConfigurer - Global AuthenticationManager configured with an AuthenticationProvider bean. UserDetailsService beans will not be used by Spring Security for automatically configuring username/password login. Consider removing the AuthenticationProvider bean. Alternatively, consider using the UserDetailsService in a manually instantiated DaoAuthenticationProvider. If the current configuration is intentional, to turn off this warning, increase the logging level of 'org.springframework.security.config.annotation.authentication.configuration.InitializeUserDetailsBeanManagerConfigurer' to ERROR
2026-02-12 05:10:23 WARN  [] o.s.b.a.o.j.JpaBaseConfiguration$JpaWebConfiguration - spring.jpa.open-in-view is enabled by default. Therefore, database queries may be performed during view rendering. Explicitly configure spring.jpa.open-in-view to disable this warning
2026-02-12 05:10:23 INFO  [] o.s.b.a.h.H2ConsoleAutoConfiguration - H2 console available at '/h2-console'. Database available at 'jdbc:h2:mem:snatchmart'
2026-02-12 05:10:23 INFO  [] o.s.b.d.a.OptionalLiveReloadServer - LiveReload server is running on port 35729
2026-02-12 05:10:23 INFO  [] o.a.coyote.http11.Http11NioProtocol - Starting ProtocolHandler ["http-nio-8081"]
2026-02-12 05:10:23 INFO  [] o.s.b.w.e.tomcat.TomcatWebServer - Tomcat started on port 8081 (http) with context path '/'
2026-02-12 05:10:23 INFO  [] c.s.snatchmart.SnatchMartApplication - Started SnatchMartApplication in 2.59 seconds (process running for 2.734)
2026-02-12 05:10:23 INFO  [] c.s.s.scheduler.DealScheduler - Starting 30-min price sync job
2026-02-12 05:10:23 INFO  [] c.s.s.s.s.AffiliateSyncServiceImpl - Synced 0 deals from amazon
2026-02-12 05:10:23 INFO  [] c.s.s.s.s.AffiliateSyncServiceImpl - Synced 0 deals from flipkart
2026-02-12 05:10:28 INFO  [] o.a.c.c.C.[Tomcat].[localhost].[/] - Initializing Spring DispatcherServlet 'dispatcherServlet'
2026-02-12 05:10:28 INFO  [] o.s.web.servlet.DispatcherServlet - Initializing Servlet 'dispatcherServlet'
2026-02-12 05:10:28 INFO  [] o.s.web.servlet.DispatcherServlet - Completed initialization in 3 ms
2026-02-12 05:15:07 INFO  [] o.s.b.d.a.LocalDevToolsAutoConfiguration$RestartingClassPathChangeChangedEventListener - Restarting due to 1 class path change (0 additions, 0 deletions, 1 modification)
2026-02-12 05:15:08 INFO  [] o.s.b.w.e.tomcat.GracefulShutdown - Commencing graceful shutdown. Waiting for active requests to complete
2026-02-12 05:15:08 INFO  [] o.a.coyote.http11.Http11NioProtocol - Pausing ProtocolHandler ["http-nio-8081"]
2026-02-12 05:15:08 INFO  [] o.s.b.w.e.tomcat.GracefulShutdown - Graceful shutdown complete
2026-02-12 05:15:08 INFO  [] o.a.coyote.http11.Http11NioProtocol - Stopping ProtocolHandler ["http-nio-8081"]
2026-02-12 05:15:08 INFO  [] o.s.o.j.LocalContainerEntityManagerFactoryBean - Closing JPA EntityManagerFactory for persistence unit 'default'
2026-02-12 05:15:08 WARN  [] o.s.b.f.s.DisposableBeanAdapter - Invocation of destroy method failed on bean with name 'inMemoryDatabaseShutdownExecutor': org.h2.jdbc.JdbcSQLNonTransientConnectionException: Database is already closed (to disable automatic closing at VM shutdown, add ";DB_CLOSE_ON_EXIT=FALSE" to the db URL) [90121-232]
2026-02-12 05:15:08 INFO  [] com.zaxxer.hikari.HikariDataSource - HikariPool-1 - Shutdown initiated...
2026-02-12 05:15:08 INFO  [] com.zaxxer.hikari.HikariDataSource - HikariPool-1 - Shutdown completed.
2026-02-12 05:15:08 INFO  [] c.s.snatchmart.SnatchMartApplication - Starting SnatchMartApplication using Java 21.0.9 with PID 41078 (/Users/pulkitgiddu/Documents/Code/Backend/snatchMart/target/classes started by pulkitgiddu in /Users/pulkitgiddu/Documents/Code/Backend/snatchMart)
2026-02-12 05:15:08 DEBUG [] c.s.snatchmart.SnatchMartApplication - Running with Spring Boot v3.5.6, Spring v6.2.11
2026-02-12 05:15:08 INFO  [] c.s.snatchmart.SnatchMartApplication - The following 1 profile is active: "local"
2026-02-12 05:15:08 INFO  [] o.s.d.r.c.RepositoryConfigurationDelegate - Multiple Spring Data modules found, entering strict repository configuration mode
2026-02-12 05:15:08 INFO  [] o.s.d.r.c.RepositoryConfigurationDelegate - Bootstrapping Spring Data JPA repositories in DEFAULT mode.
2026-02-12 05:15:08 INFO  [] o.s.d.r.c.RepositoryConfigurationDelegate - Finished Spring Data repository scanning in 10 ms. Found 12 JPA repository interfaces.
2026-02-12 05:15:08 INFO  [] o.s.b.w.e.tomcat.TomcatWebServer - Tomcat initialized with port 8081 (http)
2026-02-12 05:15:08 INFO  [] o.a.coyote.http11.Http11NioProtocol - Initializing ProtocolHandler ["http-nio-8081"]
2026-02-12 05:15:08 INFO  [] o.a.catalina.core.StandardService - Starting service [Tomcat]
2026-02-12 05:15:08 INFO  [] o.a.catalina.core.StandardEngine - Starting Servlet engine: [Apache Tomcat/10.1.46]
2026-02-12 05:15:08 INFO  [] o.a.c.c.C.[Tomcat].[localhost].[/] - Initializing Spring embedded WebApplicationContext
2026-02-12 05:15:08 INFO  [] o.s.b.w.s.c.ServletWebServerApplicationContext - Root WebApplicationContext: initialization completed in 176 ms
2026-02-12 05:15:08 INFO  [] o.h.jpa.internal.util.LogHelper - HHH000204: Processing PersistenceUnitInfo [name: default]
2026-02-12 05:15:08 INFO  [] o.h.c.i.RegionFactoryInitiator - HHH000026: Second-level cache disabled
2026-02-12 05:15:08 INFO  [] o.s.o.j.p.SpringPersistenceUnitInfo - No LoadTimeWeaver setup: ignoring JPA class transformer
2026-02-12 05:15:08 INFO  [] com.zaxxer.hikari.HikariDataSource - HikariPool-2 - Starting...
2026-02-12 05:15:08 INFO  [] com.zaxxer.hikari.pool.HikariPool - HikariPool-2 - Added connection conn10: url=jdbc:h2:mem:snatchmart user=SA
2026-02-12 05:15:08 INFO  [] com.zaxxer.hikari.HikariDataSource - HikariPool-2 - Start completed.
2026-02-12 05:15:08 WARN  [] org.hibernate.orm.deprecation - HHH90000025: H2Dialect does not need to be specified explicitly using 'hibernate.dialect' (remove the property setting and it will be selected by default)
2026-02-12 05:15:08 INFO  [] o.hibernate.orm.connections.pooling - HHH10001005: Database info:
	Database JDBC URL [Connecting through datasource 'HikariDataSource (HikariPool-2)']
	Database driver: undefined/unknown
	Database version: 2.3.232
	Autocommit mode: undefined/unknown
	Isolation level: undefined/unknown
	Minimum pool size: undefined/unknown
	Maximum pool size: undefined/unknown
2026-02-12 05:15:08 INFO  [] o.h.e.t.j.p.i.JtaPlatformInitiator - HHH000489: No JTA platform available (set 'hibernate.transaction.jta.platform' to enable JTA platform integration)
2026-02-12 05:15:08 INFO  [] o.s.o.j.LocalContainerEntityManagerFactoryBean - Initialized JPA EntityManagerFactory for persistence unit 'default'
2026-02-12 05:15:08 DEBUG [] c.s.s.s.JwtAuthenticationFilter - Filter 'jwtAuthenticationFilter' configured for use
2026-02-12 05:15:08 INFO  [] o.s.s.c.a.a.c.InitializeAuthenticationProviderBeanManagerConfigurer$InitializeAuthenticationProviderManagerConfigurer - Global AuthenticationManager configured with AuthenticationProvider bean with name authenticationProvider
2026-02-12 05:15:08 WARN  [] o.s.s.c.a.a.c.InitializeUserDetailsBeanManagerConfigurer$InitializeUserDetailsManagerConfigurer - Global AuthenticationManager configured with an AuthenticationProvider bean. UserDetailsService beans will not be used by Spring Security for automatically configuring username/password login. Consider removing the AuthenticationProvider bean. Alternatively, consider using the UserDetailsService in a manually instantiated DaoAuthenticationProvider. If the current configuration is intentional, to turn off this warning, increase the logging level of 'org.springframework.security.config.annotation.authentication.configuration.InitializeUserDetailsBeanManagerConfigurer' to ERROR
2026-02-12 05:15:08 WARN  [] o.s.b.a.o.j.JpaBaseConfiguration$JpaWebConfiguration - spring.jpa.open-in-view is enabled by default. Therefore, database queries may be performed during view rendering. Explicitly configure spring.jpa.open-in-view to disable this warning
2026-02-12 05:15:08 INFO  [] o.s.b.a.h.H2ConsoleAutoConfiguration - H2 console available at '/h2-console'. Database available at 'jdbc:h2:mem:snatchmart'
2026-02-12 05:15:08 INFO  [] o.s.b.d.a.OptionalLiveReloadServer - LiveReload server is running on port 35729
2026-02-12 05:15:08 INFO  [] o.a.coyote.http11.Http11NioProtocol - Starting ProtocolHandler ["http-nio-8081"]
2026-02-12 05:15:08 INFO  [] o.s.b.w.e.tomcat.TomcatWebServer - Tomcat started on port 8081 (http) with context path '/'
2026-02-12 05:15:08 INFO  [] c.s.s.scheduler.DealScheduler - Starting 30-min price sync job
2026-02-12 05:15:08 INFO  [] c.s.snatchmart.SnatchMartApplication - Started SnatchMartApplication in 0.544 seconds (process running for 287.903)
2026-02-12 05:15:08 INFO  [] c.s.s.s.s.AffiliateSyncServiceImpl - Synced 0 deals from amazon
2026-02-12 05:15:08 INFO  [] c.s.s.s.s.AffiliateSyncServiceImpl - Synced 0 deals from flipkart
2026-02-12 05:15:08 INFO  [] o.s.b.d.a.ConditionEvaluationDeltaLoggingListener - Condition evaluation unchanged
2026-02-12 05:16:43 INFO  [] o.a.c.c.C.[Tomcat].[localhost].[/] - Initializing Spring DispatcherServlet 'dispatcherServlet'
2026-02-12 05:16:43 INFO  [] o.s.web.servlet.DispatcherServlet - Initializing Servlet 'dispatcherServlet'
2026-02-12 05:16:43 INFO  [] o.s.web.servlet.DispatcherServlet - Completed initialization in 13 ms
2026-02-12 05:22:37 WARN  [] o.h.e.jdbc.spi.SqlExceptionHelper - SQL Error: 23505, SQLState: 23505
2026-02-12 05:22:37 ERROR [] o.h.e.jdbc.spi.SqlExceptionHelper - Unique index or primary key violation: "public.CONSTRAINT_INDEX_72 ON public.user_login(email_id NULLS LAST) VALUES ( /* 2 */ 'pulkit@gmail.com' )"; SQL statement:
insert into user_login (created_at,email_id,first_name,is_active,last_name,password_hash,profile_picture_url,referral_code,referred_by_id,updated_at,username,id) values (?,?,?,?,?,?,?,?,?,?,?,?) [23505-232]
2026-02-12 05:22:37 WARN  [] o.s.w.s.m.m.a.ExceptionHandlerExceptionResolver - Resolved [org.springframework.dao.DataIntegrityViolationException: could not execute statement [Unique index or primary key violation: "public.CONSTRAINT_INDEX_72 ON public.user_login(email_id NULLS LAST) VALUES ( /* 2 */ 'pulkit@gmail.com' )"; SQL statement:<EOL>insert into user_login (created_at,email_id,first_name,is_active,last_name,password_hash,profile_picture_url,referral_code,referred_by_id,updated_at,username,id) values (?,?,?,?,?,?,?,?,?,?,?,?) [23505-232]] [insert into user_login (created_at,email_id,first_name,is_active,last_name,password_hash,profile_picture_url,referral_code,referred_by_id,updated_at,username,id) values (?,?,?,?,?,?,?,?,?,?,?,?)]; SQL [insert into user_login (created_at,email_id,first_name,is_active,last_name,password_hash,profile_picture_url,referral_code,referred_by_id,updated_at,username,id) values (?,?,?,?,?,?,?,?,?,?,?,?)]; constraint [public.CONSTRAINT_INDEX_72]]
2026-02-12 05:23:41 INFO  [] o.s.b.d.a.LocalDevToolsAutoConfiguration$RestartingClassPathChangeChangedEventListener - Restarting due to 1 class path change (1 addition, 0 deletions, 0 modifications)
2026-02-12 05:23:41 INFO  [] o.s.b.w.e.tomcat.GracefulShutdown - Commencing graceful shutdown. Waiting for active requests to complete
2026-02-12 05:23:41 INFO  [] o.a.coyote.http11.Http11NioProtocol - Pausing ProtocolHandler ["http-nio-8081"]
2026-02-12 05:23:41 INFO  [] o.s.b.w.e.tomcat.GracefulShutdown - Graceful shutdown complete
2026-02-12 05:23:41 INFO  [] o.a.coyote.http11.Http11NioProtocol - Stopping ProtocolHandler ["http-nio-8081"]
2026-02-12 05:23:41 INFO  [] o.s.o.j.LocalContainerEntityManagerFactoryBean - Closing JPA EntityManagerFactory for persistence unit 'default'
2026-02-12 05:23:41 WARN  [] o.s.b.f.s.DisposableBeanAdapter - Invocation of destroy method failed on bean with name 'inMemoryDatabaseShutdownExecutor': org.h2.jdbc.JdbcSQLNonTransientConnectionException: Database is already closed (to disable automatic closing at VM shutdown, add ";DB_CLOSE_ON_EXIT=FALSE" to the db URL) [90121-232]
2026-02-12 05:23:41 INFO  [] com.zaxxer.hikari.HikariDataSource - HikariPool-2 - Shutdown initiated...
2026-02-12 05:23:41 INFO  [] com.zaxxer.hikari.HikariDataSource - HikariPool-2 - Shutdown completed.
2026-02-12 05:23:41 INFO  [] c.s.snatchmart.SnatchMartApplication - Starting SnatchMartApplication using Java 21.0.9 with PID 41078 (/Users/pulkitgiddu/Documents/Code/Backend/snatchMart/target/classes started by pulkitgiddu in /Users/pulkitgiddu/Documents/Code/Backend/snatchMart)
2026-02-12 05:23:41 DEBUG [] c.s.snatchmart.SnatchMartApplication - Running with Spring Boot v3.5.6, Spring v6.2.11
2026-02-12 05:23:41 INFO  [] c.s.snatchmart.SnatchMartApplication - The following 1 profile is active: "local"
2026-02-12 05:23:41 INFO  [] o.s.d.r.c.RepositoryConfigurationDelegate - Multiple Spring Data modules found, entering strict repository configuration mode
2026-02-12 05:23:41 INFO  [] o.s.d.r.c.RepositoryConfigurationDelegate - Bootstrapping Spring Data JPA repositories in DEFAULT mode.
2026-02-12 05:23:41 INFO  [] o.s.d.r.c.RepositoryConfigurationDelegate - Finished Spring Data repository scanning in 13 ms. Found 12 JPA repository interfaces.
2026-02-12 05:23:41 INFO  [] o.s.b.w.e.tomcat.TomcatWebServer - Tomcat initialized with port 8081 (http)
2026-02-12 05:23:41 INFO  [] o.a.coyote.http11.Http11NioProtocol - Initializing ProtocolHandler ["http-nio-8081"]
2026-02-12 05:23:41 INFO  [] o.a.catalina.core.StandardService - Starting service [Tomcat]
2026-02-12 05:23:41 INFO  [] o.a.catalina.core.StandardEngine - Starting Servlet engine: [Apache Tomcat/10.1.46]
2026-02-12 05:23:41 INFO  [] o.a.c.c.C.[Tomcat].[localhost].[/] - Initializing Spring embedded WebApplicationContext
2026-02-12 05:23:41 INFO  [] o.s.b.w.s.c.ServletWebServerApplicationContext - Root WebApplicationContext: initialization completed in 179 ms
2026-02-12 05:23:41 INFO  [] o.h.jpa.internal.util.LogHelper - HHH000204: Processing PersistenceUnitInfo [name: default]
2026-02-12 05:23:41 INFO  [] o.h.c.i.RegionFactoryInitiator - HHH000026: Second-level cache disabled
2026-02-12 05:23:41 INFO  [] o.s.o.j.p.SpringPersistenceUnitInfo - No LoadTimeWeaver setup: ignoring JPA class transformer
2026-02-12 05:23:41 INFO  [] com.zaxxer.hikari.HikariDataSource - HikariPool-3 - Starting...
2026-02-12 05:23:41 INFO  [] com.zaxxer.hikari.pool.HikariPool - HikariPool-3 - Added connection conn20: url=jdbc:h2:mem:snatchmart user=SA
2026-02-12 05:23:41 INFO  [] com.zaxxer.hikari.HikariDataSource - HikariPool-3 - Start completed.
2026-02-12 05:23:41 WARN  [] org.hibernate.orm.deprecation - HHH90000025: H2Dialect does not need to be specified explicitly using 'hibernate.dialect' (remove the property setting and it will be selected by default)
2026-02-12 05:23:41 INFO  [] o.hibernate.orm.connections.pooling - HHH10001005: Database info:
	Database JDBC URL [Connecting through datasource 'HikariDataSource (HikariPool-3)']
	Database driver: undefined/unknown
	Database version: 2.3.232
	Autocommit mode: undefined/unknown
	Isolation level: undefined/unknown
	Minimum pool size: undefined/unknown
	Maximum pool size: undefined/unknown
2026-02-12 05:23:41 INFO  [] o.h.e.t.j.p.i.JtaPlatformInitiator - HHH000489: No JTA platform available (set 'hibernate.transaction.jta.platform' to enable JTA platform integration)
2026-02-12 05:23:41 INFO  [] o.s.o.j.LocalContainerEntityManagerFactoryBean - Initialized JPA EntityManagerFactory for persistence unit 'default'
2026-02-12 05:23:41 DEBUG [] c.s.s.s.JwtAuthenticationFilter - Filter 'jwtAuthenticationFilter' configured for use
2026-02-12 05:23:41 INFO  [] o.s.s.c.a.a.c.InitializeAuthenticationProviderBeanManagerConfigurer$InitializeAuthenticationProviderManagerConfigurer - Global AuthenticationManager configured with AuthenticationProvider bean with name authenticationProvider
2026-02-12 05:23:41 WARN  [] o.s.s.c.a.a.c.InitializeUserDetailsBeanManagerConfigurer$InitializeUserDetailsManagerConfigurer - Global AuthenticationManager configured with an AuthenticationProvider bean. UserDetailsService beans will not be used by Spring Security for automatically configuring username/password login. Consider removing the AuthenticationProvider bean. Alternatively, consider using the UserDetailsService in a manually instantiated DaoAuthenticationProvider. If the current configuration is intentional, to turn off this warning, increase the logging level of 'org.springframework.security.config.annotation.authentication.configuration.InitializeUserDetailsBeanManagerConfigurer' to ERROR
2026-02-12 05:23:41 WARN  [] o.s.b.a.o.j.JpaBaseConfiguration$JpaWebConfiguration - spring.jpa.open-in-view is enabled by default. Therefore, database queries may be performed during view rendering. Explicitly configure spring.jpa.open-in-view to disable this warning
2026-02-12 05:23:41 INFO  [] o.s.b.a.h.H2ConsoleAutoConfiguration - H2 console available at '/h2-console'. Database available at 'jdbc:h2:mem:snatchmart'
2026-02-12 05:23:41 INFO  [] o.s.b.d.a.OptionalLiveReloadServer - LiveReload server is running on port 35729
2026-02-12 05:23:41 INFO  [] o.a.coyote.http11.Http11NioProtocol - Starting ProtocolHandler ["http-nio-8081"]
2026-02-12 05:23:41 INFO  [] o.s.b.w.e.tomcat.TomcatWebServer - Tomcat started on port 8081 (http) with context path '/'
2026-02-12 05:23:41 INFO  [] c.s.s.scheduler.DealScheduler - Starting 30-min price sync job
2026-02-12 05:23:41 INFO  [] c.s.s.s.s.AffiliateSyncServiceImpl - Synced 0 deals from amazon
2026-02-12 05:23:41 INFO  [] c.s.s.s.s.AffiliateSyncServiceImpl - Synced 0 deals from flipkart
2026-02-12 05:23:41 INFO  [] c.s.snatchmart.SnatchMartApplication - Started SnatchMartApplication in 0.556 seconds (process running for 800.959)
2026-02-12 05:23:41 INFO  [] o.s.b.d.a.ConditionEvaluationDeltaLoggingListener - Condition evaluation unchanged
2026-02-12 05:23:44 INFO  [] o.s.b.d.a.LocalDevToolsAutoConfiguration$RestartingClassPathChangeChangedEventListener - Restarting due to 1 class path change (0 additions, 0 deletions, 1 modification)
2026-02-12 05:23:44 INFO  [] o.s.b.w.e.tomcat.GracefulShutdown - Commencing graceful shutdown. Waiting for active requests to complete
2026-02-12 05:23:44 INFO  [] o.a.coyote.http11.Http11NioProtocol - Pausing ProtocolHandler ["http-nio-8081"]
2026-02-12 05:23:44 INFO  [] o.s.b.w.e.tomcat.GracefulShutdown - Graceful shutdown complete
2026-02-12 05:23:44 INFO  [] o.a.coyote.http11.Http11NioProtocol - Stopping ProtocolHandler ["http-nio-8081"]
2026-02-12 05:23:44 INFO  [] o.s.o.j.LocalContainerEntityManagerFactoryBean - Closing JPA EntityManagerFactory for persistence unit 'default'
2026-02-12 05:23:44 WARN  [] o.s.b.f.s.DisposableBeanAdapter - Invocation of destroy method failed on bean with name 'inMemoryDatabaseShutdownExecutor': org.h2.jdbc.JdbcSQLNonTransientConnectionException: Database is already closed (to disable automatic closing at VM shutdown, add ";DB_CLOSE_ON_EXIT=FALSE" to the db URL) [90121-232]
2026-02-12 05:23:44 INFO  [] com.zaxxer.hikari.HikariDataSource - HikariPool-3 - Shutdown initiated...
2026-02-12 05:23:44 INFO  [] com.zaxxer.hikari.HikariDataSource - HikariPool-3 - Shutdown completed.
2026-02-12 05:23:44 INFO  [] c.s.snatchmart.SnatchMartApplication - Starting SnatchMartApplication using Java 21.0.9 with PID 41078 (/Users/pulkitgiddu/Documents/Code/Backend/snatchMart/target/classes started by pulkitgiddu in /Users/pulkitgiddu/Documents/Code/Backend/snatchMart)
2026-02-12 05:23:44 DEBUG [] c.s.snatchmart.SnatchMartApplication - Running with Spring Boot v3.5.6, Spring v6.2.11
2026-02-12 05:23:44 INFO  [] c.s.snatchmart.SnatchMartApplication - The following 1 profile is active: "local"
2026-02-12 05:23:44 INFO  [] o.s.d.r.c.RepositoryConfigurationDelegate - Multiple Spring Data modules found, entering strict repository configuration mode
2026-02-12 05:23:44 INFO  [] o.s.d.r.c.RepositoryConfigurationDelegate - Bootstrapping Spring Data JPA repositories in DEFAULT mode.
2026-02-12 05:23:44 INFO  [] o.s.d.r.c.RepositoryConfigurationDelegate - Finished Spring Data repository scanning in 9 ms. Found 12 JPA repository interfaces.
2026-02-12 05:23:44 INFO  [] o.s.b.w.e.tomcat.TomcatWebServer - Tomcat initialized with port 8081 (http)
2026-02-12 05:23:44 INFO  [] o.a.coyote.http11.Http11NioProtocol - Initializing ProtocolHandler ["http-nio-8081"]
2026-02-12 05:23:44 INFO  [] o.a.catalina.core.StandardService - Starting service [Tomcat]
2026-02-12 05:23:44 INFO  [] o.a.catalina.core.StandardEngine - Starting Servlet engine: [Apache Tomcat/10.1.46]
2026-02-12 05:23:44 INFO  [] o.a.c.c.C.[Tomcat].[localhost].[/] - Initializing Spring embedded WebApplicationContext
2026-02-12 05:23:44 INFO  [] o.s.b.w.s.c.ServletWebServerApplicationContext - Root WebApplicationContext: initialization completed in 127 ms
2026-02-12 05:23:44 INFO  [] o.h.jpa.internal.util.LogHelper - HHH000204: Processing PersistenceUnitInfo [name: default]
2026-02-12 05:23:44 INFO  [] o.h.c.i.RegionFactoryInitiator - HHH000026: Second-level cache disabled
2026-02-12 05:23:44 INFO  [] o.s.o.j.p.SpringPersistenceUnitInfo - No LoadTimeWeaver setup: ignoring JPA class transformer
2026-02-12 05:23:44 INFO  [] com.zaxxer.hikari.HikariDataSource - HikariPool-4 - Starting...
2026-02-12 05:23:44 INFO  [] com.zaxxer.hikari.pool.HikariPool - HikariPool-4 - Added connection conn30: url=jdbc:h2:mem:snatchmart user=SA
2026-02-12 05:23:44 INFO  [] com.zaxxer.hikari.HikariDataSource - HikariPool-4 - Start completed.
2026-02-12 05:23:44 WARN  [] org.hibernate.orm.deprecation - HHH90000025: H2Dialect does not need to be specified explicitly using 'hibernate.dialect' (remove the property setting and it will be selected by default)
2026-02-12 05:23:44 INFO  [] o.hibernate.orm.connections.pooling - HHH10001005: Database info:
	Database JDBC URL [Connecting through datasource 'HikariDataSource (HikariPool-4)']
	Database driver: undefined/unknown
	Database version: 2.3.232
	Autocommit mode: undefined/unknown
	Isolation level: undefined/unknown
	Minimum pool size: undefined/unknown
	Maximum pool size: undefined/unknown
2026-02-12 05:23:44 INFO  [] o.h.e.t.j.p.i.JtaPlatformInitiator - HHH000489: No JTA platform available (set 'hibernate.transaction.jta.platform' to enable JTA platform integration)
2026-02-12 05:23:44 INFO  [] o.s.o.j.LocalContainerEntityManagerFactoryBean - Initialized JPA EntityManagerFactory for persistence unit 'default'
2026-02-12 05:23:44 DEBUG [] c.s.s.s.JwtAuthenticationFilter - Filter 'jwtAuthenticationFilter' configured for use
2026-02-12 05:23:44 INFO  [] o.s.s.c.a.a.c.InitializeAuthenticationProviderBeanManagerConfigurer$InitializeAuthenticationProviderManagerConfigurer - Global AuthenticationManager configured with AuthenticationProvider bean with name authenticationProvider
2026-02-12 05:23:44 WARN  [] o.s.s.c.a.a.c.InitializeUserDetailsBeanManagerConfigurer$InitializeUserDetailsManagerConfigurer - Global AuthenticationManager configured with an AuthenticationProvider bean. UserDetailsService beans will not be used by Spring Security for automatically configuring username/password login. Consider removing the AuthenticationProvider bean. Alternatively, consider using the UserDetailsService in a manually instantiated DaoAuthenticationProvider. If the current configuration is intentional, to turn off this warning, increase the logging level of 'org.springframework.security.config.annotation.authentication.configuration.InitializeUserDetailsBeanManagerConfigurer' to ERROR
2026-02-12 05:23:44 WARN  [] o.s.b.a.o.j.JpaBaseConfiguration$JpaWebConfiguration - spring.jpa.open-in-view is enabled by default. Therefore, database queries may be performed during view rendering. Explicitly configure spring.jpa.open-in-view to disable this warning
2026-02-12 05:23:44 INFO  [] o.s.b.a.h.H2ConsoleAutoConfiguration - H2 console available at '/h2-console'. Database available at 'jdbc:h2:mem:snatchmart'
2026-02-12 05:23:44 INFO  [] o.s.b.d.a.OptionalLiveReloadServer - LiveReload server is running on port 35729
2026-02-12 05:23:44 INFO  [] o.a.coyote.http11.Http11NioProtocol - Starting ProtocolHandler ["http-nio-8081"]
2026-02-12 05:23:44 INFO  [] o.s.b.w.e.tomcat.TomcatWebServer - Tomcat started on port 8081 (http) with context path '/'
2026-02-12 05:23:44 INFO  [] c.s.s.scheduler.DealScheduler - Starting 30-min price sync job
2026-02-12 05:23:44 INFO  [] c.s.snatchmart.SnatchMartApplication - Started SnatchMartApplication in 0.519 seconds (process running for 803.93)
2026-02-12 05:23:44 INFO  [] c.s.s.s.s.AffiliateSyncServiceImpl - Synced 0 deals from amazon
2026-02-12 05:23:44 INFO  [] c.s.s.s.s.AffiliateSyncServiceImpl - Synced 0 deals from flipkart
2026-02-12 05:23:44 INFO  [] o.s.b.d.a.ConditionEvaluationDeltaLoggingListener - Condition evaluation unchanged
2026-02-12 05:23:46 INFO  [] o.s.b.d.a.LocalDevToolsAutoConfiguration$RestartingClassPathChangeChangedEventListener - Restarting due to 1 class path change (0 additions, 0 deletions, 1 modification)
2026-02-12 05:23:46 INFO  [] o.s.b.w.e.tomcat.GracefulShutdown - Commencing graceful shutdown. Waiting for active requests to complete
2026-02-12 05:23:46 INFO  [] o.a.coyote.http11.Http11NioProtocol - Pausing ProtocolHandler ["http-nio-8081"]
2026-02-12 05:23:46 INFO  [] o.s.b.w.e.tomcat.GracefulShutdown - Graceful shutdown complete
2026-02-12 05:23:46 INFO  [] o.a.coyote.http11.Http11NioProtocol - Stopping ProtocolHandler ["http-nio-8081"]
2026-02-12 05:23:46 INFO  [] o.s.o.j.LocalContainerEntityManagerFactoryBean - Closing JPA EntityManagerFactory for persistence unit 'default'
2026-02-12 05:23:46 WARN  [] o.s.b.f.s.DisposableBeanAdapter - Invocation of destroy method failed on bean with name 'inMemoryDatabaseShutdownExecutor': org.h2.jdbc.JdbcSQLNonTransientConnectionException: Database is already closed (to disable automatic closing at VM shutdown, add ";DB_CLOSE_ON_EXIT=FALSE" to the db URL) [90121-232]
2026-02-12 05:23:46 INFO  [] com.zaxxer.hikari.HikariDataSource - HikariPool-4 - Shutdown initiated...
2026-02-12 05:23:46 INFO  [] com.zaxxer.hikari.HikariDataSource - HikariPool-4 - Shutdown completed.
2026-02-12 05:23:46 INFO  [] c.s.snatchmart.SnatchMartApplication - Starting SnatchMartApplication using Java 21.0.9 with PID 41078 (/Users/pulkitgiddu/Documents/Code/Backend/snatchMart/target/classes started by pulkitgiddu in /Users/pulkitgiddu/Documents/Code/Backend/snatchMart)
2026-02-12 05:23:46 DEBUG [] c.s.snatchmart.SnatchMartApplication - Running with Spring Boot v3.5.6, Spring v6.2.11
2026-02-12 05:23:46 INFO  [] c.s.snatchmart.SnatchMartApplication - The following 1 profile is active: "local"
2026-02-12 05:23:46 INFO  [] o.s.d.r.c.RepositoryConfigurationDelegate - Multiple Spring Data modules found, entering strict repository configuration mode
2026-02-12 05:23:46 INFO  [] o.s.d.r.c.RepositoryConfigurationDelegate - Bootstrapping Spring Data JPA repositories in DEFAULT mode.
2026-02-12 05:23:46 INFO  [] o.s.d.r.c.RepositoryConfigurationDelegate - Finished Spring Data repository scanning in 11 ms. Found 12 JPA repository interfaces.
2026-02-12 05:23:46 INFO  [] o.s.b.w.e.tomcat.TomcatWebServer - Tomcat initialized with port 8081 (http)
2026-02-12 05:23:46 INFO  [] o.a.coyote.http11.Http11NioProtocol - Initializing ProtocolHandler ["http-nio-8081"]
2026-02-12 05:23:46 INFO  [] o.a.catalina.core.StandardService - Starting service [Tomcat]
2026-02-12 05:23:46 INFO  [] o.a.catalina.core.StandardEngine - Starting Servlet engine: [Apache Tomcat/10.1.46]
2026-02-12 05:23:46 INFO  [] o.a.c.c.C.[Tomcat].[localhost].[/] - Initializing Spring embedded WebApplicationContext
2026-02-12 05:23:46 INFO  [] o.s.b.w.s.c.ServletWebServerApplicationContext - Root WebApplicationContext: initialization completed in 126 ms
2026-02-12 05:23:46 INFO  [] o.h.jpa.internal.util.LogHelper - HHH000204: Processing PersistenceUnitInfo [name: default]
2026-02-12 05:23:46 INFO  [] o.h.c.i.RegionFactoryInitiator - HHH000026: Second-level cache disabled
2026-02-12 05:23:46 INFO  [] o.s.o.j.p.SpringPersistenceUnitInfo - No LoadTimeWeaver setup: ignoring JPA class transformer
2026-02-12 05:23:46 INFO  [] com.zaxxer.hikari.HikariDataSource - HikariPool-5 - Starting...
2026-02-12 05:23:46 INFO  [] com.zaxxer.hikari.pool.HikariPool - HikariPool-5 - Added connection conn40: url=jdbc:h2:mem:snatchmart user=SA
2026-02-12 05:23:46 INFO  [] com.zaxxer.hikari.HikariDataSource - HikariPool-5 - Start completed.
2026-02-12 05:23:46 WARN  [] org.hibernate.orm.deprecation - HHH90000025: H2Dialect does not need to be specified explicitly using 'hibernate.dialect' (remove the property setting and it will be selected by default)
2026-02-12 05:23:46 INFO  [] o.hibernate.orm.connections.pooling - HHH10001005: Database info:
	Database JDBC URL [Connecting through datasource 'HikariDataSource (HikariPool-5)']
	Database driver: undefined/unknown
	Database version: 2.3.232
	Autocommit mode: undefined/unknown
	Isolation level: undefined/unknown
	Minimum pool size: undefined/unknown
	Maximum pool size: undefined/unknown
2026-02-12 05:23:46 INFO  [] o.h.e.t.j.p.i.JtaPlatformInitiator - HHH000489: No JTA platform available (set 'hibernate.transaction.jta.platform' to enable JTA platform integration)
2026-02-12 05:23:46 INFO  [] o.s.o.j.LocalContainerEntityManagerFactoryBean - Initialized JPA EntityManagerFactory for persistence unit 'default'
2026-02-12 05:23:46 DEBUG [] c.s.s.s.JwtAuthenticationFilter - Filter 'jwtAuthenticationFilter' configured for use
2026-02-12 05:23:46 INFO  [] o.s.s.c.a.a.c.InitializeAuthenticationProviderBeanManagerConfigurer$InitializeAuthenticationProviderManagerConfigurer - Global AuthenticationManager configured with AuthenticationProvider bean with name authenticationProvider
2026-02-12 05:23:46 WARN  [] o.s.s.c.a.a.c.InitializeUserDetailsBeanManagerConfigurer$InitializeUserDetailsManagerConfigurer - Global AuthenticationManager configured with an AuthenticationProvider bean. UserDetailsService beans will not be used by Spring Security for automatically configuring username/password login. Consider removing the AuthenticationProvider bean. Alternatively, consider using the UserDetailsService in a manually instantiated DaoAuthenticationProvider. If the current configuration is intentional, to turn off this warning, increase the logging level of 'org.springframework.security.config.annotation.authentication.configuration.InitializeUserDetailsBeanManagerConfigurer' to ERROR
2026-02-12 05:23:46 WARN  [] o.s.b.a.o.j.JpaBaseConfiguration$JpaWebConfiguration - spring.jpa.open-in-view is enabled by default. Therefore, database queries may be performed during view rendering. Explicitly configure spring.jpa.open-in-view to disable this warning
2026-02-12 05:23:46 INFO  [] o.s.b.a.h.H2ConsoleAutoConfiguration - H2 console available at '/h2-console'. Database available at 'jdbc:h2:mem:snatchmart'
2026-02-12 05:23:46 INFO  [] o.s.b.d.a.OptionalLiveReloadServer - LiveReload server is running on port 35729
2026-02-12 05:23:46 INFO  [] o.a.coyote.http11.Http11NioProtocol - Starting ProtocolHandler ["http-nio-8081"]
2026-02-12 05:23:46 INFO  [] o.s.b.w.e.tomcat.TomcatWebServer - Tomcat started on port 8081 (http) with context path '/'
2026-02-12 05:23:46 INFO  [] c.s.s.scheduler.DealScheduler - Starting 30-min price sync job
2026-02-12 05:23:46 INFO  [] c.s.snatchmart.SnatchMartApplication - Started SnatchMartApplication in 0.504 seconds (process running for 805.878)
2026-02-12 05:23:46 INFO  [] c.s.s.s.s.AffiliateSyncServiceImpl - Synced 0 deals from amazon
2026-02-12 05:23:46 INFO  [] c.s.s.s.s.AffiliateSyncServiceImpl - Synced 0 deals from flipkart
2026-02-12 05:23:46 INFO  [] o.s.b.d.a.ConditionEvaluationDeltaLoggingListener - Condition evaluation unchanged
2026-02-12 05:23:48 INFO  [] o.s.b.d.a.LocalDevToolsAutoConfiguration$RestartingClassPathChangeChangedEventListener - Restarting due to 1 class path change (0 additions, 0 deletions, 1 modification)
2026-02-12 05:23:48 INFO  [] o.s.b.w.e.tomcat.GracefulShutdown - Commencing graceful shutdown. Waiting for active requests to complete
2026-02-12 05:23:48 INFO  [] o.a.coyote.http11.Http11NioProtocol - Pausing ProtocolHandler ["http-nio-8081"]
2026-02-12 05:23:48 INFO  [] o.s.b.w.e.tomcat.GracefulShutdown - Graceful shutdown complete
2026-02-12 05:23:48 INFO  [] o.a.coyote.http11.Http11NioProtocol - Stopping ProtocolHandler ["http-nio-8081"]
2026-02-12 05:23:48 INFO  [] o.s.o.j.LocalContainerEntityManagerFactoryBean - Closing JPA EntityManagerFactory for persistence unit 'default'
2026-02-12 05:23:48 WARN  [] o.s.b.f.s.DisposableBeanAdapter - Invocation of destroy method failed on bean with name 'inMemoryDatabaseShutdownExecutor': org.h2.jdbc.JdbcSQLNonTransientConnectionException: Database is already closed (to disable automatic closing at VM shutdown, add ";DB_CLOSE_ON_EXIT=FALSE" to the db URL) [90121-232]
2026-02-12 05:23:48 INFO  [] com.zaxxer.hikari.HikariDataSource - HikariPool-5 - Shutdown initiated...
2026-02-12 05:23:48 INFO  [] com.zaxxer.hikari.HikariDataSource - HikariPool-5 - Shutdown completed.
2026-02-12 05:23:48 INFO  [] c.s.snatchmart.SnatchMartApplication - Starting SnatchMartApplication using Java 21.0.9 with PID 41078 (/Users/pulkitgiddu/Documents/Code/Backend/snatchMart/target/classes started by pulkitgiddu in /Users/pulkitgiddu/Documents/Code/Backend/snatchMart)
2026-02-12 05:23:48 DEBUG [] c.s.snatchmart.SnatchMartApplication - Running with Spring Boot v3.5.6, Spring v6.2.11
2026-02-12 05:23:48 INFO  [] c.s.snatchmart.SnatchMartApplication - The following 1 profile is active: "local"
2026-02-12 05:23:48 INFO  [] o.s.d.r.c.RepositoryConfigurationDelegate - Multiple Spring Data modules found, entering strict repository configuration mode
2026-02-12 05:23:48 INFO  [] o.s.d.r.c.RepositoryConfigurationDelegate - Bootstrapping Spring Data JPA repositories in DEFAULT mode.
2026-02-12 05:23:48 INFO  [] o.s.d.r.c.RepositoryConfigurationDelegate - Finished Spring Data repository scanning in 10 ms. Found 12 JPA repository interfaces.
2026-02-12 05:23:48 INFO  [] o.s.b.w.e.tomcat.TomcatWebServer - Tomcat initialized with port 8081 (http)
2026-02-12 05:23:48 INFO  [] o.a.coyote.http11.Http11NioProtocol - Initializing ProtocolHandler ["http-nio-8081"]
2026-02-12 05:23:48 INFO  [] o.a.catalina.core.StandardService - Starting service [Tomcat]
2026-02-12 05:23:48 INFO  [] o.a.catalina.core.StandardEngine - Starting Servlet engine: [Apache Tomcat/10.1.46]
2026-02-12 05:23:48 INFO  [] o.a.c.c.C.[Tomcat].[localhost].[/] - Initializing Spring embedded WebApplicationContext
2026-02-12 05:23:48 INFO  [] o.s.b.w.s.c.ServletWebServerApplicationContext - Root WebApplicationContext: initialization completed in 136 ms
2026-02-12 05:23:48 INFO  [] o.h.jpa.internal.util.LogHelper - HHH000204: Processing PersistenceUnitInfo [name: default]
2026-02-12 05:23:48 INFO  [] o.h.c.i.RegionFactoryInitiator - HHH000026: Second-level cache disabled
2026-02-12 05:23:48 INFO  [] o.s.o.j.p.SpringPersistenceUnitInfo - No LoadTimeWeaver setup: ignoring JPA class transformer
2026-02-12 05:23:48 INFO  [] com.zaxxer.hikari.HikariDataSource - HikariPool-6 - Starting...
2026-02-12 05:23:48 INFO  [] com.zaxxer.hikari.pool.HikariPool - HikariPool-6 - Added connection conn50: url=jdbc:h2:mem:snatchmart user=SA
2026-02-12 05:23:48 INFO  [] com.zaxxer.hikari.HikariDataSource - HikariPool-6 - Start completed.
2026-02-12 05:23:48 WARN  [] org.hibernate.orm.deprecation - HHH90000025: H2Dialect does not need to be specified explicitly using 'hibernate.dialect' (remove the property setting and it will be selected by default)
2026-02-12 05:23:48 INFO  [] o.hibernate.orm.connections.pooling - HHH10001005: Database info:
	Database JDBC URL [Connecting through datasource 'HikariDataSource (HikariPool-6)']
	Database driver: undefined/unknown
	Database version: 2.3.232
	Autocommit mode: undefined/unknown
	Isolation level: undefined/unknown
	Minimum pool size: undefined/unknown
	Maximum pool size: undefined/unknown
2026-02-12 05:23:48 INFO  [] o.h.e.t.j.p.i.JtaPlatformInitiator - HHH000489: No JTA platform available (set 'hibernate.transaction.jta.platform' to enable JTA platform integration)
2026-02-12 05:23:48 INFO  [] o.s.o.j.LocalContainerEntityManagerFactoryBean - Initialized JPA EntityManagerFactory for persistence unit 'default'
2026-02-12 05:23:48 DEBUG [] c.s.s.s.JwtAuthenticationFilter - Filter 'jwtAuthenticationFilter' configured for use
2026-02-12 05:23:48 INFO  [] o.s.s.c.a.a.c.InitializeAuthenticationProviderBeanManagerConfigurer$InitializeAuthenticationProviderManagerConfigurer - Global AuthenticationManager configured with AuthenticationProvider bean with name authenticationProvider
2026-02-12 05:23:48 WARN  [] o.s.s.c.a.a.c.InitializeUserDetailsBeanManagerConfigurer$InitializeUserDetailsManagerConfigurer - Global AuthenticationManager configured with an AuthenticationProvider bean. UserDetailsService beans will not be used by Spring Security for automatically configuring username/password login. Consider removing the AuthenticationProvider bean. Alternatively, consider using the UserDetailsService in a manually instantiated DaoAuthenticationProvider. If the current configuration is intentional, to turn off this warning, increase the logging level of 'org.springframework.security.config.annotation.authentication.configuration.InitializeUserDetailsBeanManagerConfigurer' to ERROR
2026-02-12 05:23:48 WARN  [] o.s.b.a.o.j.JpaBaseConfiguration$JpaWebConfiguration - spring.jpa.open-in-view is enabled by default. Therefore, database queries may be performed during view rendering. Explicitly configure spring.jpa.open-in-view to disable this warning
2026-02-12 05:23:48 INFO  [] o.s.b.a.h.H2ConsoleAutoConfiguration - H2 console available at '/h2-console'. Database available at 'jdbc:h2:mem:snatchmart'
2026-02-12 05:23:48 INFO  [] o.s.b.d.a.OptionalLiveReloadServer - LiveReload server is running on port 35729
2026-02-12 05:23:48 INFO  [] o.a.coyote.http11.Http11NioProtocol - Starting ProtocolHandler ["http-nio-8081"]
2026-02-12 05:23:48 INFO  [] o.s.b.w.e.tomcat.TomcatWebServer - Tomcat started on port 8081 (http) with context path '/'
2026-02-12 05:23:48 INFO  [] c.s.s.scheduler.DealScheduler - Starting 30-min price sync job
2026-02-12 05:23:48 INFO  [] c.s.snatchmart.SnatchMartApplication - Started SnatchMartApplication in 0.511 seconds (process running for 807.833)
2026-02-12 05:23:48 INFO  [] c.s.s.s.s.AffiliateSyncServiceImpl - Synced 0 deals from amazon
2026-02-12 05:23:48 INFO  [] c.s.s.s.s.AffiliateSyncServiceImpl - Synced 0 deals from flipkart
2026-02-12 05:23:48 INFO  [] o.s.b.d.a.ConditionEvaluationDeltaLoggingListener - Condition evaluation unchanged
2026-02-12 05:23:54 INFO  [] o.s.b.d.a.LocalDevToolsAutoConfiguration$RestartingClassPathChangeChangedEventListener - Restarting due to 1 class path change (0 additions, 0 deletions, 1 modification)
2026-02-12 05:23:54 INFO  [] o.s.b.w.e.tomcat.GracefulShutdown - Commencing graceful shutdown. Waiting for active requests to complete
2026-02-12 05:23:54 INFO  [] o.a.coyote.http11.Http11NioProtocol - Pausing ProtocolHandler ["http-nio-8081"]
2026-02-12 05:23:54 INFO  [] o.s.b.w.e.tomcat.GracefulShutdown - Graceful shutdown complete
2026-02-12 05:23:54 INFO  [] o.a.coyote.http11.Http11NioProtocol - Stopping ProtocolHandler ["http-nio-8081"]
2026-02-12 05:23:54 INFO  [] o.s.o.j.LocalContainerEntityManagerFactoryBean - Closing JPA EntityManagerFactory for persistence unit 'default'
2026-02-12 05:23:54 WARN  [] o.s.b.f.s.DisposableBeanAdapter - Invocation of destroy method failed on bean with name 'inMemoryDatabaseShutdownExecutor': org.h2.jdbc.JdbcSQLNonTransientConnectionException: Database is already closed (to disable automatic closing at VM shutdown, add ";DB_CLOSE_ON_EXIT=FALSE" to the db URL) [90121-232]
2026-02-12 05:23:54 INFO  [] com.zaxxer.hikari.HikariDataSource - HikariPool-6 - Shutdown initiated...
2026-02-12 05:23:54 INFO  [] com.zaxxer.hikari.HikariDataSource - HikariPool-6 - Shutdown completed.
2026-02-12 05:23:54 INFO  [] c.s.snatchmart.SnatchMartApplication - Starting SnatchMartApplication using Java 21.0.9 with PID 41078 (/Users/pulkitgiddu/Documents/Code/Backend/snatchMart/target/classes started by pulkitgiddu in /Users/pulkitgiddu/Documents/Code/Backend/snatchMart)
2026-02-12 05:23:54 DEBUG [] c.s.snatchmart.SnatchMartApplication - Running with Spring Boot v3.5.6, Spring v6.2.11
2026-02-12 05:23:54 INFO  [] c.s.snatchmart.SnatchMartApplication - The following 1 profile is active: "local"
2026-02-12 05:23:54 INFO  [] o.s.d.r.c.RepositoryConfigurationDelegate - Multiple Spring Data modules found, entering strict repository configuration mode
2026-02-12 05:23:54 INFO  [] o.s.d.r.c.RepositoryConfigurationDelegate - Bootstrapping Spring Data JPA repositories in DEFAULT mode.
2026-02-12 05:23:54 INFO  [] o.s.d.r.c.RepositoryConfigurationDelegate - Finished Spring Data repository scanning in 10 ms. Found 12 JPA repository interfaces.
2026-02-12 05:23:54 INFO  [] o.s.b.w.e.tomcat.TomcatWebServer - Tomcat initialized with port 8081 (http)
2026-02-12 05:23:54 INFO  [] o.a.coyote.http11.Http11NioProtocol - Initializing ProtocolHandler ["http-nio-8081"]
2026-02-12 05:23:54 INFO  [] o.a.catalina.core.StandardService - Starting service [Tomcat]
2026-02-12 05:23:54 INFO  [] o.a.catalina.core.StandardEngine - Starting Servlet engine: [Apache Tomcat/10.1.46]
2026-02-12 05:23:54 INFO  [] o.a.c.c.C.[Tomcat].[localhost].[/] - Initializing Spring embedded WebApplicationContext
2026-02-12 05:23:54 INFO  [] o.s.b.w.s.c.ServletWebServerApplicationContext - Root WebApplicationContext: initialization completed in 137 ms
2026-02-12 05:23:54 INFO  [] o.h.jpa.internal.util.LogHelper - HHH000204: Processing PersistenceUnitInfo [name: default]
2026-02-12 05:23:54 INFO  [] o.h.c.i.RegionFactoryInitiator - HHH000026: Second-level cache disabled
2026-02-12 05:23:54 INFO  [] o.s.o.j.p.SpringPersistenceUnitInfo - No LoadTimeWeaver setup: ignoring JPA class transformer
2026-02-12 05:23:54 INFO  [] com.zaxxer.hikari.HikariDataSource - HikariPool-7 - Starting...
2026-02-12 05:23:54 INFO  [] com.zaxxer.hikari.pool.HikariPool - HikariPool-7 - Added connection conn60: url=jdbc:h2:mem:snatchmart user=SA
2026-02-12 05:23:54 INFO  [] com.zaxxer.hikari.HikariDataSource - HikariPool-7 - Start completed.
2026-02-12 05:23:54 WARN  [] org.hibernate.orm.deprecation - HHH90000025: H2Dialect does not need to be specified explicitly using 'hibernate.dialect' (remove the property setting and it will be selected by default)
2026-02-12 05:23:54 INFO  [] o.hibernate.orm.connections.pooling - HHH10001005: Database info:
	Database JDBC URL [Connecting through datasource 'HikariDataSource (HikariPool-7)']
	Database driver: undefined/unknown
	Database version: 2.3.232
	Autocommit mode: undefined/unknown
	Isolation level: undefined/unknown
	Minimum pool size: undefined/unknown
	Maximum pool size: undefined/unknown
2026-02-12 05:23:54 INFO  [] o.h.e.t.j.p.i.JtaPlatformInitiator - HHH000489: No JTA platform available (set 'hibernate.transaction.jta.platform' to enable JTA platform integration)
2026-02-12 05:23:54 INFO  [] o.s.o.j.LocalContainerEntityManagerFactoryBean - Initialized JPA EntityManagerFactory for persistence unit 'default'
2026-02-12 05:23:54 DEBUG [] c.s.s.s.JwtAuthenticationFilter - Filter 'jwtAuthenticationFilter' configured for use
2026-02-12 05:23:54 INFO  [] o.s.s.c.a.a.c.InitializeAuthenticationProviderBeanManagerConfigurer$InitializeAuthenticationProviderManagerConfigurer - Global AuthenticationManager configured with AuthenticationProvider bean with name authenticationProvider
2026-02-12 05:23:54 WARN  [] o.s.s.c.a.a.c.InitializeUserDetailsBeanManagerConfigurer$InitializeUserDetailsManagerConfigurer - Global AuthenticationManager configured with an AuthenticationProvider bean. UserDetailsService beans will not be used by Spring Security for automatically configuring username/password login. Consider removing the AuthenticationProvider bean. Alternatively, consider using the UserDetailsService in a manually instantiated DaoAuthenticationProvider. If the current configuration is intentional, to turn off this warning, increase the logging level of 'org.springframework.security.config.annotation.authentication.configuration.InitializeUserDetailsBeanManagerConfigurer' to ERROR
2026-02-12 05:23:54 WARN  [] o.s.b.a.o.j.JpaBaseConfiguration$JpaWebConfiguration - spring.jpa.open-in-view is enabled by default. Therefore, database queries may be performed during view rendering. Explicitly configure spring.jpa.open-in-view to disable this warning
2026-02-12 05:23:54 INFO  [] o.s.b.a.h.H2ConsoleAutoConfiguration - H2 console available at '/h2-console'. Database available at 'jdbc:h2:mem:snatchmart'
2026-02-12 05:23:54 INFO  [] o.s.b.d.a.OptionalLiveReloadServer - LiveReload server is running on port 35729
2026-02-12 05:23:54 INFO  [] o.a.coyote.http11.Http11NioProtocol - Starting ProtocolHandler ["http-nio-8081"]
2026-02-12 05:23:54 INFO  [] o.s.b.w.e.tomcat.TomcatWebServer - Tomcat started on port 8081 (http) with context path '/'
2026-02-12 05:23:54 INFO  [] c.s.s.scheduler.DealScheduler - Starting 30-min price sync job
2026-02-12 05:23:54 INFO  [] c.s.snatchmart.SnatchMartApplication - Started SnatchMartApplication in 0.466 seconds (process running for 813.801)
2026-02-12 05:23:54 INFO  [] c.s.s.s.s.AffiliateSyncServiceImpl - Synced 0 deals from amazon
2026-02-12 05:23:54 INFO  [] c.s.s.s.s.AffiliateSyncServiceImpl - Synced 0 deals from flipkart
2026-02-12 05:23:54 INFO  [] o.s.b.d.a.ConditionEvaluationDeltaLoggingListener - Condition evaluation unchanged
2026-02-12 05:23:56 INFO  [] o.s.b.d.a.LocalDevToolsAutoConfiguration$RestartingClassPathChangeChangedEventListener - Restarting due to 1 class path change (0 additions, 0 deletions, 1 modification)
2026-02-12 05:23:56 INFO  [] o.s.b.w.e.tomcat.GracefulShutdown - Commencing graceful shutdown. Waiting for active requests to complete
2026-02-12 05:23:56 INFO  [] o.a.coyote.http11.Http11NioProtocol - Pausing ProtocolHandler ["http-nio-8081"]
2026-02-12 05:23:56 INFO  [] o.s.b.w.e.tomcat.GracefulShutdown - Graceful shutdown complete
2026-02-12 05:23:56 INFO  [] o.a.coyote.http11.Http11NioProtocol - Stopping ProtocolHandler ["http-nio-8081"]
2026-02-12 05:23:56 INFO  [] o.s.o.j.LocalContainerEntityManagerFactoryBean - Closing JPA EntityManagerFactory for persistence unit 'default'
2026-02-12 05:23:56 WARN  [] o.s.b.f.s.DisposableBeanAdapter - Invocation of destroy method failed on bean with name 'inMemoryDatabaseShutdownExecutor': org.h2.jdbc.JdbcSQLNonTransientConnectionException: Database is already closed (to disable automatic closing at VM shutdown, add ";DB_CLOSE_ON_EXIT=FALSE" to the db URL) [90121-232]
2026-02-12 05:23:56 INFO  [] com.zaxxer.hikari.HikariDataSource - HikariPool-7 - Shutdown initiated...
2026-02-12 05:23:56 INFO  [] com.zaxxer.hikari.HikariDataSource - HikariPool-7 - Shutdown completed.
2026-02-12 05:23:56 INFO  [] c.s.snatchmart.SnatchMartApplication - Starting SnatchMartApplication using Java 21.0.9 with PID 41078 (/Users/pulkitgiddu/Documents/Code/Backend/snatchMart/target/classes started by pulkitgiddu in /Users/pulkitgiddu/Documents/Code/Backend/snatchMart)
2026-02-12 05:23:56 DEBUG [] c.s.snatchmart.SnatchMartApplication - Running with Spring Boot v3.5.6, Spring v6.2.11
2026-02-12 05:23:56 INFO  [] c.s.snatchmart.SnatchMartApplication - The following 1 profile is active: "local"
2026-02-12 05:23:57 INFO  [] o.s.d.r.c.RepositoryConfigurationDelegate - Multiple Spring Data modules found, entering strict repository configuration mode
2026-02-12 05:23:57 INFO  [] o.s.d.r.c.RepositoryConfigurationDelegate - Bootstrapping Spring Data JPA repositories in DEFAULT mode.
2026-02-12 05:23:57 INFO  [] o.s.d.r.c.RepositoryConfigurationDelegate - Finished Spring Data repository scanning in 9 ms. Found 12 JPA repository interfaces.
2026-02-12 05:23:57 INFO  [] o.s.b.w.e.tomcat.TomcatWebServer - Tomcat initialized with port 8081 (http)
2026-02-12 05:23:57 INFO  [] o.a.coyote.http11.Http11NioProtocol - Initializing ProtocolHandler ["http-nio-8081"]
2026-02-12 05:23:57 INFO  [] o.a.catalina.core.StandardService - Starting service [Tomcat]
2026-02-12 05:23:57 INFO  [] o.a.catalina.core.StandardEngine - Starting Servlet engine: [Apache Tomcat/10.1.46]
2026-02-12 05:23:57 INFO  [] o.a.c.c.C.[Tomcat].[localhost].[/] - Initializing Spring embedded WebApplicationContext
2026-02-12 05:23:57 INFO  [] o.s.b.w.s.c.ServletWebServerApplicationContext - Root WebApplicationContext: initialization completed in 115 ms
2026-02-12 05:23:57 INFO  [] o.h.jpa.internal.util.LogHelper - HHH000204: Processing PersistenceUnitInfo [name: default]
2026-02-12 05:23:57 INFO  [] o.h.c.i.RegionFactoryInitiator - HHH000026: Second-level cache disabled
2026-02-12 05:23:57 INFO  [] o.s.o.j.p.SpringPersistenceUnitInfo - No LoadTimeWeaver setup: ignoring JPA class transformer
2026-02-12 05:23:57 INFO  [] com.zaxxer.hikari.HikariDataSource - HikariPool-8 - Starting...
2026-02-12 05:23:57 INFO  [] com.zaxxer.hikari.pool.HikariPool - HikariPool-8 - Added connection conn70: url=jdbc:h2:mem:snatchmart user=SA
2026-02-12 05:23:57 INFO  [] com.zaxxer.hikari.HikariDataSource - HikariPool-8 - Start completed.
2026-02-12 05:23:57 WARN  [] org.hibernate.orm.deprecation - HHH90000025: H2Dialect does not need to be specified explicitly using 'hibernate.dialect' (remove the property setting and it will be selected by default)
2026-02-12 05:23:57 INFO  [] o.hibernate.orm.connections.pooling - HHH10001005: Database info:
	Database JDBC URL [Connecting through datasource 'HikariDataSource (HikariPool-8)']
	Database driver: undefined/unknown
	Database version: 2.3.232
	Autocommit mode: undefined/unknown
	Isolation level: undefined/unknown
	Minimum pool size: undefined/unknown
	Maximum pool size: undefined/unknown
2026-02-12 05:23:57 INFO  [] o.h.e.t.j.p.i.JtaPlatformInitiator - HHH000489: No JTA platform available (set 'hibernate.transaction.jta.platform' to enable JTA platform integration)
2026-02-12 05:23:57 INFO  [] o.s.o.j.LocalContainerEntityManagerFactoryBean - Initialized JPA EntityManagerFactory for persistence unit 'default'
2026-02-12 05:23:57 DEBUG [] c.s.s.s.JwtAuthenticationFilter - Filter 'jwtAuthenticationFilter' configured for use
2026-02-12 05:23:57 INFO  [] o.s.s.c.a.a.c.InitializeAuthenticationProviderBeanManagerConfigurer$InitializeAuthenticationProviderManagerConfigurer - Global AuthenticationManager configured with AuthenticationProvider bean with name authenticationProvider
2026-02-12 05:23:57 WARN  [] o.s.s.c.a.a.c.InitializeUserDetailsBeanManagerConfigurer$InitializeUserDetailsManagerConfigurer - Global AuthenticationManager configured with an AuthenticationProvider bean. UserDetailsService beans will not be used by Spring Security for automatically configuring username/password login. Consider removing the AuthenticationProvider bean. Alternatively, consider using the UserDetailsService in a manually instantiated DaoAuthenticationProvider. If the current configuration is intentional, to turn off this warning, increase the logging level of 'org.springframework.security.config.annotation.authentication.configuration.InitializeUserDetailsBeanManagerConfigurer' to ERROR
2026-02-12 05:23:57 WARN  [] o.s.b.a.o.j.JpaBaseConfiguration$JpaWebConfiguration - spring.jpa.open-in-view is enabled by default. Therefore, database queries may be performed during view rendering. Explicitly configure spring.jpa.open-in-view to disable this warning
2026-02-12 05:23:57 INFO  [] o.s.b.a.h.H2ConsoleAutoConfiguration - H2 console available at '/h2-console'. Database available at 'jdbc:h2:mem:snatchmart'
2026-02-12 05:23:57 INFO  [] o.s.b.d.a.OptionalLiveReloadServer - LiveReload server is running on port 35729
2026-02-12 05:23:57 INFO  [] o.a.coyote.http11.Http11NioProtocol - Starting ProtocolHandler ["http-nio-8081"]
2026-02-12 05:23:57 INFO  [] o.s.b.w.e.tomcat.TomcatWebServer - Tomcat started on port 8081 (http) with context path '/'
2026-02-12 05:23:57 INFO  [] c.s.s.scheduler.DealScheduler - Starting 30-min price sync job
2026-02-12 05:23:57 INFO  [] c.s.snatchmart.SnatchMartApplication - Started SnatchMartApplication in 0.442 seconds (process running for 816.702)
2026-02-12 05:23:57 INFO  [] c.s.s.s.s.AffiliateSyncServiceImpl - Synced 0 deals from amazon
2026-02-12 05:23:57 INFO  [] c.s.s.s.s.AffiliateSyncServiceImpl - Synced 0 deals from flipkart
2026-02-12 05:23:57 INFO  [] o.s.b.d.a.ConditionEvaluationDeltaLoggingListener - Condition evaluation unchanged
2026-02-12 05:25:25 INFO  [] o.a.c.c.C.[Tomcat].[localhost].[/] - Initializing Spring DispatcherServlet 'dispatcherServlet'
2026-02-12 05:25:25 INFO  [] o.s.web.servlet.DispatcherServlet - Initializing Servlet 'dispatcherServlet'
2026-02-12 05:25:25 INFO  [] o.s.web.servlet.DispatcherServlet - Completed initialization in 9 ms
2026-02-12 05:25:25 WARN  [] o.s.w.s.m.m.a.ExceptionHandlerExceptionResolver - Resolved [org.springframework.security.authentication.BadCredentialsException: Bad credentials]
2026-02-12 05:27:55 WARN  [] o.s.w.s.m.m.a.ExceptionHandlerExceptionResolver - Resolved [java.lang.IllegalArgumentException: Invalid referral code provided: 123456]
2026-02-12 05:31:49 INFO  [] o.s.b.d.a.LocalDevToolsAutoConfiguration$RestartingClassPathChangeChangedEventListener - Restarting due to 1 class path change (0 additions, 0 deletions, 1 modification)
2026-02-12 05:31:49 INFO  [] o.s.b.w.e.tomcat.GracefulShutdown - Commencing graceful shutdown. Waiting for active requests to complete
2026-02-12 05:31:49 INFO  [] o.a.coyote.http11.Http11NioProtocol - Pausing ProtocolHandler ["http-nio-8081"]
2026-02-12 05:31:49 INFO  [] o.s.b.w.e.tomcat.GracefulShutdown - Graceful shutdown complete
2026-02-12 05:31:49 INFO  [] o.a.coyote.http11.Http11NioProtocol - Stopping ProtocolHandler ["http-nio-8081"]
2026-02-12 05:31:49 INFO  [] o.s.o.j.LocalContainerEntityManagerFactoryBean - Closing JPA EntityManagerFactory for persistence unit 'default'
2026-02-12 05:31:49 WARN  [] o.s.b.f.s.DisposableBeanAdapter - Invocation of destroy method failed on bean with name 'inMemoryDatabaseShutdownExecutor': org.h2.jdbc.JdbcSQLNonTransientConnectionException: Database is already closed (to disable automatic closing at VM shutdown, add ";DB_CLOSE_ON_EXIT=FALSE" to the db URL) [90121-232]
2026-02-12 05:31:49 INFO  [] com.zaxxer.hikari.HikariDataSource - HikariPool-8 - Shutdown initiated...
2026-02-12 05:31:49 INFO  [] com.zaxxer.hikari.HikariDataSource - HikariPool-8 - Shutdown completed.
2026-02-12 05:31:49 INFO  [] c.s.snatchmart.SnatchMartApplication - Starting SnatchMartApplication using Java 21.0.9 with PID 41078 (/Users/pulkitgiddu/Documents/Code/Backend/snatchMart/target/classes started by pulkitgiddu in /Users/pulkitgiddu/Documents/Code/Backend/snatchMart)
2026-02-12 05:31:49 DEBUG [] c.s.snatchmart.SnatchMartApplication - Running with Spring Boot v3.5.6, Spring v6.2.11
2026-02-12 05:31:49 INFO  [] c.s.snatchmart.SnatchMartApplication - The following 1 profile is active: "local"
2026-02-12 05:31:49 INFO  [] o.s.d.r.c.RepositoryConfigurationDelegate - Multiple Spring Data modules found, entering strict repository configuration mode
2026-02-12 05:31:49 INFO  [] o.s.d.r.c.RepositoryConfigurationDelegate - Bootstrapping Spring Data JPA repositories in DEFAULT mode.
2026-02-12 05:31:49 INFO  [] o.s.d.r.c.RepositoryConfigurationDelegate - Finished Spring Data repository scanning in 9 ms. Found 12 JPA repository interfaces.
2026-02-12 05:31:49 INFO  [] o.s.b.w.e.tomcat.TomcatWebServer - Tomcat initialized with port 8081 (http)
2026-02-12 05:31:49 INFO  [] o.a.coyote.http11.Http11NioProtocol - Initializing ProtocolHandler ["http-nio-8081"]
2026-02-12 05:31:49 INFO  [] o.a.catalina.core.StandardService - Starting service [Tomcat]
2026-02-12 05:31:49 INFO  [] o.a.catalina.core.StandardEngine - Starting Servlet engine: [Apache Tomcat/10.1.46]
2026-02-12 05:31:49 INFO  [] o.a.c.c.C.[Tomcat].[localhost].[/] - Initializing Spring embedded WebApplicationContext
2026-02-12 05:31:49 INFO  [] o.s.b.w.s.c.ServletWebServerApplicationContext - Root WebApplicationContext: initialization completed in 149 ms
2026-02-12 05:31:49 INFO  [] o.h.jpa.internal.util.LogHelper - HHH000204: Processing PersistenceUnitInfo [name: default]
2026-02-12 05:31:49 INFO  [] o.h.c.i.RegionFactoryInitiator - HHH000026: Second-level cache disabled
2026-02-12 05:31:49 INFO  [] o.s.o.j.p.SpringPersistenceUnitInfo - No LoadTimeWeaver setup: ignoring JPA class transformer
2026-02-12 05:31:49 INFO  [] com.zaxxer.hikari.HikariDataSource - HikariPool-9 - Starting...
2026-02-12 05:31:49 INFO  [] com.zaxxer.hikari.pool.HikariPool - HikariPool-9 - Added connection conn80: url=jdbc:h2:mem:snatchmart user=SA
2026-02-12 05:31:49 INFO  [] com.zaxxer.hikari.HikariDataSource - HikariPool-9 - Start completed.
2026-02-12 05:31:49 WARN  [] org.hibernate.orm.deprecation - HHH90000025: H2Dialect does not need to be specified explicitly using 'hibernate.dialect' (remove the property setting and it will be selected by default)
2026-02-12 05:31:49 INFO  [] o.hibernate.orm.connections.pooling - HHH10001005: Database info:
	Database JDBC URL [Connecting through datasource 'HikariDataSource (HikariPool-9)']
	Database driver: undefined/unknown
	Database version: 2.3.232
	Autocommit mode: undefined/unknown
	Isolation level: undefined/unknown
	Minimum pool size: undefined/unknown
	Maximum pool size: undefined/unknown
2026-02-12 05:31:50 INFO  [] o.h.e.t.j.p.i.JtaPlatformInitiator - HHH000489: No JTA platform available (set 'hibernate.transaction.jta.platform' to enable JTA platform integration)
2026-02-12 05:31:50 INFO  [] o.s.o.j.LocalContainerEntityManagerFactoryBean - Initialized JPA EntityManagerFactory for persistence unit 'default'
2026-02-12 05:31:50 DEBUG [] c.s.s.s.JwtAuthenticationFilter - Filter 'jwtAuthenticationFilter' configured for use
2026-02-12 05:31:50 INFO  [] o.s.s.c.a.a.c.InitializeAuthenticationProviderBeanManagerConfigurer$InitializeAuthenticationProviderManagerConfigurer - Global AuthenticationManager configured with AuthenticationProvider bean with name authenticationProvider
2026-02-12 05:31:50 WARN  [] o.s.s.c.a.a.c.InitializeUserDetailsBeanManagerConfigurer$InitializeUserDetailsManagerConfigurer - Global AuthenticationManager configured with an AuthenticationProvider bean. UserDetailsService beans will not be used by Spring Security for automatically configuring username/password login. Consider removing the AuthenticationProvider bean. Alternatively, consider using the UserDetailsService in a manually instantiated DaoAuthenticationProvider. If the current configuration is intentional, to turn off this warning, increase the logging level of 'org.springframework.security.config.annotation.authentication.configuration.InitializeUserDetailsBeanManagerConfigurer' to ERROR
2026-02-12 05:31:50 WARN  [] o.s.b.a.o.j.JpaBaseConfiguration$JpaWebConfiguration - spring.jpa.open-in-view is enabled by default. Therefore, database queries may be performed during view rendering. Explicitly configure spring.jpa.open-in-view to disable this warning
2026-02-12 05:31:50 INFO  [] o.s.b.a.h.H2ConsoleAutoConfiguration - H2 console available at '/h2-console'. Database available at 'jdbc:h2:mem:snatchmart'
2026-02-12 05:31:50 INFO  [] o.s.b.d.a.OptionalLiveReloadServer - LiveReload server is running on port 35729
2026-02-12 05:31:50 INFO  [] o.a.coyote.http11.Http11NioProtocol - Starting ProtocolHandler ["http-nio-8081"]
2026-02-12 05:31:50 INFO  [] o.s.b.w.e.tomcat.TomcatWebServer - Tomcat started on port 8081 (http) with context path '/'
2026-02-12 05:31:50 INFO  [] c.s.s.scheduler.DealScheduler - Starting 30-min price sync job
2026-02-12 05:31:50 INFO  [] c.s.snatchmart.SnatchMartApplication - Started SnatchMartApplication in 0.514 seconds (process running for 1289.511)
2026-02-12 05:31:50 INFO  [] c.s.s.s.s.AffiliateSyncServiceImpl - Synced 0 deals from amazon
2026-02-12 05:31:50 INFO  [] c.s.s.s.s.AffiliateSyncServiceImpl - Synced 0 deals from flipkart
2026-02-12 05:31:50 INFO  [] o.s.b.d.a.ConditionEvaluationDeltaLoggingListener - Condition evaluation unchanged
2026-02-12 05:32:00 INFO  [] o.s.b.d.a.LocalDevToolsAutoConfiguration$RestartingClassPathChangeChangedEventListener - Restarting due to 1 class path change (0 additions, 0 deletions, 1 modification)
2026-02-12 05:32:00 INFO  [] o.s.b.w.e.tomcat.GracefulShutdown - Commencing graceful shutdown. Waiting for active requests to complete
2026-02-12 05:32:00 INFO  [] o.a.coyote.http11.Http11NioProtocol - Pausing ProtocolHandler ["http-nio-8081"]
2026-02-12 05:32:00 INFO  [] o.s.b.w.e.tomcat.GracefulShutdown - Graceful shutdown complete
2026-02-12 05:32:00 INFO  [] o.a.coyote.http11.Http11NioProtocol - Stopping ProtocolHandler ["http-nio-8081"]
2026-02-12 05:32:00 INFO  [] o.s.o.j.LocalContainerEntityManagerFactoryBean - Closing JPA EntityManagerFactory for persistence unit 'default'
2026-02-12 05:32:00 WARN  [] o.s.b.f.s.DisposableBeanAdapter - Invocation of destroy method failed on bean with name 'inMemoryDatabaseShutdownExecutor': org.h2.jdbc.JdbcSQLNonTransientConnectionException: Database is already closed (to disable automatic closing at VM shutdown, add ";DB_CLOSE_ON_EXIT=FALSE" to the db URL) [90121-232]
2026-02-12 05:32:00 INFO  [] com.zaxxer.hikari.HikariDataSource - HikariPool-9 - Shutdown initiated...
2026-02-12 05:32:00 INFO  [] com.zaxxer.hikari.HikariDataSource - HikariPool-9 - Shutdown completed.
2026-02-12 05:32:00 INFO  [] c.s.snatchmart.SnatchMartApplication - Starting SnatchMartApplication using Java 21.0.9 with PID 41078 (/Users/pulkitgiddu/Documents/Code/Backend/snatchMart/target/classes started by pulkitgiddu in /Users/pulkitgiddu/Documents/Code/Backend/snatchMart)
2026-02-12 05:32:00 DEBUG [] c.s.snatchmart.SnatchMartApplication - Running with Spring Boot v3.5.6, Spring v6.2.11
2026-02-12 05:32:00 INFO  [] c.s.snatchmart.SnatchMartApplication - The following 1 profile is active: "local"
2026-02-12 05:32:00 INFO  [] o.s.d.r.c.RepositoryConfigurationDelegate - Multiple Spring Data modules found, entering strict repository configuration mode
2026-02-12 05:32:00 INFO  [] o.s.d.r.c.RepositoryConfigurationDelegate - Bootstrapping Spring Data JPA repositories in DEFAULT mode.
2026-02-12 05:32:00 INFO  [] o.s.d.r.c.RepositoryConfigurationDelegate - Finished Spring Data repository scanning in 8 ms. Found 12 JPA repository interfaces.
2026-02-12 05:32:00 INFO  [] o.s.b.w.e.tomcat.TomcatWebServer - Tomcat initialized with port 8081 (http)
2026-02-12 05:32:00 INFO  [] o.a.coyote.http11.Http11NioProtocol - Initializing ProtocolHandler ["http-nio-8081"]
2026-02-12 05:32:00 INFO  [] o.a.catalina.core.StandardService - Starting service [Tomcat]
2026-02-12 05:32:00 INFO  [] o.a.catalina.core.StandardEngine - Starting Servlet engine: [Apache Tomcat/10.1.46]
2026-02-12 05:32:00 INFO  [] o.a.c.c.C.[Tomcat].[localhost].[/] - Initializing Spring embedded WebApplicationContext
2026-02-12 05:32:00 INFO  [] o.s.b.w.s.c.ServletWebServerApplicationContext - Root WebApplicationContext: initialization completed in 132 ms
2026-02-12 05:32:00 INFO  [] o.h.jpa.internal.util.LogHelper - HHH000204: Processing PersistenceUnitInfo [name: default]
2026-02-12 05:32:00 INFO  [] o.h.c.i.RegionFactoryInitiator - HHH000026: Second-level cache disabled
2026-02-12 05:32:00 INFO  [] o.s.o.j.p.SpringPersistenceUnitInfo - No LoadTimeWeaver setup: ignoring JPA class transformer
2026-02-12 05:32:00 INFO  [] com.zaxxer.hikari.HikariDataSource - HikariPool-10 - Starting...
2026-02-12 05:32:00 INFO  [] com.zaxxer.hikari.pool.HikariPool - HikariPool-10 - Added connection conn90: url=jdbc:h2:mem:snatchmart user=SA
2026-02-12 05:32:00 INFO  [] com.zaxxer.hikari.HikariDataSource - HikariPool-10 - Start completed.
2026-02-12 05:32:00 WARN  [] org.hibernate.orm.deprecation - HHH90000025: H2Dialect does not need to be specified explicitly using 'hibernate.dialect' (remove the property setting and it will be selected by default)
2026-02-12 05:32:00 INFO  [] o.hibernate.orm.connections.pooling - HHH10001005: Database info:
	Database JDBC URL [Connecting through datasource 'HikariDataSource (HikariPool-10)']
	Database driver: undefined/unknown
	Database version: 2.3.232
	Autocommit mode: undefined/unknown
	Isolation level: undefined/unknown
	Minimum pool size: undefined/unknown
	Maximum pool size: undefined/unknown
2026-02-12 05:32:01 INFO  [] o.h.e.t.j.p.i.JtaPlatformInitiator - HHH000489: No JTA platform available (set 'hibernate.transaction.jta.platform' to enable JTA platform integration)
2026-02-12 05:32:01 INFO  [] o.s.o.j.LocalContainerEntityManagerFactoryBean - Initialized JPA EntityManagerFactory for persistence unit 'default'
2026-02-12 05:32:01 DEBUG [] c.s.s.s.JwtAuthenticationFilter - Filter 'jwtAuthenticationFilter' configured for use
2026-02-12 05:32:01 INFO  [] o.s.s.c.a.a.c.InitializeAuthenticationProviderBeanManagerConfigurer$InitializeAuthenticationProviderManagerConfigurer - Global AuthenticationManager configured with AuthenticationProvider bean with name authenticationProvider
2026-02-12 05:32:01 WARN  [] o.s.s.c.a.a.c.InitializeUserDetailsBeanManagerConfigurer$InitializeUserDetailsManagerConfigurer - Global AuthenticationManager configured with an AuthenticationProvider bean. UserDetailsService beans will not be used by Spring Security for automatically configuring username/password login. Consider removing the AuthenticationProvider bean. Alternatively, consider using the UserDetailsService in a manually instantiated DaoAuthenticationProvider. If the current configuration is intentional, to turn off this warning, increase the logging level of 'org.springframework.security.config.annotation.authentication.configuration.InitializeUserDetailsBeanManagerConfigurer' to ERROR
2026-02-12 05:32:01 WARN  [] o.s.b.a.o.j.JpaBaseConfiguration$JpaWebConfiguration - spring.jpa.open-in-view is enabled by default. Therefore, database queries may be performed during view rendering. Explicitly configure spring.jpa.open-in-view to disable this warning
2026-02-12 05:32:01 INFO  [] o.s.b.a.h.H2ConsoleAutoConfiguration - H2 console available at '/h2-console'. Database available at 'jdbc:h2:mem:snatchmart'
2026-02-12 05:32:01 INFO  [] o.s.b.d.a.OptionalLiveReloadServer - LiveReload server is running on port 35729
2026-02-12 05:32:01 INFO  [] o.a.coyote.http11.Http11NioProtocol - Starting ProtocolHandler ["http-nio-8081"]
2026-02-12 05:32:01 INFO  [] o.s.b.w.e.tomcat.TomcatWebServer - Tomcat started on port 8081 (http) with context path '/'
2026-02-12 05:32:01 INFO  [] c.s.s.scheduler.DealScheduler - Starting 30-min price sync job
2026-02-12 05:32:01 INFO  [] c.s.snatchmart.SnatchMartApplication - Started SnatchMartApplication in 0.547 seconds (process running for 1300.627)
2026-02-12 05:32:01 INFO  [] c.s.s.s.s.AffiliateSyncServiceImpl - Synced 0 deals from amazon
2026-02-12 05:32:01 INFO  [] c.s.s.s.s.AffiliateSyncServiceImpl - Synced 0 deals from flipkart
2026-02-12 05:32:01 INFO  [] o.s.b.d.a.ConditionEvaluationDeltaLoggingListener - Condition evaluation unchanged
2026-02-12 05:32:05 INFO  [] o.s.b.d.a.LocalDevToolsAutoConfiguration$RestartingClassPathChangeChangedEventListener - Restarting due to 1 class path change (0 additions, 0 deletions, 1 modification)
2026-02-12 05:32:05 INFO  [] o.s.b.w.e.tomcat.GracefulShutdown - Commencing graceful shutdown. Waiting for active requests to complete
2026-02-12 05:32:05 INFO  [] o.a.coyote.http11.Http11NioProtocol - Pausing ProtocolHandler ["http-nio-8081"]
2026-02-12 05:32:05 INFO  [] o.s.b.w.e.tomcat.GracefulShutdown - Graceful shutdown complete
2026-02-12 05:32:05 INFO  [] o.a.coyote.http11.Http11NioProtocol - Stopping ProtocolHandler ["http-nio-8081"]
2026-02-12 05:32:05 INFO  [] o.s.o.j.LocalContainerEntityManagerFactoryBean - Closing JPA EntityManagerFactory for persistence unit 'default'
2026-02-12 05:32:05 WARN  [] o.s.b.f.s.DisposableBeanAdapter - Invocation of destroy method failed on bean with name 'inMemoryDatabaseShutdownExecutor': org.h2.jdbc.JdbcSQLNonTransientConnectionException: Database is already closed (to disable automatic closing at VM shutdown, add ";DB_CLOSE_ON_EXIT=FALSE" to the db URL) [90121-232]
2026-02-12 05:32:05 INFO  [] com.zaxxer.hikari.HikariDataSource - HikariPool-10 - Shutdown initiated...
2026-02-12 05:32:05 INFO  [] com.zaxxer.hikari.HikariDataSource - HikariPool-10 - Shutdown completed.
2026-02-12 05:32:05 INFO  [] c.s.snatchmart.SnatchMartApplication - Starting SnatchMartApplication using Java 21.0.9 with PID 41078 (/Users/pulkitgiddu/Documents/Code/Backend/snatchMart/target/classes started by pulkitgiddu in /Users/pulkitgiddu/Documents/Code/Backend/snatchMart)
2026-02-12 05:32:05 DEBUG [] c.s.snatchmart.SnatchMartApplication - Running with Spring Boot v3.5.6, Spring v6.2.11
2026-02-12 05:32:05 INFO  [] c.s.snatchmart.SnatchMartApplication - The following 1 profile is active: "local"
2026-02-12 05:32:05 INFO  [] o.s.d.r.c.RepositoryConfigurationDelegate - Multiple Spring Data modules found, entering strict repository configuration mode
2026-02-12 05:32:05 INFO  [] o.s.d.r.c.RepositoryConfigurationDelegate - Bootstrapping Spring Data JPA repositories in DEFAULT mode.
2026-02-12 05:32:05 INFO  [] o.s.d.r.c.RepositoryConfigurationDelegate - Finished Spring Data repository scanning in 8 ms. Found 12 JPA repository interfaces.
2026-02-12 05:32:05 INFO  [] o.s.b.w.e.tomcat.TomcatWebServer - Tomcat initialized with port 8081 (http)
2026-02-12 05:32:05 INFO  [] o.a.coyote.http11.Http11NioProtocol - Initializing ProtocolHandler ["http-nio-8081"]
2026-02-12 05:32:05 INFO  [] o.a.catalina.core.StandardService - Starting service [Tomcat]
2026-02-12 05:32:05 INFO  [] o.a.catalina.core.StandardEngine - Starting Servlet engine: [Apache Tomcat/10.1.46]
2026-02-12 05:32:05 INFO  [] o.a.c.c.C.[Tomcat].[localhost].[/] - Initializing Spring embedded WebApplicationContext
2026-02-12 05:32:05 INFO  [] o.s.b.w.s.c.ServletWebServerApplicationContext - Root WebApplicationContext: initialization completed in 123 ms
2026-02-12 05:32:06 INFO  [] o.h.jpa.internal.util.LogHelper - HHH000204: Processing PersistenceUnitInfo [name: default]
2026-02-12 05:32:06 INFO  [] o.h.c.i.RegionFactoryInitiator - HHH000026: Second-level cache disabled
2026-02-12 05:32:06 INFO  [] o.s.o.j.p.SpringPersistenceUnitInfo - No LoadTimeWeaver setup: ignoring JPA class transformer
2026-02-12 05:32:06 INFO  [] com.zaxxer.hikari.HikariDataSource - HikariPool-11 - Starting...
2026-02-12 05:32:06 INFO  [] com.zaxxer.hikari.pool.HikariPool - HikariPool-11 - Added connection conn100: url=jdbc:h2:mem:snatchmart user=SA
2026-02-12 05:32:06 INFO  [] com.zaxxer.hikari.HikariDataSource - HikariPool-11 - Start completed.
2026-02-12 05:32:06 WARN  [] org.hibernate.orm.deprecation - HHH90000025: H2Dialect does not need to be specified explicitly using 'hibernate.dialect' (remove the property setting and it will be selected by default)
2026-02-12 05:32:06 INFO  [] o.hibernate.orm.connections.pooling - HHH10001005: Database info:
	Database JDBC URL [Connecting through datasource 'HikariDataSource (HikariPool-11)']
	Database driver: undefined/unknown
	Database version: 2.3.232
	Autocommit mode: undefined/unknown
	Isolation level: undefined/unknown
	Minimum pool size: undefined/unknown
	Maximum pool size: undefined/unknown
2026-02-12 05:32:06 INFO  [] o.h.e.t.j.p.i.JtaPlatformInitiator - HHH000489: No JTA platform available (set 'hibernate.transaction.jta.platform' to enable JTA platform integration)
2026-02-12 05:32:06 INFO  [] o.s.o.j.LocalContainerEntityManagerFactoryBean - Initialized JPA EntityManagerFactory for persistence unit 'default'
2026-02-12 05:32:06 DEBUG [] c.s.s.s.JwtAuthenticationFilter - Filter 'jwtAuthenticationFilter' configured for use
2026-02-12 05:32:06 INFO  [] o.s.s.c.a.a.c.InitializeAuthenticationProviderBeanManagerConfigurer$InitializeAuthenticationProviderManagerConfigurer - Global AuthenticationManager configured with AuthenticationProvider bean with name authenticationProvider
2026-02-12 05:32:06 WARN  [] o.s.s.c.a.a.c.InitializeUserDetailsBeanManagerConfigurer$InitializeUserDetailsManagerConfigurer - Global AuthenticationManager configured with an AuthenticationProvider bean. UserDetailsService beans will not be used by Spring Security for automatically configuring username/password login. Consider removing the AuthenticationProvider bean. Alternatively, consider using the UserDetailsService in a manually instantiated DaoAuthenticationProvider. If the current configuration is intentional, to turn off this warning, increase the logging level of 'org.springframework.security.config.annotation.authentication.configuration.InitializeUserDetailsBeanManagerConfigurer' to ERROR
2026-02-12 05:32:06 WARN  [] o.s.b.a.o.j.JpaBaseConfiguration$JpaWebConfiguration - spring.jpa.open-in-view is enabled by default. Therefore, database queries may be performed during view rendering. Explicitly configure spring.jpa.open-in-view to disable this warning
2026-02-12 05:32:06 INFO  [] o.s.b.a.h.H2ConsoleAutoConfiguration - H2 console available at '/h2-console'. Database available at 'jdbc:h2:mem:snatchmart'
2026-02-12 05:32:06 INFO  [] o.s.b.d.a.OptionalLiveReloadServer - LiveReload server is running on port 35729
2026-02-12 05:32:06 INFO  [] o.a.coyote.http11.Http11NioProtocol - Starting ProtocolHandler ["http-nio-8081"]
2026-02-12 05:32:06 INFO  [] o.s.b.w.e.tomcat.TomcatWebServer - Tomcat started on port 8081 (http) with context path '/'
2026-02-12 05:32:06 INFO  [] c.s.s.scheduler.DealScheduler - Starting 30-min price sync job
2026-02-12 05:32:06 INFO  [] c.s.snatchmart.SnatchMartApplication - Started SnatchMartApplication in 0.418 seconds (process running for 1305.556)
2026-02-12 05:32:06 INFO  [] c.s.s.s.s.AffiliateSyncServiceImpl - Synced 0 deals from amazon
2026-02-12 05:32:06 INFO  [] c.s.s.s.s.AffiliateSyncServiceImpl - Synced 0 deals from flipkart
2026-02-12 05:32:06 INFO  [] o.s.b.d.a.ConditionEvaluationDeltaLoggingListener - Condition evaluation unchanged
2026-02-12 05:33:46 INFO  [] o.s.b.w.e.tomcat.GracefulShutdown - Commencing graceful shutdown. Waiting for active requests to complete
2026-02-12 05:33:46 INFO  [] o.s.b.w.e.tomcat.GracefulShutdown - Graceful shutdown complete
2026-02-12 05:33:46 INFO  [] o.s.o.j.LocalContainerEntityManagerFactoryBean - Closing JPA EntityManagerFactory for persistence unit 'default'
2026-02-12 05:33:46 WARN  [] o.s.b.f.s.DisposableBeanAdapter - Invocation of destroy method failed on bean with name 'inMemoryDatabaseShutdownExecutor': org.h2.jdbc.JdbcSQLNonTransientConnectionException: Database is already closed (to disable automatic closing at VM shutdown, add ";DB_CLOSE_ON_EXIT=FALSE" to the db URL) [90121-232]
2026-02-12 05:33:46 INFO  [] com.zaxxer.hikari.HikariDataSource - HikariPool-11 - Shutdown initiated...
2026-02-12 05:33:46 INFO  [] com.zaxxer.hikari.HikariDataSource - HikariPool-11 - Shutdown completed.
2026-02-12 05:33:53 INFO  [] o.h.validator.internal.util.Version - HV000001: Hibernate Validator 8.0.3.Final
2026-02-12 05:33:53 INFO  [] c.s.snatchmart.SnatchMartApplication - Starting SnatchMartApplication using Java 21.0.9 with PID 44399 (/Users/pulkitgiddu/Documents/Code/Backend/snatchMart/target/classes started by pulkitgiddu in /Users/pulkitgiddu/Documents/Code/Backend/snatchMart)
2026-02-12 05:33:53 DEBUG [] c.s.snatchmart.SnatchMartApplication - Running with Spring Boot v3.5.6, Spring v6.2.11
2026-02-12 05:33:53 INFO  [] c.s.snatchmart.SnatchMartApplication - The following 1 profile is active: "local"
2026-02-12 05:33:53 INFO  [] o.s.b.d.e.DevToolsPropertyDefaultsPostProcessor - Devtools property defaults active! Set 'spring.devtools.add-properties' to 'false' to disable
2026-02-12 05:33:53 INFO  [] o.s.b.d.e.DevToolsPropertyDefaultsPostProcessor - For additional web related logging consider setting the 'logging.level.web' property to 'DEBUG'
2026-02-12 05:33:54 INFO  [] o.s.d.r.c.RepositoryConfigurationDelegate - Multiple Spring Data modules found, entering strict repository configuration mode
2026-02-12 05:33:54 INFO  [] o.s.d.r.c.RepositoryConfigurationDelegate - Bootstrapping Spring Data JPA repositories in DEFAULT mode.
2026-02-12 05:33:54 INFO  [] o.s.d.r.c.RepositoryConfigurationDelegate - Finished Spring Data repository scanning in 54 ms. Found 12 JPA repository interfaces.
2026-02-12 05:33:54 INFO  [] o.s.b.w.e.tomcat.TomcatWebServer - Tomcat initialized with port 8081 (http)
2026-02-12 05:33:54 INFO  [] o.a.coyote.http11.Http11NioProtocol - Initializing ProtocolHandler ["http-nio-8081"]
2026-02-12 05:33:54 INFO  [] o.a.catalina.core.StandardService - Starting service [Tomcat]
2026-02-12 05:33:54 INFO  [] o.a.catalina.core.StandardEngine - Starting Servlet engine: [Apache Tomcat/10.1.46]
2026-02-12 05:33:54 INFO  [] o.a.c.c.C.[Tomcat].[localhost].[/] - Initializing Spring embedded WebApplicationContext
2026-02-12 05:33:54 INFO  [] o.s.b.w.s.c.ServletWebServerApplicationContext - Root WebApplicationContext: initialization completed in 589 ms
2026-02-12 05:33:54 INFO  [] o.h.jpa.internal.util.LogHelper - HHH000204: Processing PersistenceUnitInfo [name: default]
2026-02-12 05:33:54 INFO  [] org.hibernate.Version - HHH000412: Hibernate ORM core version 6.6.29.Final
2026-02-12 05:33:54 INFO  [] o.h.c.i.RegionFactoryInitiator - HHH000026: Second-level cache disabled
2026-02-12 05:33:54 INFO  [] o.s.o.j.p.SpringPersistenceUnitInfo - No LoadTimeWeaver setup: ignoring JPA class transformer
2026-02-12 05:33:54 INFO  [] com.zaxxer.hikari.HikariDataSource - HikariPool-1 - Starting...
2026-02-12 05:33:54 INFO  [] com.zaxxer.hikari.pool.HikariPool - HikariPool-1 - Added connection conn0: url=jdbc:h2:mem:snatchmart user=SA
2026-02-12 05:33:54 INFO  [] com.zaxxer.hikari.HikariDataSource - HikariPool-1 - Start completed.
2026-02-12 05:33:54 WARN  [] org.hibernate.orm.deprecation - HHH90000025: H2Dialect does not need to be specified explicitly using 'hibernate.dialect' (remove the property setting and it will be selected by default)
2026-02-12 05:33:54 INFO  [] o.hibernate.orm.connections.pooling - HHH10001005: Database info:
	Database JDBC URL [Connecting through datasource 'HikariDataSource (HikariPool-1)']
	Database driver: undefined/unknown
	Database version: 2.3.232
	Autocommit mode: undefined/unknown
	Isolation level: undefined/unknown
	Minimum pool size: undefined/unknown
	Maximum pool size: undefined/unknown
2026-02-12 05:33:55 INFO  [] o.h.e.t.j.p.i.JtaPlatformInitiator - HHH000489: No JTA platform available (set 'hibernate.transaction.jta.platform' to enable JTA platform integration)
2026-02-12 05:33:55 INFO  [] o.s.o.j.LocalContainerEntityManagerFactoryBean - Initialized JPA EntityManagerFactory for persistence unit 'default'
2026-02-12 05:33:55 INFO  [] o.s.d.j.r.query.QueryEnhancerFactory - Hibernate is in classpath; If applicable, HQL parser will be used.
2026-02-12 05:33:55 DEBUG [] c.s.s.s.JwtAuthenticationFilter - Filter 'jwtAuthenticationFilter' configured for use
2026-02-12 05:33:55 INFO  [] o.s.s.c.a.a.c.InitializeAuthenticationProviderBeanManagerConfigurer$InitializeAuthenticationProviderManagerConfigurer - Global AuthenticationManager configured with AuthenticationProvider bean with name authenticationProvider
2026-02-12 05:33:55 WARN  [] o.s.s.c.a.a.c.InitializeUserDetailsBeanManagerConfigurer$InitializeUserDetailsManagerConfigurer - Global AuthenticationManager configured with an AuthenticationProvider bean. UserDetailsService beans will not be used by Spring Security for automatically configuring username/password login. Consider removing the AuthenticationProvider bean. Alternatively, consider using the UserDetailsService in a manually instantiated DaoAuthenticationProvider. If the current configuration is intentional, to turn off this warning, increase the logging level of 'org.springframework.security.config.annotation.authentication.configuration.InitializeUserDetailsBeanManagerConfigurer' to ERROR
2026-02-12 05:33:55 WARN  [] o.s.b.a.o.j.JpaBaseConfiguration$JpaWebConfiguration - spring.jpa.open-in-view is enabled by default. Therefore, database queries may be performed during view rendering. Explicitly configure spring.jpa.open-in-view to disable this warning
2026-02-12 05:33:55 INFO  [] o.s.b.a.h.H2ConsoleAutoConfiguration - H2 console available at '/h2-console'. Database available at 'jdbc:h2:mem:snatchmart'
2026-02-12 05:33:55 INFO  [] o.s.b.d.a.OptionalLiveReloadServer - LiveReload server is running on port 35729
2026-02-12 05:33:55 INFO  [] o.a.coyote.http11.Http11NioProtocol - Starting ProtocolHandler ["http-nio-8081"]
2026-02-12 05:33:55 INFO  [] o.s.b.w.e.tomcat.TomcatWebServer - Tomcat started on port 8081 (http) with context path '/'
2026-02-12 05:33:55 INFO  [] c.s.snatchmart.SnatchMartApplication - Started SnatchMartApplication in 2.127 seconds (process running for 2.282)
2026-02-12 05:33:55 INFO  [] c.s.s.scheduler.DealScheduler - Starting 30-min price sync job
2026-02-12 05:33:55 INFO  [] c.s.s.s.s.AffiliateSyncServiceImpl - Synced 0 deals from amazon
2026-02-12 05:33:55 INFO  [] c.s.s.s.s.AffiliateSyncServiceImpl - Synced 0 deals from flipkart
2026-02-12 05:34:08 INFO  [] o.a.c.c.C.[Tomcat].[localhost].[/] - Initializing Spring DispatcherServlet 'dispatcherServlet'
2026-02-12 05:34:08 INFO  [] o.s.web.servlet.DispatcherServlet - Initializing Servlet 'dispatcherServlet'
2026-02-12 05:34:08 INFO  [] o.s.web.servlet.DispatcherServlet - Completed initialization in 3 ms
2026-02-12 06:00:00 INFO  [] c.s.s.scheduler.DealScheduler - Starting expired deals cleanup job
2026-02-12 06:00:00 INFO  [] c.s.s.s.s.AffiliateSyncServiceImpl - Deactivated 0 expired deals
2026-02-12 06:03:55 INFO  [] c.s.s.scheduler.DealScheduler - Starting 30-min price sync job
2026-02-12 06:03:55 INFO  [] c.s.s.s.s.AffiliateSyncServiceImpl - Synced 0 deals from amazon
2026-02-12 06:03:55 INFO  [] c.s.s.s.s.AffiliateSyncServiceImpl - Synced 0 deals from flipkart
2026-02-12 06:46:46 WARN  [] com.zaxxer.hikari.pool.HikariPool - HikariPool-1 - Thread starvation or clock leap detected (housekeeper delta=28m51s563ms).
2026-02-12 06:49:43 WARN  [] com.zaxxer.hikari.pool.HikariPool - HikariPool-1 - Thread starvation or clock leap detected (housekeeper delta=2m26s536ms).
2026-02-12 07:41:07 WARN  [] com.zaxxer.hikari.pool.HikariPool - HikariPool-1 - Thread starvation or clock leap detected (housekeeper delta=50m54s27ms).
2026-02-12 08:19:23 WARN  [] com.zaxxer.hikari.pool.HikariPool - HikariPool-1 - Thread starvation or clock leap detected (housekeeper delta=37m46s553ms).
2026-02-12 09:04:53 WARN  [] com.zaxxer.hikari.pool.HikariPool - HikariPool-1 - Thread starvation or clock leap detected (housekeeper delta=45m116ms).
2026-02-12 09:20:38 WARN  [] com.zaxxer.hikari.pool.HikariPool - HikariPool-1 - Thread starvation or clock leap detected (housekeeper delta=15m14s900ms).
2026-02-12 09:39:35 WARN  [] com.zaxxer.hikari.pool.HikariPool - HikariPool-1 - Thread starvation or clock leap detected (housekeeper delta=18m56s362ms).
2026-02-12 09:46:26 WARN  [] com.zaxxer.hikari.pool.HikariPool - HikariPool-1 - Thread starvation or clock leap detected (housekeeper delta=6m21s574ms).
2026-02-12 10:02:53 WARN  [] com.zaxxer.hikari.pool.HikariPool - HikariPool-1 - Thread starvation or clock leap detected (housekeeper delta=16m26s553ms).
2026-02-12 10:33:19 WARN  [] com.zaxxer.hikari.pool.HikariPool - HikariPool-1 - Thread starvation or clock leap detected (housekeeper delta=30m26s322ms).
2026-02-12 10:44:54 WARN  [] com.zaxxer.hikari.pool.HikariPool - HikariPool-1 - Thread starvation or clock leap detected (housekeeper delta=11m34s831ms).
2026-02-12 10:54:22 WARN  [] com.zaxxer.hikari.pool.HikariPool - HikariPool-1 - Thread starvation or clock leap detected (housekeeper delta=9m28s455ms).
2026-02-12 11:19:59 WARN  [] com.zaxxer.hikari.pool.HikariPool - HikariPool-1 - Thread starvation or clock leap detected (housekeeper delta=25m6s308ms).
2026-02-12 11:21:51 WARN  [] com.zaxxer.hikari.pool.HikariPool - HikariPool-1 - Thread starvation or clock leap detected (housekeeper delta=1m52s663ms).
2026-02-12 11:47:41 WARN  [] com.zaxxer.hikari.pool.HikariPool - HikariPool-1 - Thread starvation or clock leap detected (housekeeper delta=25m49s691ms).
2026-02-12 12:39:55 WARN  [] com.zaxxer.hikari.pool.HikariPool - HikariPool-1 - Thread starvation or clock leap detected (housekeeper delta=51m43s780ms).
2026-02-12 13:01:15 WARN  [] com.zaxxer.hikari.pool.HikariPool - HikariPool-1 - Thread starvation or clock leap detected (housekeeper delta=21m20s342ms).
2026-02-12 13:23:27 WARN  [] com.zaxxer.hikari.pool.HikariPool - HikariPool-1 - Thread starvation or clock leap detected (housekeeper delta=22m11s858ms).
2026-02-12 13:39:28 WARN  [] com.zaxxer.hikari.pool.HikariPool - HikariPool-1 - Thread starvation or clock leap detected (housekeeper delta=16m1s88ms).
2026-02-12 14:04:15 WARN  [] com.zaxxer.hikari.pool.HikariPool - HikariPool-1 - Thread starvation or clock leap detected (housekeeper delta=24m46s332ms).
2026-02-12 14:10:14 WARN  [] com.zaxxer.hikari.pool.HikariPool - HikariPool-1 - Thread starvation or clock leap detected (housekeeper delta=5m59s522ms).
2026-02-12 14:11:53 WARN  [] com.zaxxer.hikari.pool.HikariPool - HikariPool-1 - Thread starvation or clock leap detected (housekeeper delta=1m38s570ms).
2026-02-12 14:12:53 INFO  [] c.s.s.scheduler.DealScheduler - Starting 30-min price sync job
2026-02-12 14:12:53 INFO  [] c.s.s.s.s.AffiliateSyncServiceImpl - Synced 0 deals from amazon
2026-02-12 14:12:53 INFO  [] c.s.s.s.s.AffiliateSyncServiceImpl - Synced 0 deals from flipkart
2026-02-12 14:42:53 INFO  [] c.s.s.scheduler.DealScheduler - Starting 30-min price sync job
2026-02-12 14:42:53 INFO  [] c.s.s.s.s.AffiliateSyncServiceImpl - Synced 0 deals from amazon
2026-02-12 14:42:53 INFO  [] c.s.s.s.s.AffiliateSyncServiceImpl - Synced 0 deals from flipkart
2026-02-12 15:12:53 INFO  [] c.s.s.scheduler.DealScheduler - Starting 30-min price sync job
2026-02-12 15:12:53 INFO  [] c.s.s.s.s.AffiliateSyncServiceImpl - Synced 0 deals from amazon
2026-02-12 15:12:53 INFO  [] c.s.s.s.s.AffiliateSyncServiceImpl - Synced 0 deals from flipkart
2026-02-12 15:38:50 WARN  [] com.zaxxer.hikari.pool.HikariPool - HikariPool-1 - Thread starvation or clock leap detected (housekeeper delta=6m56s229ms).
2026-02-12 15:56:49 WARN  [] com.zaxxer.hikari.pool.HikariPool - HikariPool-1 - Thread starvation or clock leap detected (housekeeper delta=17m59s250ms).
2026-02-12 16:49:30 WARN  [] com.zaxxer.hikari.pool.HikariPool - HikariPool-1 - Thread starvation or clock leap detected (housekeeper delta=52m41s173ms).
2026-02-12 16:56:21 WARN  [] com.zaxxer.hikari.pool.HikariPool - HikariPool-1 - Thread starvation or clock leap detected (housekeeper delta=6m21s225ms).
2026-02-12 17:02:55 WARN  [] com.zaxxer.hikari.pool.HikariPool - HikariPool-1 - Thread starvation or clock leap detected (housekeeper delta=6m33s366ms).
2026-02-12 17:03:51 INFO  [] o.s.b.w.e.tomcat.GracefulShutdown - Commencing graceful shutdown. Waiting for active requests to complete
2026-02-12 17:03:51 INFO  [] o.s.b.w.e.tomcat.GracefulShutdown - Graceful shutdown complete
2026-02-12 17:03:51 INFO  [] o.s.o.j.LocalContainerEntityManagerFactoryBean - Closing JPA EntityManagerFactory for persistence unit 'default'
2026-02-12 17:03:51 WARN  [] o.s.b.f.s.DisposableBeanAdapter - Invocation of destroy method failed on bean with name 'inMemoryDatabaseShutdownExecutor': org.h2.jdbc.JdbcSQLNonTransientConnectionException: Database is already closed (to disable automatic closing at VM shutdown, add ";DB_CLOSE_ON_EXIT=FALSE" to the db URL) [90121-232]
2026-02-12 17:03:51 INFO  [] com.zaxxer.hikari.HikariDataSource - HikariPool-1 - Shutdown initiated...
2026-02-12 17:03:51 INFO  [] com.zaxxer.hikari.HikariDataSource - HikariPool-1 - Shutdown completed.
2026-02-12 17:03:58 INFO  [] o.h.validator.internal.util.Version - HV000001: Hibernate Validator 8.0.3.Final
2026-02-12 17:03:58 INFO  [] c.s.snatchmart.SnatchMartApplication - Starting SnatchMartApplication using Java 21.0.9 with PID 58262 (/Users/pulkitgiddu/Documents/Code/Backend/snatchMart/target/classes started by pulkitgiddu in /Users/pulkitgiddu/Documents/Code/Backend/snatchMart)
2026-02-12 17:03:58 DEBUG [] c.s.snatchmart.SnatchMartApplication - Running with Spring Boot v3.5.6, Spring v6.2.11
2026-02-12 17:03:58 INFO  [] c.s.snatchmart.SnatchMartApplication - The following 1 profile is active: "local"
2026-02-12 17:03:58 INFO  [] o.s.b.d.e.DevToolsPropertyDefaultsPostProcessor - Devtools property defaults active! Set 'spring.devtools.add-properties' to 'false' to disable
2026-02-12 17:03:58 INFO  [] o.s.b.d.e.DevToolsPropertyDefaultsPostProcessor - For additional web related logging consider setting the 'logging.level.web' property to 'DEBUG'
2026-02-12 17:03:58 INFO  [] o.s.d.r.c.RepositoryConfigurationDelegate - Multiple Spring Data modules found, entering strict repository configuration mode
2026-02-12 17:03:58 INFO  [] o.s.d.r.c.RepositoryConfigurationDelegate - Bootstrapping Spring Data JPA repositories in DEFAULT mode.
2026-02-12 17:03:58 INFO  [] o.s.d.r.c.RepositoryConfigurationDelegate - Finished Spring Data repository scanning in 57 ms. Found 12 JPA repository interfaces.
2026-02-12 17:03:59 INFO  [] o.s.b.w.e.tomcat.TomcatWebServer - Tomcat initialized with port 8081 (http)
2026-02-12 17:03:59 INFO  [] o.a.coyote.http11.Http11NioProtocol - Initializing ProtocolHandler ["http-nio-8081"]
2026-02-12 17:03:59 INFO  [] o.a.catalina.core.StandardService - Starting service [Tomcat]
2026-02-12 17:03:59 INFO  [] o.a.catalina.core.StandardEngine - Starting Servlet engine: [Apache Tomcat/10.1.46]
2026-02-12 17:03:59 INFO  [] o.a.c.c.C.[Tomcat].[localhost].[/] - Initializing Spring embedded WebApplicationContext
2026-02-12 17:03:59 INFO  [] o.s.b.w.s.c.ServletWebServerApplicationContext - Root WebApplicationContext: initialization completed in 554 ms
2026-02-12 17:03:59 INFO  [] o.h.jpa.internal.util.LogHelper - HHH000204: Processing PersistenceUnitInfo [name: default]
2026-02-12 17:03:59 INFO  [] org.hibernate.Version - HHH000412: Hibernate ORM core version 6.6.29.Final
2026-02-12 17:03:59 INFO  [] o.h.c.i.RegionFactoryInitiator - HHH000026: Second-level cache disabled
2026-02-12 17:03:59 INFO  [] o.s.o.j.p.SpringPersistenceUnitInfo - No LoadTimeWeaver setup: ignoring JPA class transformer
2026-02-12 17:03:59 INFO  [] com.zaxxer.hikari.HikariDataSource - HikariPool-1 - Starting...
2026-02-12 17:03:59 INFO  [] com.zaxxer.hikari.pool.HikariPool - HikariPool-1 - Added connection conn0: url=jdbc:h2:mem:snatchmart user=SA
2026-02-12 17:03:59 INFO  [] com.zaxxer.hikari.HikariDataSource - HikariPool-1 - Start completed.
2026-02-12 17:03:59 WARN  [] org.hibernate.orm.deprecation - HHH90000025: H2Dialect does not need to be specified explicitly using 'hibernate.dialect' (remove the property setting and it will be selected by default)
2026-02-12 17:03:59 INFO  [] o.hibernate.orm.connections.pooling - HHH10001005: Database info:
	Database JDBC URL [Connecting through datasource 'HikariDataSource (HikariPool-1)']
	Database driver: undefined/unknown
	Database version: 2.3.232
	Autocommit mode: undefined/unknown
	Isolation level: undefined/unknown
	Minimum pool size: undefined/unknown
	Maximum pool size: undefined/unknown
2026-02-12 17:03:59 INFO  [] o.h.e.t.j.p.i.JtaPlatformInitiator - HHH000489: No JTA platform available (set 'hibernate.transaction.jta.platform' to enable JTA platform integration)
2026-02-12 17:03:59 INFO  [] o.s.o.j.LocalContainerEntityManagerFactoryBean - Initialized JPA EntityManagerFactory for persistence unit 'default'
2026-02-12 17:03:59 INFO  [] o.s.d.j.r.query.QueryEnhancerFactory - Hibernate is in classpath; If applicable, HQL parser will be used.
2026-02-12 17:04:00 DEBUG [] c.s.s.s.JwtAuthenticationFilter - Filter 'jwtAuthenticationFilter' configured for use
2026-02-12 17:04:00 INFO  [] o.s.s.c.a.a.c.InitializeAuthenticationProviderBeanManagerConfigurer$InitializeAuthenticationProviderManagerConfigurer - Global AuthenticationManager configured with AuthenticationProvider bean with name authenticationProvider
2026-02-12 17:04:00 WARN  [] o.s.s.c.a.a.c.InitializeUserDetailsBeanManagerConfigurer$InitializeUserDetailsManagerConfigurer - Global AuthenticationManager configured with an AuthenticationProvider bean. UserDetailsService beans will not be used by Spring Security for automatically configuring username/password login. Consider removing the AuthenticationProvider bean. Alternatively, consider using the UserDetailsService in a manually instantiated DaoAuthenticationProvider. If the current configuration is intentional, to turn off this warning, increase the logging level of 'org.springframework.security.config.annotation.authentication.configuration.InitializeUserDetailsBeanManagerConfigurer' to ERROR
2026-02-12 17:04:00 WARN  [] o.s.b.a.o.j.JpaBaseConfiguration$JpaWebConfiguration - spring.jpa.open-in-view is enabled by default. Therefore, database queries may be performed during view rendering. Explicitly configure spring.jpa.open-in-view to disable this warning
2026-02-12 17:04:00 INFO  [] o.s.b.a.h.H2ConsoleAutoConfiguration - H2 console available at '/h2-console'. Database available at 'jdbc:h2:mem:snatchmart'
2026-02-12 17:04:00 INFO  [] o.s.b.d.a.OptionalLiveReloadServer - LiveReload server is running on port 35729
2026-02-12 17:04:00 INFO  [] o.a.coyote.http11.Http11NioProtocol - Starting ProtocolHandler ["http-nio-8081"]
2026-02-12 17:04:00 INFO  [] o.s.b.w.e.tomcat.TomcatWebServer - Tomcat started on port 8081 (http) with context path '/'
2026-02-12 17:04:00 INFO  [] c.s.snatchmart.SnatchMartApplication - Started SnatchMartApplication in 2.181 seconds (process running for 2.32)
2026-02-12 17:04:00 INFO  [] c.s.s.scheduler.DealScheduler - Starting 30-min price sync job
2026-02-12 17:04:00 INFO  [] c.s.s.s.s.AffiliateSyncServiceImpl - Synced 0 deals from amazon
2026-02-12 17:04:00 INFO  [] c.s.s.s.s.AffiliateSyncServiceImpl - Synced 0 deals from flipkart
2026-02-12 17:04:13 INFO  [] o.a.c.c.C.[Tomcat].[localhost].[/] - Initializing Spring DispatcherServlet 'dispatcherServlet'
2026-02-12 17:04:13 INFO  [] o.s.web.servlet.DispatcherServlet - Initializing Servlet 'dispatcherServlet'
2026-02-12 17:04:13 INFO  [] o.s.web.servlet.DispatcherServlet - Completed initialization in 10 ms
2026-02-12 17:28:13 INFO  [] o.s.b.w.e.tomcat.GracefulShutdown - Commencing graceful shutdown. Waiting for active requests to complete
2026-02-12 17:28:13 INFO  [] o.s.b.w.e.tomcat.GracefulShutdown - Graceful shutdown complete
2026-02-12 17:28:13 INFO  [] o.s.o.j.LocalContainerEntityManagerFactoryBean - Closing JPA EntityManagerFactory for persistence unit 'default'
2026-02-12 17:28:13 WARN  [] o.s.b.f.s.DisposableBeanAdapter - Invocation of destroy method failed on bean with name 'inMemoryDatabaseShutdownExecutor': org.h2.jdbc.JdbcSQLNonTransientConnectionException: Database is already closed (to disable automatic closing at VM shutdown, add ";DB_CLOSE_ON_EXIT=FALSE" to the db URL) [90121-232]
2026-02-12 17:28:13 INFO  [] com.zaxxer.hikari.HikariDataSource - HikariPool-1 - Shutdown initiated...
2026-02-12 17:28:13 INFO  [] com.zaxxer.hikari.HikariDataSource - HikariPool-1 - Shutdown completed.
2026-02-12 21:11:22 INFO  [] o.h.validator.internal.util.Version - HV000001: Hibernate Validator 8.0.3.Final
2026-02-12 21:11:22 INFO  [] c.s.snatchmart.SnatchMartApplication - Starting SnatchMartApplication using Java 21.0.9 with PID 69525 (/Users/pulkitgiddu/Documents/Code/Backend/snatchMart/target/classes started by pulkitgiddu in /Users/pulkitgiddu/Documents/Code/Backend/snatchMart)
2026-02-12 21:11:22 DEBUG [] c.s.snatchmart.SnatchMartApplication - Running with Spring Boot v3.5.6, Spring v6.2.11
2026-02-12 21:11:22 INFO  [] c.s.snatchmart.SnatchMartApplication - The following 1 profile is active: "local"
2026-02-12 21:11:22 INFO  [] o.s.b.d.e.DevToolsPropertyDefaultsPostProcessor - Devtools property defaults active! Set 'spring.devtools.add-properties' to 'false' to disable
2026-02-12 21:11:22 INFO  [] o.s.b.d.e.DevToolsPropertyDefaultsPostProcessor - For additional web related logging consider setting the 'logging.level.web' property to 'DEBUG'
2026-02-12 21:11:23 INFO  [] o.s.d.r.c.RepositoryConfigurationDelegate - Multiple Spring Data modules found, entering strict repository configuration mode
2026-02-12 21:11:23 INFO  [] o.s.d.r.c.RepositoryConfigurationDelegate - Bootstrapping Spring Data JPA repositories in DEFAULT mode.
2026-02-12 21:11:23 INFO  [] o.s.d.r.c.RepositoryConfigurationDelegate - Finished Spring Data repository scanning in 54 ms. Found 12 JPA repository interfaces.
2026-02-12 21:11:23 INFO  [] o.s.b.w.e.tomcat.TomcatWebServer - Tomcat initialized with port 8081 (http)
2026-02-12 21:11:23 INFO  [] o.a.coyote.http11.Http11NioProtocol - Initializing ProtocolHandler ["http-nio-8081"]
2026-02-12 21:11:23 INFO  [] o.a.catalina.core.StandardService - Starting service [Tomcat]
2026-02-12 21:11:23 INFO  [] o.a.catalina.core.StandardEngine - Starting Servlet engine: [Apache Tomcat/10.1.46]
2026-02-12 21:11:23 INFO  [] o.a.c.c.C.[Tomcat].[localhost].[/] - Initializing Spring embedded WebApplicationContext
2026-02-12 21:11:23 INFO  [] o.s.b.w.s.c.ServletWebServerApplicationContext - Root WebApplicationContext: initialization completed in 569 ms
2026-02-12 21:11:23 INFO  [] o.h.jpa.internal.util.LogHelper - HHH000204: Processing PersistenceUnitInfo [name: default]
2026-02-12 21:11:23 INFO  [] org.hibernate.Version - HHH000412: Hibernate ORM core version 6.6.29.Final
2026-02-12 21:11:23 INFO  [] o.h.c.i.RegionFactoryInitiator - HHH000026: Second-level cache disabled
2026-02-12 21:11:23 INFO  [] o.s.o.j.p.SpringPersistenceUnitInfo - No LoadTimeWeaver setup: ignoring JPA class transformer
2026-02-12 21:11:23 INFO  [] com.zaxxer.hikari.HikariDataSource - HikariPool-1 - Starting...
2026-02-12 21:11:23 INFO  [] com.zaxxer.hikari.pool.HikariPool - HikariPool-1 - Added connection conn0: url=jdbc:h2:mem:snatchmart user=SA
2026-02-12 21:11:23 INFO  [] com.zaxxer.hikari.HikariDataSource - HikariPool-1 - Start completed.
2026-02-12 21:11:23 WARN  [] org.hibernate.orm.deprecation - HHH90000025: H2Dialect does not need to be specified explicitly using 'hibernate.dialect' (remove the property setting and it will be selected by default)
2026-02-12 21:11:23 INFO  [] o.hibernate.orm.connections.pooling - HHH10001005: Database info:
	Database JDBC URL [Connecting through datasource 'HikariDataSource (HikariPool-1)']
	Database driver: undefined/unknown
	Database version: 2.3.232
	Autocommit mode: undefined/unknown
	Isolation level: undefined/unknown
	Minimum pool size: undefined/unknown
	Maximum pool size: undefined/unknown
2026-02-12 21:11:23 INFO  [] o.h.e.t.j.p.i.JtaPlatformInitiator - HHH000489: No JTA platform available (set 'hibernate.transaction.jta.platform' to enable JTA platform integration)
2026-02-12 21:11:23 INFO  [] o.s.o.j.LocalContainerEntityManagerFactoryBean - Initialized JPA EntityManagerFactory for persistence unit 'default'
2026-02-12 21:11:24 INFO  [] o.s.d.j.r.query.QueryEnhancerFactory - Hibernate is in classpath; If applicable, HQL parser will be used.
2026-02-12 21:11:24 DEBUG [] c.s.s.s.JwtAuthenticationFilter - Filter 'jwtAuthenticationFilter' configured for use
2026-02-12 21:11:24 INFO  [] o.s.s.c.a.a.c.InitializeAuthenticationProviderBeanManagerConfigurer$InitializeAuthenticationProviderManagerConfigurer - Global AuthenticationManager configured with AuthenticationProvider bean with name authenticationProvider
2026-02-12 21:11:24 WARN  [] o.s.s.c.a.a.c.InitializeUserDetailsBeanManagerConfigurer$InitializeUserDetailsManagerConfigurer - Global AuthenticationManager configured with an AuthenticationProvider bean. UserDetailsService beans will not be used by Spring Security for automatically configuring username/password login. Consider removing the AuthenticationProvider bean. Alternatively, consider using the UserDetailsService in a manually instantiated DaoAuthenticationProvider. If the current configuration is intentional, to turn off this warning, increase the logging level of 'org.springframework.security.config.annotation.authentication.configuration.InitializeUserDetailsBeanManagerConfigurer' to ERROR
2026-02-12 21:11:24 WARN  [] o.s.b.a.o.j.JpaBaseConfiguration$JpaWebConfiguration - spring.jpa.open-in-view is enabled by default. Therefore, database queries may be performed during view rendering. Explicitly configure spring.jpa.open-in-view to disable this warning
2026-02-12 21:11:24 INFO  [] o.s.b.a.h.H2ConsoleAutoConfiguration - H2 console available at '/h2-console'. Database available at 'jdbc:h2:mem:snatchmart'
2026-02-12 21:11:24 INFO  [] o.s.b.d.a.OptionalLiveReloadServer - LiveReload server is running on port 35729
2026-02-12 21:11:24 INFO  [] o.a.coyote.http11.Http11NioProtocol - Starting ProtocolHandler ["http-nio-8081"]
2026-02-12 21:11:24 INFO  [] o.s.b.w.e.tomcat.TomcatWebServer - Tomcat started on port 8081 (http) with context path '/'
2026-02-12 21:11:24 INFO  [] c.s.snatchmart.SnatchMartApplication - Started SnatchMartApplication in 2.108 seconds (process running for 2.25)
2026-02-12 21:11:24 INFO  [] c.s.s.scheduler.DealScheduler - Starting 30-min price sync job
2026-02-12 21:11:24 INFO  [] c.s.s.s.s.AffiliateSyncServiceImpl - Synced 0 deals from amazon
2026-02-12 21:11:24 INFO  [] c.s.s.s.s.AffiliateSyncServiceImpl - Synced 0 deals from flipkart
2026-02-12 21:11:36 INFO  [] o.a.c.c.C.[Tomcat].[localhost].[/] - Initializing Spring DispatcherServlet 'dispatcherServlet'
2026-02-12 21:11:36 INFO  [] o.s.web.servlet.DispatcherServlet - Initializing Servlet 'dispatcherServlet'
2026-02-12 21:11:36 INFO  [] o.s.web.servlet.DispatcherServlet - Completed initialization in 2 ms
2026-02-12 21:41:24 INFO  [] c.s.s.scheduler.DealScheduler - Starting 30-min price sync job
2026-02-12 21:41:24 INFO  [] c.s.s.s.s.AffiliateSyncServiceImpl - Synced 0 deals from amazon
2026-02-12 21:41:24 INFO  [] c.s.s.s.s.AffiliateSyncServiceImpl - Synced 0 deals from flipkart
2026-02-12 22:11:24 INFO  [] c.s.s.scheduler.DealScheduler - Starting 30-min price sync job
2026-02-12 22:11:24 INFO  [] c.s.s.s.s.AffiliateSyncServiceImpl - Synced 0 deals from amazon
2026-02-12 22:11:24 INFO  [] c.s.s.s.s.AffiliateSyncServiceImpl - Synced 0 deals from flipkart
2026-02-12 22:41:24 INFO  [] c.s.s.scheduler.DealScheduler - Starting 30-min price sync job
2026-02-12 22:41:24 INFO  [] c.s.s.s.s.AffiliateSyncServiceImpl - Synced 0 deals from amazon
2026-02-12 22:41:24 INFO  [] c.s.s.s.s.AffiliateSyncServiceImpl - Synced 0 deals from flipkart
2026-02-12 23:11:24 INFO  [] c.s.s.scheduler.DealScheduler - Starting 30-min price sync job
2026-02-12 23:11:24 INFO  [] c.s.s.s.s.AffiliateSyncServiceImpl - Synced 0 deals from amazon
2026-02-12 23:11:24 INFO  [] c.s.s.s.s.AffiliateSyncServiceImpl - Synced 0 deals from flipkart
2026-02-12 23:13:07 INFO  [] o.s.b.w.e.tomcat.GracefulShutdown - Commencing graceful shutdown. Waiting for active requests to complete
2026-02-12 23:13:07 INFO  [] o.s.b.w.e.tomcat.GracefulShutdown - Graceful shutdown complete
2026-02-12 23:13:07 INFO  [] o.s.o.j.LocalContainerEntityManagerFactoryBean - Closing JPA EntityManagerFactory for persistence unit 'default'
2026-02-12 23:13:07 WARN  [] o.s.b.f.s.DisposableBeanAdapter - Invocation of destroy method failed on bean with name 'inMemoryDatabaseShutdownExecutor': org.h2.jdbc.JdbcSQLNonTransientConnectionException: Database is already closed (to disable automatic closing at VM shutdown, add ";DB_CLOSE_ON_EXIT=FALSE" to the db URL) [90121-232]
2026-02-12 23:13:07 INFO  [] com.zaxxer.hikari.HikariDataSource - HikariPool-1 - Shutdown initiated...
2026-02-12 23:13:07 INFO  [] com.zaxxer.hikari.HikariDataSource - HikariPool-1 - Shutdown completed.
2026-02-12 23:13:15 INFO  [] o.h.validator.internal.util.Version - HV000001: Hibernate Validator 8.0.3.Final
2026-02-12 23:13:15 INFO  [] c.s.snatchmart.SnatchMartApplication - Starting SnatchMartApplication using Java 21.0.9 with PID 80591 (/Users/pulkitgiddu/Documents/Code/Backend/snatchMart/target/classes started by pulkitgiddu in /Users/pulkitgiddu/Documents/Code/Backend/snatchMart)
2026-02-12 23:13:15 DEBUG [] c.s.snatchmart.SnatchMartApplication - Running with Spring Boot v3.5.6, Spring v6.2.11
2026-02-12 23:13:15 INFO  [] c.s.snatchmart.SnatchMartApplication - The following 1 profile is active: "local"
2026-02-12 23:13:15 INFO  [] o.s.b.d.e.DevToolsPropertyDefaultsPostProcessor - Devtools property defaults active! Set 'spring.devtools.add-properties' to 'false' to disable
2026-02-12 23:13:15 INFO  [] o.s.b.d.e.DevToolsPropertyDefaultsPostProcessor - For additional web related logging consider setting the 'logging.level.web' property to 'DEBUG'
2026-02-12 23:13:15 INFO  [] o.s.d.r.c.RepositoryConfigurationDelegate - Multiple Spring Data modules found, entering strict repository configuration mode
2026-02-12 23:13:15 INFO  [] o.s.d.r.c.RepositoryConfigurationDelegate - Bootstrapping Spring Data JPA repositories in DEFAULT mode.
2026-02-12 23:13:15 INFO  [] o.s.d.r.c.RepositoryConfigurationDelegate - Finished Spring Data repository scanning in 54 ms. Found 12 JPA repository interfaces.
2026-02-12 23:13:15 INFO  [] o.s.b.w.e.tomcat.TomcatWebServer - Tomcat initialized with port 8081 (http)
2026-02-12 23:13:15 INFO  [] o.a.coyote.http11.Http11NioProtocol - Initializing ProtocolHandler ["http-nio-8081"]
2026-02-12 23:13:15 INFO  [] o.a.catalina.core.StandardService - Starting service [Tomcat]
2026-02-12 23:13:15 INFO  [] o.a.catalina.core.StandardEngine - Starting Servlet engine: [Apache Tomcat/10.1.46]
2026-02-12 23:13:15 INFO  [] o.a.c.c.C.[Tomcat].[localhost].[/] - Initializing Spring embedded WebApplicationContext
2026-02-12 23:13:15 INFO  [] o.s.b.w.s.c.ServletWebServerApplicationContext - Root WebApplicationContext: initialization completed in 574 ms
2026-02-12 23:13:15 INFO  [] o.h.jpa.internal.util.LogHelper - HHH000204: Processing PersistenceUnitInfo [name: default]
2026-02-12 23:13:15 INFO  [] org.hibernate.Version - HHH000412: Hibernate ORM core version 6.6.29.Final
2026-02-12 23:13:15 INFO  [] o.h.c.i.RegionFactoryInitiator - HHH000026: Second-level cache disabled
2026-02-12 23:13:16 INFO  [] o.s.o.j.p.SpringPersistenceUnitInfo - No LoadTimeWeaver setup: ignoring JPA class transformer
2026-02-12 23:13:16 INFO  [] com.zaxxer.hikari.HikariDataSource - HikariPool-1 - Starting...
2026-02-12 23:13:16 INFO  [] com.zaxxer.hikari.pool.HikariPool - HikariPool-1 - Added connection conn0: url=jdbc:h2:mem:snatchmart user=SA
2026-02-12 23:13:16 INFO  [] com.zaxxer.hikari.HikariDataSource - HikariPool-1 - Start completed.
2026-02-12 23:13:16 WARN  [] org.hibernate.orm.deprecation - HHH90000025: H2Dialect does not need to be specified explicitly using 'hibernate.dialect' (remove the property setting and it will be selected by default)
2026-02-12 23:13:16 INFO  [] o.hibernate.orm.connections.pooling - HHH10001005: Database info:
	Database JDBC URL [Connecting through datasource 'HikariDataSource (HikariPool-1)']
	Database driver: undefined/unknown
	Database version: 2.3.232
	Autocommit mode: undefined/unknown
	Isolation level: undefined/unknown
	Minimum pool size: undefined/unknown
	Maximum pool size: undefined/unknown
2026-02-12 23:13:16 INFO  [] o.h.e.t.j.p.i.JtaPlatformInitiator - HHH000489: No JTA platform available (set 'hibernate.transaction.jta.platform' to enable JTA platform integration)
2026-02-12 23:13:16 INFO  [] o.s.o.j.LocalContainerEntityManagerFactoryBean - Initialized JPA EntityManagerFactory for persistence unit 'default'
2026-02-12 23:13:16 INFO  [] o.s.d.j.r.query.QueryEnhancerFactory - Hibernate is in classpath; If applicable, HQL parser will be used.
2026-02-12 23:13:16 DEBUG [] c.s.s.s.JwtAuthenticationFilter - Filter 'jwtAuthenticationFilter' configured for use
2026-02-12 23:13:16 INFO  [] o.s.s.c.a.a.c.InitializeAuthenticationProviderBeanManagerConfigurer$InitializeAuthenticationProviderManagerConfigurer - Global AuthenticationManager configured with AuthenticationProvider bean with name authenticationProvider
2026-02-12 23:13:16 WARN  [] o.s.s.c.a.a.c.InitializeUserDetailsBeanManagerConfigurer$InitializeUserDetailsManagerConfigurer - Global AuthenticationManager configured with an AuthenticationProvider bean. UserDetailsService beans will not be used by Spring Security for automatically configuring username/password login. Consider removing the AuthenticationProvider bean. Alternatively, consider using the UserDetailsService in a manually instantiated DaoAuthenticationProvider. If the current configuration is intentional, to turn off this warning, increase the logging level of 'org.springframework.security.config.annotation.authentication.configuration.InitializeUserDetailsBeanManagerConfigurer' to ERROR
2026-02-12 23:13:16 WARN  [] o.s.b.a.o.j.JpaBaseConfiguration$JpaWebConfiguration - spring.jpa.open-in-view is enabled by default. Therefore, database queries may be performed during view rendering. Explicitly configure spring.jpa.open-in-view to disable this warning
2026-02-12 23:13:17 INFO  [] o.s.b.a.h.H2ConsoleAutoConfiguration - H2 console available at '/h2-console'. Database available at 'jdbc:h2:mem:snatchmart'
2026-02-12 23:13:17 INFO  [] o.s.b.d.a.OptionalLiveReloadServer - LiveReload server is running on port 35729
2026-02-12 23:13:17 INFO  [] o.a.coyote.http11.Http11NioProtocol - Starting ProtocolHandler ["http-nio-8081"]
2026-02-12 23:13:17 INFO  [] o.s.b.w.e.tomcat.TomcatWebServer - Tomcat started on port 8081 (http) with context path '/'
2026-02-12 23:13:17 INFO  [] c.s.snatchmart.SnatchMartApplication - Started SnatchMartApplication in 2.119 seconds (process running for 2.257)
2026-02-12 23:13:17 INFO  [] c.s.s.scheduler.DealScheduler - Starting 30-min price sync job
2026-02-12 23:13:17 INFO  [] c.s.s.s.s.AffiliateSyncServiceImpl - Synced 0 deals from amazon
2026-02-12 23:13:17 INFO  [] c.s.s.s.s.AffiliateSyncServiceImpl - Synced 0 deals from flipkart
2026-02-12 23:19:09 INFO  [] o.s.b.d.a.LocalDevToolsAutoConfiguration$RestartingClassPathChangeChangedEventListener - Restarting due to 1 class path change (0 additions, 0 deletions, 1 modification)
2026-02-12 23:19:09 INFO  [] o.s.b.w.e.tomcat.GracefulShutdown - Commencing graceful shutdown. Waiting for active requests to complete
2026-02-12 23:19:09 INFO  [] o.a.coyote.http11.Http11NioProtocol - Pausing ProtocolHandler ["http-nio-8081"]
2026-02-12 23:19:09 INFO  [] o.s.b.w.e.tomcat.GracefulShutdown - Graceful shutdown complete
2026-02-12 23:19:09 INFO  [] o.a.coyote.http11.Http11NioProtocol - Stopping ProtocolHandler ["http-nio-8081"]
2026-02-12 23:19:09 INFO  [] o.s.o.j.LocalContainerEntityManagerFactoryBean - Closing JPA EntityManagerFactory for persistence unit 'default'
2026-02-12 23:19:09 WARN  [] o.s.b.f.s.DisposableBeanAdapter - Invocation of destroy method failed on bean with name 'inMemoryDatabaseShutdownExecutor': org.h2.jdbc.JdbcSQLNonTransientConnectionException: Database is already closed (to disable automatic closing at VM shutdown, add ";DB_CLOSE_ON_EXIT=FALSE" to the db URL) [90121-232]
2026-02-12 23:19:09 INFO  [] com.zaxxer.hikari.HikariDataSource - HikariPool-1 - Shutdown initiated...
2026-02-12 23:19:09 INFO  [] com.zaxxer.hikari.HikariDataSource - HikariPool-1 - Shutdown completed.
2026-02-12 23:19:09 INFO  [] c.s.snatchmart.SnatchMartApplication - Starting SnatchMartApplication using Java 21.0.9 with PID 80591 (/Users/pulkitgiddu/Documents/Code/Backend/snatchMart/target/classes started by pulkitgiddu in /Users/pulkitgiddu/Documents/Code/Backend/snatchMart)
2026-02-12 23:19:09 DEBUG [] c.s.snatchmart.SnatchMartApplication - Running with Spring Boot v3.5.6, Spring v6.2.11
2026-02-12 23:19:09 INFO  [] c.s.snatchmart.SnatchMartApplication - The following 1 profile is active: "local"
2026-02-12 23:19:10 INFO  [] o.s.d.r.c.RepositoryConfigurationDelegate - Multiple Spring Data modules found, entering strict repository configuration mode
2026-02-12 23:19:10 INFO  [] o.s.d.r.c.RepositoryConfigurationDelegate - Bootstrapping Spring Data JPA repositories in DEFAULT mode.
2026-02-12 23:19:10 INFO  [] o.s.d.r.c.RepositoryConfigurationDelegate - Finished Spring Data repository scanning in 12 ms. Found 12 JPA repository interfaces.
2026-02-12 23:19:10 INFO  [] o.s.b.w.e.tomcat.TomcatWebServer - Tomcat initialized with port 8081 (http)
2026-02-12 23:19:10 INFO  [] o.a.coyote.http11.Http11NioProtocol - Initializing ProtocolHandler ["http-nio-0.0.0.0-8081"]
2026-02-12 23:19:10 INFO  [] o.a.catalina.core.StandardService - Starting service [Tomcat]
2026-02-12 23:19:10 INFO  [] o.a.catalina.core.StandardEngine - Starting Servlet engine: [Apache Tomcat/10.1.46]
2026-02-12 23:19:10 INFO  [] o.a.c.c.C.[Tomcat].[localhost].[/] - Initializing Spring embedded WebApplicationContext
2026-02-12 23:19:10 INFO  [] o.s.b.w.s.c.ServletWebServerApplicationContext - Root WebApplicationContext: initialization completed in 216 ms
2026-02-12 23:19:10 INFO  [] o.h.jpa.internal.util.LogHelper - HHH000204: Processing PersistenceUnitInfo [name: default]
2026-02-12 23:19:10 INFO  [] o.h.c.i.RegionFactoryInitiator - HHH000026: Second-level cache disabled
2026-02-12 23:19:10 INFO  [] o.s.o.j.p.SpringPersistenceUnitInfo - No LoadTimeWeaver setup: ignoring JPA class transformer
2026-02-12 23:19:10 INFO  [] com.zaxxer.hikari.HikariDataSource - HikariPool-2 - Starting...
2026-02-12 23:19:10 INFO  [] com.zaxxer.hikari.pool.HikariPool - HikariPool-2 - Added connection conn10: url=jdbc:h2:mem:snatchmart user=SA
2026-02-12 23:19:10 INFO  [] com.zaxxer.hikari.HikariDataSource - HikariPool-2 - Start completed.
2026-02-12 23:19:10 WARN  [] org.hibernate.orm.deprecation - HHH90000025: H2Dialect does not need to be specified explicitly using 'hibernate.dialect' (remove the property setting and it will be selected by default)
2026-02-12 23:19:10 INFO  [] o.hibernate.orm.connections.pooling - HHH10001005: Database info:
	Database JDBC URL [Connecting through datasource 'HikariDataSource (HikariPool-2)']
	Database driver: undefined/unknown
	Database version: 2.3.232
	Autocommit mode: undefined/unknown
	Isolation level: undefined/unknown
	Minimum pool size: undefined/unknown
	Maximum pool size: undefined/unknown
2026-02-12 23:19:10 INFO  [] o.h.e.t.j.p.i.JtaPlatformInitiator - HHH000489: No JTA platform available (set 'hibernate.transaction.jta.platform' to enable JTA platform integration)
2026-02-12 23:19:10 INFO  [] o.s.o.j.LocalContainerEntityManagerFactoryBean - Initialized JPA EntityManagerFactory for persistence unit 'default'
2026-02-12 23:19:10 DEBUG [] c.s.s.s.JwtAuthenticationFilter - Filter 'jwtAuthenticationFilter' configured for use
2026-02-12 23:19:10 INFO  [] o.s.s.c.a.a.c.InitializeAuthenticationProviderBeanManagerConfigurer$InitializeAuthenticationProviderManagerConfigurer - Global AuthenticationManager configured with AuthenticationProvider bean with name authenticationProvider
2026-02-12 23:19:10 WARN  [] o.s.s.c.a.a.c.InitializeUserDetailsBeanManagerConfigurer$InitializeUserDetailsManagerConfigurer - Global AuthenticationManager configured with an AuthenticationProvider bean. UserDetailsService beans will not be used by Spring Security for automatically configuring username/password login. Consider removing the AuthenticationProvider bean. Alternatively, consider using the UserDetailsService in a manually instantiated DaoAuthenticationProvider. If the current configuration is intentional, to turn off this warning, increase the logging level of 'org.springframework.security.config.annotation.authentication.configuration.InitializeUserDetailsBeanManagerConfigurer' to ERROR
2026-02-12 23:19:10 WARN  [] o.s.b.a.o.j.JpaBaseConfiguration$JpaWebConfiguration - spring.jpa.open-in-view is enabled by default. Therefore, database queries may be performed during view rendering. Explicitly configure spring.jpa.open-in-view to disable this warning
2026-02-12 23:19:10 INFO  [] o.s.b.a.h.H2ConsoleAutoConfiguration - H2 console available at '/h2-console'. Database available at 'jdbc:h2:mem:snatchmart'
2026-02-12 23:19:10 INFO  [] o.s.b.d.a.OptionalLiveReloadServer - LiveReload server is running on port 35729
2026-02-12 23:19:10 INFO  [] o.a.coyote.http11.Http11NioProtocol - Starting ProtocolHandler ["http-nio-0.0.0.0-8081"]
2026-02-12 23:19:10 INFO  [] o.s.b.w.e.tomcat.TomcatWebServer - Tomcat started on port 8081 (http) with context path '/'
2026-02-12 23:19:10 INFO  [] c.s.s.scheduler.DealScheduler - Starting 30-min price sync job
2026-02-12 23:19:10 INFO  [] c.s.snatchmart.SnatchMartApplication - Started SnatchMartApplication in 0.604 seconds (process running for 355.53)
2026-02-12 23:19:10 INFO  [] c.s.s.s.s.AffiliateSyncServiceImpl - Synced 0 deals from amazon
2026-02-12 23:19:10 INFO  [] c.s.s.s.s.AffiliateSyncServiceImpl - Synced 0 deals from flipkart
2026-02-12 23:19:10 INFO  [] o.s.b.d.a.ConditionEvaluationDeltaLoggingListener - Condition evaluation unchanged
2026-02-12 23:23:00 INFO  [] o.s.b.w.e.tomcat.GracefulShutdown - Commencing graceful shutdown. Waiting for active requests to complete
2026-02-12 23:23:00 INFO  [] o.s.b.w.e.tomcat.GracefulShutdown - Graceful shutdown complete
2026-02-12 23:23:00 INFO  [] o.s.o.j.LocalContainerEntityManagerFactoryBean - Closing JPA EntityManagerFactory for persistence unit 'default'
2026-02-12 23:23:00 WARN  [] o.s.b.f.s.DisposableBeanAdapter - Invocation of destroy method failed on bean with name 'inMemoryDatabaseShutdownExecutor': org.h2.jdbc.JdbcSQLNonTransientConnectionException: Database is already closed (to disable automatic closing at VM shutdown, add ";DB_CLOSE_ON_EXIT=FALSE" to the db URL) [90121-232]
2026-02-12 23:23:00 INFO  [] com.zaxxer.hikari.HikariDataSource - HikariPool-2 - Shutdown initiated...
2026-02-12 23:23:00 INFO  [] com.zaxxer.hikari.HikariDataSource - HikariPool-2 - Shutdown completed.
2026-02-12 23:23:37 INFO  [] o.h.validator.internal.util.Version - HV000001: Hibernate Validator 8.0.3.Final
2026-02-12 23:23:37 INFO  [] c.s.snatchmart.SnatchMartApplication - Starting SnatchMartApplication using Java 21.0.9 with PID 82211 (/Users/pulkitgiddu/Documents/Code/Backend/snatchMart/target/classes started by pulkitgiddu in /Users/pulkitgiddu/Documents/Code/Backend/snatchMart)
2026-02-12 23:23:37 DEBUG [] c.s.snatchmart.SnatchMartApplication - Running with Spring Boot v3.5.6, Spring v6.2.11
2026-02-12 23:23:37 INFO  [] c.s.snatchmart.SnatchMartApplication - The following 1 profile is active: "local"
2026-02-12 23:23:37 INFO  [] o.s.b.d.e.DevToolsPropertyDefaultsPostProcessor - Devtools property defaults active! Set 'spring.devtools.add-properties' to 'false' to disable
2026-02-12 23:23:37 INFO  [] o.s.b.d.e.DevToolsPropertyDefaultsPostProcessor - For additional web related logging consider setting the 'logging.level.web' property to 'DEBUG'
2026-02-12 23:23:37 INFO  [] o.s.d.r.c.RepositoryConfigurationDelegate - Multiple Spring Data modules found, entering strict repository configuration mode
2026-02-12 23:23:37 INFO  [] o.s.d.r.c.RepositoryConfigurationDelegate - Bootstrapping Spring Data JPA repositories in DEFAULT mode.
2026-02-12 23:23:37 INFO  [] o.s.d.r.c.RepositoryConfigurationDelegate - Finished Spring Data repository scanning in 55 ms. Found 12 JPA repository interfaces.
2026-02-12 23:23:38 INFO  [] o.s.b.w.e.tomcat.TomcatWebServer - Tomcat initialized with port 8081 (http)
2026-02-12 23:23:38 INFO  [] o.a.coyote.http11.Http11NioProtocol - Initializing ProtocolHandler ["http-nio-0.0.0.0-8081"]
2026-02-12 23:23:38 INFO  [] o.a.catalina.core.StandardService - Starting service [Tomcat]
2026-02-12 23:23:38 INFO  [] o.a.catalina.core.StandardEngine - Starting Servlet engine: [Apache Tomcat/10.1.46]
2026-02-12 23:23:38 INFO  [] o.a.c.c.C.[Tomcat].[localhost].[/] - Initializing Spring embedded WebApplicationContext
2026-02-12 23:23:38 INFO  [] o.s.b.w.s.c.ServletWebServerApplicationContext - Root WebApplicationContext: initialization completed in 588 ms
2026-02-12 23:23:38 INFO  [] o.h.jpa.internal.util.LogHelper - HHH000204: Processing PersistenceUnitInfo [name: default]
2026-02-12 23:23:38 INFO  [] org.hibernate.Version - HHH000412: Hibernate ORM core version 6.6.29.Final
2026-02-12 23:23:38 INFO  [] o.h.c.i.RegionFactoryInitiator - HHH000026: Second-level cache disabled
2026-02-12 23:23:38 INFO  [] o.s.o.j.p.SpringPersistenceUnitInfo - No LoadTimeWeaver setup: ignoring JPA class transformer
2026-02-12 23:23:38 INFO  [] com.zaxxer.hikari.HikariDataSource - HikariPool-1 - Starting...
2026-02-12 23:23:38 INFO  [] com.zaxxer.hikari.pool.HikariPool - HikariPool-1 - Added connection conn0: url=jdbc:h2:mem:snatchmart user=SA
2026-02-12 23:23:38 INFO  [] com.zaxxer.hikari.HikariDataSource - HikariPool-1 - Start completed.
2026-02-12 23:23:38 WARN  [] org.hibernate.orm.deprecation - HHH90000025: H2Dialect does not need to be specified explicitly using 'hibernate.dialect' (remove the property setting and it will be selected by default)
2026-02-12 23:23:38 INFO  [] o.hibernate.orm.connections.pooling - HHH10001005: Database info:
	Database JDBC URL [Connecting through datasource 'HikariDataSource (HikariPool-1)']
	Database driver: undefined/unknown
	Database version: 2.3.232
	Autocommit mode: undefined/unknown
	Isolation level: undefined/unknown
	Minimum pool size: undefined/unknown
	Maximum pool size: undefined/unknown
2026-02-12 23:23:38 INFO  [] o.h.e.t.j.p.i.JtaPlatformInitiator - HHH000489: No JTA platform available (set 'hibernate.transaction.jta.platform' to enable JTA platform integration)
2026-02-12 23:23:38 INFO  [] o.s.o.j.LocalContainerEntityManagerFactoryBean - Initialized JPA EntityManagerFactory for persistence unit 'default'
2026-02-12 23:23:38 INFO  [] o.s.d.j.r.query.QueryEnhancerFactory - Hibernate is in classpath; If applicable, HQL parser will be used.
2026-02-12 23:23:39 DEBUG [] c.s.s.s.JwtAuthenticationFilter - Filter 'jwtAuthenticationFilter' configured for use
2026-02-12 23:23:39 INFO  [] o.s.s.c.a.a.c.InitializeAuthenticationProviderBeanManagerConfigurer$InitializeAuthenticationProviderManagerConfigurer - Global AuthenticationManager configured with AuthenticationProvider bean with name authenticationProvider
2026-02-12 23:23:39 WARN  [] o.s.s.c.a.a.c.InitializeUserDetailsBeanManagerConfigurer$InitializeUserDetailsManagerConfigurer - Global AuthenticationManager configured with an AuthenticationProvider bean. UserDetailsService beans will not be used by Spring Security for automatically configuring username/password login. Consider removing the AuthenticationProvider bean. Alternatively, consider using the UserDetailsService in a manually instantiated DaoAuthenticationProvider. If the current configuration is intentional, to turn off this warning, increase the logging level of 'org.springframework.security.config.annotation.authentication.configuration.InitializeUserDetailsBeanManagerConfigurer' to ERROR
2026-02-12 23:23:39 WARN  [] o.s.b.a.o.j.JpaBaseConfiguration$JpaWebConfiguration - spring.jpa.open-in-view is enabled by default. Therefore, database queries may be performed during view rendering. Explicitly configure spring.jpa.open-in-view to disable this warning
2026-02-12 23:23:39 INFO  [] o.s.b.a.h.H2ConsoleAutoConfiguration - H2 console available at '/h2-console'. Database available at 'jdbc:h2:mem:snatchmart'
2026-02-12 23:23:39 INFO  [] o.s.b.d.a.OptionalLiveReloadServer - LiveReload server is running on port 35729
2026-02-12 23:23:39 INFO  [] o.a.coyote.http11.Http11NioProtocol - Starting ProtocolHandler ["http-nio-0.0.0.0-8081"]
2026-02-12 23:23:39 INFO  [] o.s.b.w.e.tomcat.TomcatWebServer - Tomcat started on port 8081 (http) with context path '/'
2026-02-12 23:23:39 INFO  [] c.s.snatchmart.SnatchMartApplication - Started SnatchMartApplication in 2.169 seconds (process running for 2.313)
2026-02-12 23:23:39 INFO  [] c.s.s.scheduler.DealScheduler - Starting 30-min price sync job
2026-02-12 23:23:39 INFO  [] c.s.s.s.s.AffiliateSyncServiceImpl - Synced 0 deals from amazon
2026-02-12 23:23:39 INFO  [] c.s.s.s.s.AffiliateSyncServiceImpl - Synced 0 deals from flipkart
2026-02-12 23:24:26 INFO  [] o.a.c.c.C.[Tomcat].[localhost].[/] - Initializing Spring DispatcherServlet 'dispatcherServlet'
2026-02-12 23:24:26 INFO  [] o.s.web.servlet.DispatcherServlet - Initializing Servlet 'dispatcherServlet'
2026-02-12 23:24:26 INFO  [] o.s.web.servlet.DispatcherServlet - Completed initialization in 2 ms
2026-02-12 23:29:06 INFO  [] o.s.b.d.a.LocalDevToolsAutoConfiguration$RestartingClassPathChangeChangedEventListener - Restarting due to 1 class path change (0 additions, 0 deletions, 1 modification)
2026-02-12 23:29:06 INFO  [] o.s.b.w.e.tomcat.GracefulShutdown - Commencing graceful shutdown. Waiting for active requests to complete
2026-02-12 23:29:06 INFO  [] o.a.coyote.http11.Http11NioProtocol - Pausing ProtocolHandler ["http-nio-0.0.0.0-8081"]
2026-02-12 23:29:06 INFO  [] o.s.b.w.e.tomcat.GracefulShutdown - Graceful shutdown complete
2026-02-12 23:29:06 INFO  [] o.a.coyote.http11.Http11NioProtocol - Stopping ProtocolHandler ["http-nio-0.0.0.0-8081"]
2026-02-12 23:29:06 INFO  [] o.s.o.j.LocalContainerEntityManagerFactoryBean - Closing JPA EntityManagerFactory for persistence unit 'default'
2026-02-12 23:29:06 WARN  [] o.s.b.f.s.DisposableBeanAdapter - Invocation of destroy method failed on bean with name 'inMemoryDatabaseShutdownExecutor': org.h2.jdbc.JdbcSQLNonTransientConnectionException: Database is already closed (to disable automatic closing at VM shutdown, add ";DB_CLOSE_ON_EXIT=FALSE" to the db URL) [90121-232]
2026-02-12 23:29:06 INFO  [] com.zaxxer.hikari.HikariDataSource - HikariPool-1 - Shutdown initiated...
2026-02-12 23:29:06 INFO  [] com.zaxxer.hikari.HikariDataSource - HikariPool-1 - Shutdown completed.
2026-02-12 23:29:06 INFO  [] c.s.snatchmart.SnatchMartApplication - Starting SnatchMartApplication using Java 21.0.9 with PID 82211 (/Users/pulkitgiddu/Documents/Code/Backend/snatchMart/target/classes started by pulkitgiddu in /Users/pulkitgiddu/Documents/Code/Backend/snatchMart)
2026-02-12 23:29:06 DEBUG [] c.s.snatchmart.SnatchMartApplication - Running with Spring Boot v3.5.6, Spring v6.2.11
2026-02-12 23:29:06 INFO  [] c.s.snatchmart.SnatchMartApplication - The following 1 profile is active: "local"
2026-02-12 23:29:06 INFO  [] o.s.d.r.c.RepositoryConfigurationDelegate - Multiple Spring Data modules found, entering strict repository configuration mode
2026-02-12 23:29:06 INFO  [] o.s.d.r.c.RepositoryConfigurationDelegate - Bootstrapping Spring Data JPA repositories in DEFAULT mode.
2026-02-12 23:29:06 INFO  [] o.s.d.r.c.RepositoryConfigurationDelegate - Finished Spring Data repository scanning in 11 ms. Found 12 JPA repository interfaces.
2026-02-12 23:29:06 INFO  [] o.s.b.w.e.tomcat.TomcatWebServer - Tomcat initialized with port 8081 (http)
2026-02-12 23:29:06 INFO  [] o.a.coyote.http11.Http11NioProtocol - Initializing ProtocolHandler ["http-nio-0.0.0.0-8081"]
2026-02-12 23:29:06 INFO  [] o.a.catalina.core.StandardService - Starting service [Tomcat]
2026-02-12 23:29:06 INFO  [] o.a.catalina.core.StandardEngine - Starting Servlet engine: [Apache Tomcat/10.1.46]
2026-02-12 23:29:06 INFO  [] o.a.c.c.C.[Tomcat].[localhost].[/] - Initializing Spring embedded WebApplicationContext
2026-02-12 23:29:06 INFO  [] o.s.b.w.s.c.ServletWebServerApplicationContext - Root WebApplicationContext: initialization completed in 188 ms
2026-02-12 23:29:06 INFO  [] o.h.jpa.internal.util.LogHelper - HHH000204: Processing PersistenceUnitInfo [name: default]
2026-02-12 23:29:06 INFO  [] o.h.c.i.RegionFactoryInitiator - HHH000026: Second-level cache disabled
2026-02-12 23:29:06 INFO  [] o.s.o.j.p.SpringPersistenceUnitInfo - No LoadTimeWeaver setup: ignoring JPA class transformer
2026-02-12 23:29:06 INFO  [] com.zaxxer.hikari.HikariDataSource - HikariPool-2 - Starting...
2026-02-12 23:29:06 INFO  [] com.zaxxer.hikari.pool.HikariPool - HikariPool-2 - Added connection conn10: url=jdbc:h2:mem:snatchmart user=SA
2026-02-12 23:29:06 INFO  [] com.zaxxer.hikari.HikariDataSource - HikariPool-2 - Start completed.
2026-02-12 23:29:06 WARN  [] org.hibernate.orm.deprecation - HHH90000025: H2Dialect does not need to be specified explicitly using 'hibernate.dialect' (remove the property setting and it will be selected by default)
2026-02-12 23:29:06 INFO  [] o.hibernate.orm.connections.pooling - HHH10001005: Database info:
	Database JDBC URL [Connecting through datasource 'HikariDataSource (HikariPool-2)']
	Database driver: undefined/unknown
	Database version: 2.3.232
	Autocommit mode: undefined/unknown
	Isolation level: undefined/unknown
	Minimum pool size: undefined/unknown
	Maximum pool size: undefined/unknown
2026-02-12 23:29:06 INFO  [] o.h.e.t.j.p.i.JtaPlatformInitiator - HHH000489: No JTA platform available (set 'hibernate.transaction.jta.platform' to enable JTA platform integration)
2026-02-12 23:29:06 INFO  [] o.s.o.j.LocalContainerEntityManagerFactoryBean - Initialized JPA EntityManagerFactory for persistence unit 'default'
2026-02-12 23:29:06 DEBUG [] c.s.s.s.JwtAuthenticationFilter - Filter 'jwtAuthenticationFilter' configured for use
2026-02-12 23:29:06 INFO  [] o.s.s.c.a.a.c.InitializeAuthenticationProviderBeanManagerConfigurer$InitializeAuthenticationProviderManagerConfigurer - Global AuthenticationManager configured with AuthenticationProvider bean with name authenticationProvider
2026-02-12 23:29:06 WARN  [] o.s.s.c.a.a.c.InitializeUserDetailsBeanManagerConfigurer$InitializeUserDetailsManagerConfigurer - Global AuthenticationManager configured with an AuthenticationProvider bean. UserDetailsService beans will not be used by Spring Security for automatically configuring username/password login. Consider removing the AuthenticationProvider bean. Alternatively, consider using the UserDetailsService in a manually instantiated DaoAuthenticationProvider. If the current configuration is intentional, to turn off this warning, increase the logging level of 'org.springframework.security.config.annotation.authentication.configuration.InitializeUserDetailsBeanManagerConfigurer' to ERROR
2026-02-12 23:29:06 WARN  [] o.s.b.a.o.j.JpaBaseConfiguration$JpaWebConfiguration - spring.jpa.open-in-view is enabled by default. Therefore, database queries may be performed during view rendering. Explicitly configure spring.jpa.open-in-view to disable this warning
2026-02-12 23:29:06 INFO  [] o.s.b.a.h.H2ConsoleAutoConfiguration - H2 console available at '/h2-console'. Database available at 'jdbc:h2:mem:snatchmart'
2026-02-12 23:29:06 INFO  [] o.s.b.d.a.OptionalLiveReloadServer - LiveReload server is running on port 35729
2026-02-12 23:29:06 INFO  [] o.a.coyote.http11.Http11NioProtocol - Starting ProtocolHandler ["http-nio-0.0.0.0-8081"]
2026-02-12 23:29:06 INFO  [] o.s.b.w.e.tomcat.TomcatWebServer - Tomcat started on port 8081 (http) with context path '/'
2026-02-12 23:29:06 INFO  [] c.s.s.scheduler.DealScheduler - Starting 30-min price sync job
2026-02-12 23:29:06 INFO  [] c.s.snatchmart.SnatchMartApplication - Started SnatchMartApplication in 0.567 seconds (process running for 329.542)
2026-02-12 23:29:06 INFO  [] c.s.s.s.s.AffiliateSyncServiceImpl - Synced 0 deals from amazon
2026-02-12 23:29:06 INFO  [] c.s.s.s.s.AffiliateSyncServiceImpl - Synced 0 deals from flipkart
2026-02-12 23:29:06 INFO  [] o.s.b.d.a.ConditionEvaluationDeltaLoggingListener - Condition evaluation unchanged
2026-02-12 23:29:09 INFO  [] o.s.b.d.a.LocalDevToolsAutoConfiguration$RestartingClassPathChangeChangedEventListener - Restarting due to 1 class path change (0 additions, 0 deletions, 1 modification)
2026-02-12 23:29:09 INFO  [] o.s.b.w.e.tomcat.GracefulShutdown - Commencing graceful shutdown. Waiting for active requests to complete
2026-02-12 23:29:09 INFO  [] o.a.coyote.http11.Http11NioProtocol - Pausing ProtocolHandler ["http-nio-0.0.0.0-8081"]
2026-02-12 23:29:09 INFO  [] o.s.b.w.e.tomcat.GracefulShutdown - Graceful shutdown complete
2026-02-12 23:29:09 INFO  [] o.a.coyote.http11.Http11NioProtocol - Stopping ProtocolHandler ["http-nio-0.0.0.0-8081"]
2026-02-12 23:29:09 INFO  [] o.s.o.j.LocalContainerEntityManagerFactoryBean - Closing JPA EntityManagerFactory for persistence unit 'default'
2026-02-12 23:29:09 WARN  [] o.s.b.f.s.DisposableBeanAdapter - Invocation of destroy method failed on bean with name 'inMemoryDatabaseShutdownExecutor': org.h2.jdbc.JdbcSQLNonTransientConnectionException: Database is already closed (to disable automatic closing at VM shutdown, add ";DB_CLOSE_ON_EXIT=FALSE" to the db URL) [90121-232]
2026-02-12 23:29:09 INFO  [] com.zaxxer.hikari.HikariDataSource - HikariPool-2 - Shutdown initiated...
2026-02-12 23:29:09 INFO  [] com.zaxxer.hikari.HikariDataSource - HikariPool-2 - Shutdown completed.
2026-02-12 23:29:09 INFO  [] c.s.snatchmart.SnatchMartApplication - Starting SnatchMartApplication using Java 21.0.9 with PID 82211 (/Users/pulkitgiddu/Documents/Code/Backend/snatchMart/target/classes started by pulkitgiddu in /Users/pulkitgiddu/Documents/Code/Backend/snatchMart)
2026-02-12 23:29:09 DEBUG [] c.s.snatchmart.SnatchMartApplication - Running with Spring Boot v3.5.6, Spring v6.2.11
2026-02-12 23:29:09 INFO  [] c.s.snatchmart.SnatchMartApplication - The following 1 profile is active: "local"
2026-02-12 23:29:09 INFO  [] o.s.d.r.c.RepositoryConfigurationDelegate - Multiple Spring Data modules found, entering strict repository configuration mode
2026-02-12 23:29:09 INFO  [] o.s.d.r.c.RepositoryConfigurationDelegate - Bootstrapping Spring Data JPA repositories in DEFAULT mode.
2026-02-12 23:29:09 INFO  [] o.s.d.r.c.RepositoryConfigurationDelegate - Finished Spring Data repository scanning in 10 ms. Found 12 JPA repository interfaces.
2026-02-12 23:29:09 INFO  [] o.s.b.w.e.tomcat.TomcatWebServer - Tomcat initialized with port 8081 (http)
2026-02-12 23:29:09 INFO  [] o.a.coyote.http11.Http11NioProtocol - Initializing ProtocolHandler ["http-nio-0.0.0.0-8081"]
2026-02-12 23:29:09 INFO  [] o.a.catalina.core.StandardService - Starting service [Tomcat]
2026-02-12 23:29:09 INFO  [] o.a.catalina.core.StandardEngine - Starting Servlet engine: [Apache Tomcat/10.1.46]
2026-02-12 23:29:09 INFO  [] o.a.c.c.C.[Tomcat].[localhost].[/] - Initializing Spring embedded WebApplicationContext
2026-02-12 23:29:09 INFO  [] o.s.b.w.s.c.ServletWebServerApplicationContext - Root WebApplicationContext: initialization completed in 151 ms
2026-02-12 23:29:09 INFO  [] o.h.jpa.internal.util.LogHelper - HHH000204: Processing PersistenceUnitInfo [name: default]
2026-02-12 23:29:09 INFO  [] o.h.c.i.RegionFactoryInitiator - HHH000026: Second-level cache disabled
2026-02-12 23:29:09 INFO  [] o.s.o.j.p.SpringPersistenceUnitInfo - No LoadTimeWeaver setup: ignoring JPA class transformer
2026-02-12 23:29:09 INFO  [] com.zaxxer.hikari.HikariDataSource - HikariPool-3 - Starting...
2026-02-12 23:29:09 INFO  [] com.zaxxer.hikari.pool.HikariPool - HikariPool-3 - Added connection conn20: url=jdbc:h2:mem:snatchmart user=SA
2026-02-12 23:29:09 INFO  [] com.zaxxer.hikari.HikariDataSource - HikariPool-3 - Start completed.
2026-02-12 23:29:09 WARN  [] org.hibernate.orm.deprecation - HHH90000025: H2Dialect does not need to be specified explicitly using 'hibernate.dialect' (remove the property setting and it will be selected by default)
2026-02-12 23:29:09 INFO  [] o.hibernate.orm.connections.pooling - HHH10001005: Database info:
	Database JDBC URL [Connecting through datasource 'HikariDataSource (HikariPool-3)']
	Database driver: undefined/unknown
	Database version: 2.3.232
	Autocommit mode: undefined/unknown
	Isolation level: undefined/unknown
	Minimum pool size: undefined/unknown
	Maximum pool size: undefined/unknown
2026-02-12 23:29:09 INFO  [] o.h.e.t.j.p.i.JtaPlatformInitiator - HHH000489: No JTA platform available (set 'hibernate.transaction.jta.platform' to enable JTA platform integration)
2026-02-12 23:29:09 INFO  [] o.s.o.j.LocalContainerEntityManagerFactoryBean - Initialized JPA EntityManagerFactory for persistence unit 'default'
2026-02-12 23:29:09 DEBUG [] c.s.s.s.JwtAuthenticationFilter - Filter 'jwtAuthenticationFilter' configured for use
2026-02-12 23:29:09 INFO  [] o.s.s.c.a.a.c.InitializeAuthenticationProviderBeanManagerConfigurer$InitializeAuthenticationProviderManagerConfigurer - Global AuthenticationManager configured with AuthenticationProvider bean with name authenticationProvider
2026-02-12 23:29:09 WARN  [] o.s.s.c.a.a.c.InitializeUserDetailsBeanManagerConfigurer$InitializeUserDetailsManagerConfigurer - Global AuthenticationManager configured with an AuthenticationProvider bean. UserDetailsService beans will not be used by Spring Security for automatically configuring username/password login. Consider removing the AuthenticationProvider bean. Alternatively, consider using the UserDetailsService in a manually instantiated DaoAuthenticationProvider. If the current configuration is intentional, to turn off this warning, increase the logging level of 'org.springframework.security.config.annotation.authentication.configuration.InitializeUserDetailsBeanManagerConfigurer' to ERROR
2026-02-12 23:29:09 WARN  [] o.s.b.a.o.j.JpaBaseConfiguration$JpaWebConfiguration - spring.jpa.open-in-view is enabled by default. Therefore, database queries may be performed during view rendering. Explicitly configure spring.jpa.open-in-view to disable this warning
2026-02-12 23:29:09 INFO  [] o.s.b.a.h.H2ConsoleAutoConfiguration - H2 console available at '/h2-console'. Database available at 'jdbc:h2:mem:snatchmart'
2026-02-12 23:29:09 INFO  [] o.s.b.d.a.OptionalLiveReloadServer - LiveReload server is running on port 35729
2026-02-12 23:29:09 INFO  [] o.a.coyote.http11.Http11NioProtocol - Starting ProtocolHandler ["http-nio-0.0.0.0-8081"]
2026-02-12 23:29:09 INFO  [] o.s.b.w.e.tomcat.TomcatWebServer - Tomcat started on port 8081 (http) with context path '/'
2026-02-12 23:29:09 INFO  [] c.s.s.scheduler.DealScheduler - Starting 30-min price sync job
2026-02-12 23:29:09 INFO  [] c.s.snatchmart.SnatchMartApplication - Started SnatchMartApplication in 0.568 seconds (process running for 332.56)
2026-02-12 23:29:09 INFO  [] c.s.s.s.s.AffiliateSyncServiceImpl - Synced 0 deals from amazon
2026-02-12 23:29:09 INFO  [] c.s.s.s.s.AffiliateSyncServiceImpl - Synced 0 deals from flipkart
2026-02-12 23:29:09 INFO  [] o.s.b.d.a.ConditionEvaluationDeltaLoggingListener - Condition evaluation unchanged
2026-02-12 23:29:51 INFO  [] o.s.b.w.e.tomcat.GracefulShutdown - Commencing graceful shutdown. Waiting for active requests to complete
2026-02-12 23:29:51 INFO  [] o.s.b.w.e.tomcat.GracefulShutdown - Graceful shutdown complete
2026-02-12 23:29:51 INFO  [] o.s.o.j.LocalContainerEntityManagerFactoryBean - Closing JPA EntityManagerFactory for persistence unit 'default'
2026-02-12 23:29:51 WARN  [] o.s.b.f.s.DisposableBeanAdapter - Invocation of destroy method failed on bean with name 'inMemoryDatabaseShutdownExecutor': org.h2.jdbc.JdbcSQLNonTransientConnectionException: Database is already closed (to disable automatic closing at VM shutdown, add ";DB_CLOSE_ON_EXIT=FALSE" to the db URL) [90121-232]
2026-02-12 23:29:51 INFO  [] com.zaxxer.hikari.HikariDataSource - HikariPool-3 - Shutdown initiated...
2026-02-12 23:29:51 INFO  [] com.zaxxer.hikari.HikariDataSource - HikariPool-3 - Shutdown completed.
2026-02-12 23:30:04 INFO  [] o.h.validator.internal.util.Version - HV000001: Hibernate Validator 8.0.3.Final
2026-02-12 23:30:04 INFO  [] c.s.snatchmart.SnatchMartApplication - Starting SnatchMartApplication using Java 21.0.9 with PID 83953 (/Users/pulkitgiddu/Documents/Code/Backend/snatchMart/target/classes started by pulkitgiddu in /Users/pulkitgiddu/Documents/Code/Backend/snatchMart)
2026-02-12 23:30:04 DEBUG [] c.s.snatchmart.SnatchMartApplication - Running with Spring Boot v3.5.6, Spring v6.2.11
2026-02-12 23:30:04 INFO  [] c.s.snatchmart.SnatchMartApplication - The following 1 profile is active: "local"
2026-02-12 23:30:04 INFO  [] o.s.b.d.e.DevToolsPropertyDefaultsPostProcessor - Devtools property defaults active! Set 'spring.devtools.add-properties' to 'false' to disable
2026-02-12 23:30:04 INFO  [] o.s.b.d.e.DevToolsPropertyDefaultsPostProcessor - For additional web related logging consider setting the 'logging.level.web' property to 'DEBUG'
2026-02-12 23:30:04 INFO  [] o.s.d.r.c.RepositoryConfigurationDelegate - Multiple Spring Data modules found, entering strict repository configuration mode
2026-02-12 23:30:04 INFO  [] o.s.d.r.c.RepositoryConfigurationDelegate - Bootstrapping Spring Data JPA repositories in DEFAULT mode.
2026-02-12 23:30:04 INFO  [] o.s.d.r.c.RepositoryConfigurationDelegate - Finished Spring Data repository scanning in 55 ms. Found 12 JPA repository interfaces.
2026-02-12 23:30:05 INFO  [] o.s.b.w.e.tomcat.TomcatWebServer - Tomcat initialized with port 8081 (http)
2026-02-12 23:30:05 INFO  [] o.a.coyote.http11.Http11NioProtocol - Initializing ProtocolHandler ["http-nio-0.0.0.0-8081"]
2026-02-12 23:30:05 INFO  [] o.a.catalina.core.StandardService - Starting service [Tomcat]
2026-02-12 23:30:05 INFO  [] o.a.catalina.core.StandardEngine - Starting Servlet engine: [Apache Tomcat/10.1.46]
2026-02-12 23:30:05 INFO  [] o.a.c.c.C.[Tomcat].[localhost].[/] - Initializing Spring embedded WebApplicationContext
2026-02-12 23:30:05 INFO  [] o.s.b.w.s.c.ServletWebServerApplicationContext - Root WebApplicationContext: initialization completed in 563 ms
2026-02-12 23:30:05 INFO  [] o.h.jpa.internal.util.LogHelper - HHH000204: Processing PersistenceUnitInfo [name: default]
2026-02-12 23:30:05 INFO  [] org.hibernate.Version - HHH000412: Hibernate ORM core version 6.6.29.Final
2026-02-12 23:30:05 INFO  [] o.h.c.i.RegionFactoryInitiator - HHH000026: Second-level cache disabled
2026-02-12 23:30:05 INFO  [] o.s.o.j.p.SpringPersistenceUnitInfo - No LoadTimeWeaver setup: ignoring JPA class transformer
2026-02-12 23:30:05 INFO  [] com.zaxxer.hikari.HikariDataSource - HikariPool-1 - Starting...
2026-02-12 23:30:05 INFO  [] com.zaxxer.hikari.pool.HikariPool - HikariPool-1 - Added connection conn0: url=jdbc:h2:mem:snatchmart user=SA
2026-02-12 23:30:05 INFO  [] com.zaxxer.hikari.HikariDataSource - HikariPool-1 - Start completed.
2026-02-12 23:30:05 WARN  [] org.hibernate.orm.deprecation - HHH90000025: H2Dialect does not need to be specified explicitly using 'hibernate.dialect' (remove the property setting and it will be selected by default)
2026-02-12 23:30:05 INFO  [] o.hibernate.orm.connections.pooling - HHH10001005: Database info:
	Database JDBC URL [Connecting through datasource 'HikariDataSource (HikariPool-1)']
	Database driver: undefined/unknown
	Database version: 2.3.232
	Autocommit mode: undefined/unknown
	Isolation level: undefined/unknown
	Minimum pool size: undefined/unknown
	Maximum pool size: undefined/unknown
2026-02-12 23:30:05 INFO  [] o.h.e.t.j.p.i.JtaPlatformInitiator - HHH000489: No JTA platform available (set 'hibernate.transaction.jta.platform' to enable JTA platform integration)
2026-02-12 23:30:05 INFO  [] o.s.o.j.LocalContainerEntityManagerFactoryBean - Initialized JPA EntityManagerFactory for persistence unit 'default'
2026-02-12 23:30:05 INFO  [] o.s.d.j.r.query.QueryEnhancerFactory - Hibernate is in classpath; If applicable, HQL parser will be used.
2026-02-12 23:30:06 DEBUG [] c.s.s.s.JwtAuthenticationFilter - Filter 'jwtAuthenticationFilter' configured for use
2026-02-12 23:30:06 INFO  [] o.s.s.c.a.a.c.InitializeAuthenticationProviderBeanManagerConfigurer$InitializeAuthenticationProviderManagerConfigurer - Global AuthenticationManager configured with AuthenticationProvider bean with name authenticationProvider
2026-02-12 23:30:06 WARN  [] o.s.s.c.a.a.c.InitializeUserDetailsBeanManagerConfigurer$InitializeUserDetailsManagerConfigurer - Global AuthenticationManager configured with an AuthenticationProvider bean. UserDetailsService beans will not be used by Spring Security for automatically configuring username/password login. Consider removing the AuthenticationProvider bean. Alternatively, consider using the UserDetailsService in a manually instantiated DaoAuthenticationProvider. If the current configuration is intentional, to turn off this warning, increase the logging level of 'org.springframework.security.config.annotation.authentication.configuration.InitializeUserDetailsBeanManagerConfigurer' to ERROR
2026-02-12 23:30:06 WARN  [] o.s.b.a.o.j.JpaBaseConfiguration$JpaWebConfiguration - spring.jpa.open-in-view is enabled by default. Therefore, database queries may be performed during view rendering. Explicitly configure spring.jpa.open-in-view to disable this warning
2026-02-12 23:30:06 INFO  [] o.s.b.a.h.H2ConsoleAutoConfiguration - H2 console available at '/h2-console'. Database available at 'jdbc:h2:mem:snatchmart'
2026-02-12 23:30:06 INFO  [] o.s.b.d.a.OptionalLiveReloadServer - LiveReload server is running on port 35729
2026-02-12 23:30:06 INFO  [] o.a.coyote.http11.Http11NioProtocol - Starting ProtocolHandler ["http-nio-0.0.0.0-8081"]
2026-02-12 23:30:06 INFO  [] o.s.b.w.e.tomcat.TomcatWebServer - Tomcat started on port 8081 (http) with context path '/'
2026-02-12 23:30:06 INFO  [] c.s.snatchmart.SnatchMartApplication - Started SnatchMartApplication in 2.084 seconds (process running for 2.216)
2026-02-12 23:30:06 INFO  [] c.s.s.scheduler.DealScheduler - Starting 30-min price sync job
2026-02-12 23:30:06 INFO  [] c.s.s.s.s.AffiliateSyncServiceImpl - Synced 0 deals from amazon
2026-02-12 23:30:06 INFO  [] c.s.s.s.s.AffiliateSyncServiceImpl - Synced 0 deals from flipkart
2026-02-12 23:30:08 INFO  [] o.a.c.c.C.[Tomcat].[localhost].[/] - Initializing Spring DispatcherServlet 'dispatcherServlet'
2026-02-12 23:30:08 INFO  [] o.s.web.servlet.DispatcherServlet - Initializing Servlet 'dispatcherServlet'
2026-02-12 23:30:08 INFO  [] o.s.web.servlet.DispatcherServlet - Completed initialization in 1 ms
2026-02-12 23:30:10 WARN  [] o.s.w.s.m.m.a.ExceptionHandlerExceptionResolver - Resolved [java.lang.RuntimeException: User not found with ID: 6270ba90-f2c1-4452-98f7-5b4e7907e9ab]
2026-02-12 23:31:44 INFO  [] o.s.b.d.a.LocalDevToolsAutoConfiguration$RestartingClassPathChangeChangedEventListener - Restarting due to 1 class path change (1 addition, 0 deletions, 0 modifications)
2026-02-12 23:31:44 INFO  [] o.s.b.w.e.tomcat.GracefulShutdown - Commencing graceful shutdown. Waiting for active requests to complete
2026-02-12 23:31:44 INFO  [] o.a.coyote.http11.Http11NioProtocol - Pausing ProtocolHandler ["http-nio-0.0.0.0-8081"]
2026-02-12 23:31:44 INFO  [] o.s.b.w.e.tomcat.GracefulShutdown - Graceful shutdown complete
2026-02-12 23:31:44 INFO  [] o.a.coyote.http11.Http11NioProtocol - Stopping ProtocolHandler ["http-nio-0.0.0.0-8081"]
2026-02-12 23:31:44 INFO  [] o.s.o.j.LocalContainerEntityManagerFactoryBean - Closing JPA EntityManagerFactory for persistence unit 'default'
2026-02-12 23:31:44 WARN  [] o.s.b.f.s.DisposableBeanAdapter - Invocation of destroy method failed on bean with name 'inMemoryDatabaseShutdownExecutor': org.h2.jdbc.JdbcSQLNonTransientConnectionException: Database is already closed (to disable automatic closing at VM shutdown, add ";DB_CLOSE_ON_EXIT=FALSE" to the db URL) [90121-232]
2026-02-12 23:31:44 INFO  [] com.zaxxer.hikari.HikariDataSource - HikariPool-1 - Shutdown initiated...
2026-02-12 23:31:44 INFO  [] com.zaxxer.hikari.HikariDataSource - HikariPool-1 - Shutdown completed.
2026-02-12 23:31:44 INFO  [] c.s.snatchmart.SnatchMartApplication - Starting SnatchMartApplication using Java 21.0.9 with PID 83953 (/Users/pulkitgiddu/Documents/Code/Backend/snatchMart/target/classes started by pulkitgiddu in /Users/pulkitgiddu/Documents/Code/Backend/snatchMart)
2026-02-12 23:31:44 DEBUG [] c.s.snatchmart.SnatchMartApplication - Running with Spring Boot v3.5.6, Spring v6.2.11
2026-02-12 23:31:44 INFO  [] c.s.snatchmart.SnatchMartApplication - The following 1 profile is active: "local"
2026-02-12 23:31:44 INFO  [] o.s.d.r.c.RepositoryConfigurationDelegate - Multiple Spring Data modules found, entering strict repository configuration mode
2026-02-12 23:31:44 INFO  [] o.s.d.r.c.RepositoryConfigurationDelegate - Bootstrapping Spring Data JPA repositories in DEFAULT mode.
2026-02-12 23:31:44 INFO  [] o.s.d.r.c.RepositoryConfigurationDelegate - Finished Spring Data repository scanning in 11 ms. Found 12 JPA repository interfaces.
2026-02-12 23:31:44 INFO  [] o.s.b.w.e.tomcat.TomcatWebServer - Tomcat initialized with port 8081 (http)
2026-02-12 23:31:44 INFO  [] o.a.coyote.http11.Http11NioProtocol - Initializing ProtocolHandler ["http-nio-0.0.0.0-8081"]
2026-02-12 23:31:44 INFO  [] o.a.catalina.core.StandardService - Starting service [Tomcat]
2026-02-12 23:31:44 INFO  [] o.a.catalina.core.StandardEngine - Starting Servlet engine: [Apache Tomcat/10.1.46]
2026-02-12 23:31:44 INFO  [] o.a.c.c.C.[Tomcat].[localhost].[/] - Initializing Spring embedded WebApplicationContext
2026-02-12 23:31:44 INFO  [] o.s.b.w.s.c.ServletWebServerApplicationContext - Root WebApplicationContext: initialization completed in 164 ms
2026-02-12 23:31:44 INFO  [] o.h.jpa.internal.util.LogHelper - HHH000204: Processing PersistenceUnitInfo [name: default]
2026-02-12 23:31:44 INFO  [] o.h.c.i.RegionFactoryInitiator - HHH000026: Second-level cache disabled
2026-02-12 23:31:44 INFO  [] o.s.o.j.p.SpringPersistenceUnitInfo - No LoadTimeWeaver setup: ignoring JPA class transformer
2026-02-12 23:31:44 INFO  [] com.zaxxer.hikari.HikariDataSource - HikariPool-2 - Starting...
2026-02-12 23:31:44 INFO  [] com.zaxxer.hikari.pool.HikariPool - HikariPool-2 - Added connection conn10: url=jdbc:h2:mem:snatchmart user=SA
2026-02-12 23:31:44 INFO  [] com.zaxxer.hikari.HikariDataSource - HikariPool-2 - Start completed.
2026-02-12 23:31:44 WARN  [] org.hibernate.orm.deprecation - HHH90000025: H2Dialect does not need to be specified explicitly using 'hibernate.dialect' (remove the property setting and it will be selected by default)
2026-02-12 23:31:44 INFO  [] o.hibernate.orm.connections.pooling - HHH10001005: Database info:
	Database JDBC URL [Connecting through datasource 'HikariDataSource (HikariPool-2)']
	Database driver: undefined/unknown
	Database version: 2.3.232
	Autocommit mode: undefined/unknown
	Isolation level: undefined/unknown
	Minimum pool size: undefined/unknown
	Maximum pool size: undefined/unknown
2026-02-12 23:31:44 INFO  [] o.h.e.t.j.p.i.JtaPlatformInitiator - HHH000489: No JTA platform available (set 'hibernate.transaction.jta.platform' to enable JTA platform integration)
2026-02-12 23:31:44 INFO  [] o.s.o.j.LocalContainerEntityManagerFactoryBean - Initialized JPA EntityManagerFactory for persistence unit 'default'
2026-02-12 23:31:44 DEBUG [] c.s.s.s.JwtAuthenticationFilter - Filter 'jwtAuthenticationFilter' configured for use
2026-02-12 23:31:44 INFO  [] o.s.s.c.a.a.c.InitializeAuthenticationProviderBeanManagerConfigurer$InitializeAuthenticationProviderManagerConfigurer - Global AuthenticationManager configured with AuthenticationProvider bean with name authenticationProvider
2026-02-12 23:31:44 WARN  [] o.s.s.c.a.a.c.InitializeUserDetailsBeanManagerConfigurer$InitializeUserDetailsManagerConfigurer - Global AuthenticationManager configured with an AuthenticationProvider bean. UserDetailsService beans will not be used by Spring Security for automatically configuring username/password login. Consider removing the AuthenticationProvider bean. Alternatively, consider using the UserDetailsService in a manually instantiated DaoAuthenticationProvider. If the current configuration is intentional, to turn off this warning, increase the logging level of 'org.springframework.security.config.annotation.authentication.configuration.InitializeUserDetailsBeanManagerConfigurer' to ERROR
2026-02-12 23:31:44 WARN  [] o.s.b.a.o.j.JpaBaseConfiguration$JpaWebConfiguration - spring.jpa.open-in-view is enabled by default. Therefore, database queries may be performed during view rendering. Explicitly configure spring.jpa.open-in-view to disable this warning
2026-02-12 23:31:44 INFO  [] o.s.b.a.h.H2ConsoleAutoConfiguration - H2 console available at '/h2-console'. Database available at 'jdbc:h2:mem:snatchmart'
2026-02-12 23:31:44 INFO  [] o.s.b.d.a.OptionalLiveReloadServer - LiveReload server is running on port 35729
2026-02-12 23:31:44 INFO  [] o.a.coyote.http11.Http11NioProtocol - Starting ProtocolHandler ["http-nio-0.0.0.0-8081"]
2026-02-12 23:31:44 INFO  [] o.s.b.w.e.tomcat.TomcatWebServer - Tomcat started on port 8081 (http) with context path '/'
2026-02-12 23:31:44 INFO  [] c.s.s.scheduler.DealScheduler - Starting 30-min price sync job
2026-02-12 23:31:44 INFO  [] c.s.snatchmart.SnatchMartApplication - Started SnatchMartApplication in 0.541 seconds (process running for 100.447)
2026-02-12 23:31:44 INFO  [] c.s.s.s.s.AffiliateSyncServiceImpl - Synced 0 deals from amazon
2026-02-12 23:31:44 INFO  [] c.s.s.s.s.AffiliateSyncServiceImpl - Synced 0 deals from flipkart
2026-02-12 23:31:44 INFO  [] o.s.b.d.a.ConditionEvaluationDeltaLoggingListener - Condition evaluation unchanged
2026-02-12 23:31:45 INFO  [] o.a.c.c.C.[Tomcat].[localhost].[/] - Initializing Spring DispatcherServlet 'dispatcherServlet'
2026-02-12 23:31:45 INFO  [] o.s.web.servlet.DispatcherServlet - Initializing Servlet 'dispatcherServlet'
2026-02-12 23:31:45 INFO  [] o.s.web.servlet.DispatcherServlet - Completed initialization in 1 ms
2026-02-12 23:31:47 INFO  [] o.s.b.d.a.LocalDevToolsAutoConfiguration$RestartingClassPathChangeChangedEventListener - Restarting due to 2 class path changes (0 additions, 0 deletions, 2 modifications)
2026-02-12 23:31:47 INFO  [] o.s.b.w.e.tomcat.GracefulShutdown - Commencing graceful shutdown. Waiting for active requests to complete
2026-02-12 23:31:47 INFO  [] o.a.coyote.http11.Http11NioProtocol - Pausing ProtocolHandler ["http-nio-0.0.0.0-8081"]
2026-02-12 23:31:47 INFO  [] o.s.b.w.e.tomcat.GracefulShutdown - Graceful shutdown complete
2026-02-12 23:31:47 INFO  [] o.a.coyote.http11.Http11NioProtocol - Stopping ProtocolHandler ["http-nio-0.0.0.0-8081"]
2026-02-12 23:31:47 INFO  [] o.s.o.j.LocalContainerEntityManagerFactoryBean - Closing JPA EntityManagerFactory for persistence unit 'default'
2026-02-12 23:31:47 WARN  [] o.s.b.f.s.DisposableBeanAdapter - Invocation of destroy method failed on bean with name 'inMemoryDatabaseShutdownExecutor': org.h2.jdbc.JdbcSQLNonTransientConnectionException: Database is already closed (to disable automatic closing at VM shutdown, add ";DB_CLOSE_ON_EXIT=FALSE" to the db URL) [90121-232]
2026-02-12 23:31:47 INFO  [] com.zaxxer.hikari.HikariDataSource - HikariPool-2 - Shutdown initiated...
2026-02-12 23:31:47 INFO  [] com.zaxxer.hikari.HikariDataSource - HikariPool-2 - Shutdown completed.
2026-02-12 23:31:47 INFO  [] c.s.snatchmart.SnatchMartApplication - Starting SnatchMartApplication using Java 21.0.9 with PID 83953 (/Users/pulkitgiddu/Documents/Code/Backend/snatchMart/target/classes started by pulkitgiddu in /Users/pulkitgiddu/Documents/Code/Backend/snatchMart)
2026-02-12 23:31:47 DEBUG [] c.s.snatchmart.SnatchMartApplication - Running with Spring Boot v3.5.6, Spring v6.2.11
2026-02-12 23:31:47 INFO  [] c.s.snatchmart.SnatchMartApplication - The following 1 profile is active: "local"
2026-02-12 23:31:47 INFO  [] o.s.d.r.c.RepositoryConfigurationDelegate - Multiple Spring Data modules found, entering strict repository configuration mode
2026-02-12 23:31:47 INFO  [] o.s.d.r.c.RepositoryConfigurationDelegate - Bootstrapping Spring Data JPA repositories in DEFAULT mode.
2026-02-12 23:31:47 INFO  [] o.s.d.r.c.RepositoryConfigurationDelegate - Finished Spring Data repository scanning in 10 ms. Found 12 JPA repository interfaces.
2026-02-12 23:31:47 INFO  [] o.s.b.w.e.tomcat.TomcatWebServer - Tomcat initialized with port 8081 (http)
2026-02-12 23:31:47 INFO  [] o.a.coyote.http11.Http11NioProtocol - Initializing ProtocolHandler ["http-nio-0.0.0.0-8081"]
2026-02-12 23:31:47 INFO  [] o.a.catalina.core.StandardService - Starting service [Tomcat]
2026-02-12 23:31:47 INFO  [] o.a.catalina.core.StandardEngine - Starting Servlet engine: [Apache Tomcat/10.1.46]
2026-02-12 23:31:47 INFO  [] o.a.c.c.C.[Tomcat].[localhost].[/] - Initializing Spring embedded WebApplicationContext
2026-02-12 23:31:47 INFO  [] o.s.b.w.s.c.ServletWebServerApplicationContext - Root WebApplicationContext: initialization completed in 130 ms
2026-02-12 23:31:47 INFO  [] o.h.jpa.internal.util.LogHelper - HHH000204: Processing PersistenceUnitInfo [name: default]
2026-02-12 23:31:47 INFO  [] o.h.c.i.RegionFactoryInitiator - HHH000026: Second-level cache disabled
2026-02-12 23:31:47 INFO  [] o.s.o.j.p.SpringPersistenceUnitInfo - No LoadTimeWeaver setup: ignoring JPA class transformer
2026-02-12 23:31:47 INFO  [] com.zaxxer.hikari.HikariDataSource - HikariPool-3 - Starting...
2026-02-12 23:31:47 INFO  [] com.zaxxer.hikari.pool.HikariPool - HikariPool-3 - Added connection conn20: url=jdbc:h2:mem:snatchmart user=SA
2026-02-12 23:31:47 INFO  [] com.zaxxer.hikari.HikariDataSource - HikariPool-3 - Start completed.
2026-02-12 23:31:47 WARN  [] org.hibernate.orm.deprecation - HHH90000025: H2Dialect does not need to be specified explicitly using 'hibernate.dialect' (remove the property setting and it will be selected by default)
2026-02-12 23:31:47 INFO  [] o.hibernate.orm.connections.pooling - HHH10001005: Database info:
	Database JDBC URL [Connecting through datasource 'HikariDataSource (HikariPool-3)']
	Database driver: undefined/unknown
	Database version: 2.3.232
	Autocommit mode: undefined/unknown
	Isolation level: undefined/unknown
	Minimum pool size: undefined/unknown
	Maximum pool size: undefined/unknown
2026-02-12 23:31:47 INFO  [] o.h.e.t.j.p.i.JtaPlatformInitiator - HHH000489: No JTA platform available (set 'hibernate.transaction.jta.platform' to enable JTA platform integration)
2026-02-12 23:31:47 INFO  [] o.s.o.j.LocalContainerEntityManagerFactoryBean - Initialized JPA EntityManagerFactory for persistence unit 'default'
2026-02-12 23:31:47 DEBUG [] c.s.s.s.JwtAuthenticationFilter - Filter 'jwtAuthenticationFilter' configured for use
2026-02-12 23:31:47 INFO  [] o.s.s.c.a.a.c.InitializeAuthenticationProviderBeanManagerConfigurer$InitializeAuthenticationProviderManagerConfigurer - Global AuthenticationManager configured with AuthenticationProvider bean with name authenticationProvider
2026-02-12 23:31:47 WARN  [] o.s.s.c.a.a.c.InitializeUserDetailsBeanManagerConfigurer$InitializeUserDetailsManagerConfigurer - Global AuthenticationManager configured with an AuthenticationProvider bean. UserDetailsService beans will not be used by Spring Security for automatically configuring username/password login. Consider removing the AuthenticationProvider bean. Alternatively, consider using the UserDetailsService in a manually instantiated DaoAuthenticationProvider. If the current configuration is intentional, to turn off this warning, increase the logging level of 'org.springframework.security.config.annotation.authentication.configuration.InitializeUserDetailsBeanManagerConfigurer' to ERROR
2026-02-12 23:31:47 WARN  [] o.s.b.a.o.j.JpaBaseConfiguration$JpaWebConfiguration - spring.jpa.open-in-view is enabled by default. Therefore, database queries may be performed during view rendering. Explicitly configure spring.jpa.open-in-view to disable this warning
2026-02-12 23:31:47 INFO  [] o.s.b.a.h.H2ConsoleAutoConfiguration - H2 console available at '/h2-console'. Database available at 'jdbc:h2:mem:snatchmart'
2026-02-12 23:31:47 INFO  [] o.s.b.d.a.OptionalLiveReloadServer - LiveReload server is running on port 35729
2026-02-12 23:31:47 INFO  [] o.a.coyote.http11.Http11NioProtocol - Starting ProtocolHandler ["http-nio-0.0.0.0-8081"]
2026-02-12 23:31:47 INFO  [] o.s.b.w.e.tomcat.TomcatWebServer - Tomcat started on port 8081 (http) with context path '/'
2026-02-12 23:31:47 INFO  [] c.s.s.scheduler.DealScheduler - Starting 30-min price sync job
2026-02-12 23:31:47 INFO  [] c.s.snatchmart.SnatchMartApplication - Started SnatchMartApplication in 0.5 seconds (process running for 103.395)
2026-02-12 23:31:47 INFO  [] c.s.s.s.s.AffiliateSyncServiceImpl - Synced 0 deals from amazon
2026-02-12 23:31:47 INFO  [] c.s.s.s.s.AffiliateSyncServiceImpl - Synced 0 deals from flipkart
2026-02-12 23:31:47 INFO  [] o.s.b.d.a.ConditionEvaluationDeltaLoggingListener - Condition evaluation unchanged
2026-02-12 23:31:49 INFO  [] o.s.b.d.a.LocalDevToolsAutoConfiguration$RestartingClassPathChangeChangedEventListener - Restarting due to 1 class path change (0 additions, 0 deletions, 1 modification)
2026-02-12 23:31:49 INFO  [] o.s.b.w.e.tomcat.GracefulShutdown - Commencing graceful shutdown. Waiting for active requests to complete
2026-02-12 23:31:49 INFO  [] o.a.coyote.http11.Http11NioProtocol - Pausing ProtocolHandler ["http-nio-0.0.0.0-8081"]
2026-02-12 23:31:49 INFO  [] o.s.b.w.e.tomcat.GracefulShutdown - Graceful shutdown complete
2026-02-12 23:31:49 INFO  [] o.a.coyote.http11.Http11NioProtocol - Stopping ProtocolHandler ["http-nio-0.0.0.0-8081"]
2026-02-12 23:31:49 INFO  [] o.s.o.j.LocalContainerEntityManagerFactoryBean - Closing JPA EntityManagerFactory for persistence unit 'default'
2026-02-12 23:31:49 WARN  [] o.s.b.f.s.DisposableBeanAdapter - Invocation of destroy method failed on bean with name 'inMemoryDatabaseShutdownExecutor': org.h2.jdbc.JdbcSQLNonTransientConnectionException: Database is already closed (to disable automatic closing at VM shutdown, add ";DB_CLOSE_ON_EXIT=FALSE" to the db URL) [90121-232]
2026-02-12 23:31:49 INFO  [] com.zaxxer.hikari.HikariDataSource - HikariPool-3 - Shutdown initiated...
2026-02-12 23:31:49 INFO  [] com.zaxxer.hikari.HikariDataSource - HikariPool-3 - Shutdown completed.
2026-02-12 23:31:49 INFO  [] c.s.snatchmart.SnatchMartApplication - Starting SnatchMartApplication using Java 21.0.9 with PID 83953 (/Users/pulkitgiddu/Documents/Code/Backend/snatchMart/target/classes started by pulkitgiddu in /Users/pulkitgiddu/Documents/Code/Backend/snatchMart)
2026-02-12 23:31:49 DEBUG [] c.s.snatchmart.SnatchMartApplication - Running with Spring Boot v3.5.6, Spring v6.2.11
2026-02-12 23:31:49 INFO  [] c.s.snatchmart.SnatchMartApplication - The following 1 profile is active: "local"
2026-02-12 23:31:49 INFO  [] o.s.d.r.c.RepositoryConfigurationDelegate - Multiple Spring Data modules found, entering strict repository configuration mode
2026-02-12 23:31:49 INFO  [] o.s.d.r.c.RepositoryConfigurationDelegate - Bootstrapping Spring Data JPA repositories in DEFAULT mode.
2026-02-12 23:31:49 INFO  [] o.s.d.r.c.RepositoryConfigurationDelegate - Finished Spring Data repository scanning in 9 ms. Found 12 JPA repository interfaces.
2026-02-12 23:31:49 INFO  [] o.s.b.w.e.tomcat.TomcatWebServer - Tomcat initialized with port 8081 (http)
2026-02-12 23:31:49 INFO  [] o.a.coyote.http11.Http11NioProtocol - Initializing ProtocolHandler ["http-nio-0.0.0.0-8081"]
2026-02-12 23:31:49 INFO  [] o.a.catalina.core.StandardService - Starting service [Tomcat]
2026-02-12 23:31:49 INFO  [] o.a.catalina.core.StandardEngine - Starting Servlet engine: [Apache Tomcat/10.1.46]
2026-02-12 23:31:49 INFO  [] o.a.c.c.C.[Tomcat].[localhost].[/] - Initializing Spring embedded WebApplicationContext
2026-02-12 23:31:49 INFO  [] o.s.b.w.s.c.ServletWebServerApplicationContext - Root WebApplicationContext: initialization completed in 128 ms
2026-02-12 23:31:49 INFO  [] o.h.jpa.internal.util.LogHelper - HHH000204: Processing PersistenceUnitInfo [name: default]
2026-02-12 23:31:49 INFO  [] o.h.c.i.RegionFactoryInitiator - HHH000026: Second-level cache disabled
2026-02-12 23:31:49 INFO  [] o.s.o.j.p.SpringPersistenceUnitInfo - No LoadTimeWeaver setup: ignoring JPA class transformer
2026-02-12 23:31:49 INFO  [] com.zaxxer.hikari.HikariDataSource - HikariPool-4 - Starting...
2026-02-12 23:31:49 INFO  [] com.zaxxer.hikari.pool.HikariPool - HikariPool-4 - Added connection conn30: url=jdbc:h2:mem:snatchmart user=SA
2026-02-12 23:31:49 INFO  [] com.zaxxer.hikari.HikariDataSource - HikariPool-4 - Start completed.
2026-02-12 23:31:49 WARN  [] org.hibernate.orm.deprecation - HHH90000025: H2Dialect does not need to be specified explicitly using 'hibernate.dialect' (remove the property setting and it will be selected by default)
2026-02-12 23:31:49 INFO  [] o.hibernate.orm.connections.pooling - HHH10001005: Database info:
	Database JDBC URL [Connecting through datasource 'HikariDataSource (HikariPool-4)']
	Database driver: undefined/unknown
	Database version: 2.3.232
	Autocommit mode: undefined/unknown
	Isolation level: undefined/unknown
	Minimum pool size: undefined/unknown
	Maximum pool size: undefined/unknown
2026-02-12 23:31:49 INFO  [] o.h.e.t.j.p.i.JtaPlatformInitiator - HHH000489: No JTA platform available (set 'hibernate.transaction.jta.platform' to enable JTA platform integration)
2026-02-12 23:31:49 INFO  [] o.s.o.j.LocalContainerEntityManagerFactoryBean - Initialized JPA EntityManagerFactory for persistence unit 'default'
2026-02-12 23:31:49 DEBUG [] c.s.s.s.JwtAuthenticationFilter - Filter 'jwtAuthenticationFilter' configured for use
2026-02-12 23:31:49 INFO  [] o.s.s.c.a.a.c.InitializeAuthenticationProviderBeanManagerConfigurer$InitializeAuthenticationProviderManagerConfigurer - Global AuthenticationManager configured with AuthenticationProvider bean with name authenticationProvider
2026-02-12 23:31:49 WARN  [] o.s.s.c.a.a.c.InitializeUserDetailsBeanManagerConfigurer$InitializeUserDetailsManagerConfigurer - Global AuthenticationManager configured with an AuthenticationProvider bean. UserDetailsService beans will not be used by Spring Security for automatically configuring username/password login. Consider removing the AuthenticationProvider bean. Alternatively, consider using the UserDetailsService in a manually instantiated DaoAuthenticationProvider. If the current configuration is intentional, to turn off this warning, increase the logging level of 'org.springframework.security.config.annotation.authentication.configuration.InitializeUserDetailsBeanManagerConfigurer' to ERROR
2026-02-12 23:31:49 WARN  [] o.s.b.a.o.j.JpaBaseConfiguration$JpaWebConfiguration - spring.jpa.open-in-view is enabled by default. Therefore, database queries may be performed during view rendering. Explicitly configure spring.jpa.open-in-view to disable this warning
2026-02-12 23:31:49 INFO  [] o.s.b.a.h.H2ConsoleAutoConfiguration - H2 console available at '/h2-console'. Database available at 'jdbc:h2:mem:snatchmart'
2026-02-12 23:31:49 INFO  [] o.s.b.d.a.OptionalLiveReloadServer - LiveReload server is running on port 35729
2026-02-12 23:31:49 INFO  [] o.a.coyote.http11.Http11NioProtocol - Starting ProtocolHandler ["http-nio-0.0.0.0-8081"]
2026-02-12 23:31:49 INFO  [] o.s.b.w.e.tomcat.TomcatWebServer - Tomcat started on port 8081 (http) with context path '/'
2026-02-12 23:31:49 INFO  [] c.s.s.scheduler.DealScheduler - Starting 30-min price sync job
2026-02-12 23:31:49 INFO  [] c.s.snatchmart.SnatchMartApplication - Started SnatchMartApplication in 0.481 seconds (process running for 105.381)
2026-02-12 23:31:49 INFO  [] c.s.s.s.s.AffiliateSyncServiceImpl - Synced 0 deals from amazon
2026-02-12 23:31:49 INFO  [] c.s.s.s.s.AffiliateSyncServiceImpl - Synced 0 deals from flipkart
2026-02-12 23:31:49 INFO  [] o.s.b.d.a.ConditionEvaluationDeltaLoggingListener - Condition evaluation unchanged
2026-02-12 23:31:52 INFO  [] o.a.c.c.C.[Tomcat].[localhost].[/] - Initializing Spring DispatcherServlet 'dispatcherServlet'
2026-02-12 23:31:52 INFO  [] o.s.web.servlet.DispatcherServlet - Initializing Servlet 'dispatcherServlet'
2026-02-12 23:31:52 INFO  [] o.s.web.servlet.DispatcherServlet - Completed initialization in 2 ms
2026-02-12 23:32:00 INFO  [] o.s.b.d.a.LocalDevToolsAutoConfiguration$RestartingClassPathChangeChangedEventListener - Restarting due to 1 class path change (0 additions, 0 deletions, 1 modification)
2026-02-12 23:32:00 INFO  [] o.s.b.w.e.tomcat.GracefulShutdown - Commencing graceful shutdown. Waiting for active requests to complete
2026-02-12 23:32:00 INFO  [] o.a.coyote.http11.Http11NioProtocol - Pausing ProtocolHandler ["http-nio-0.0.0.0-8081"]
2026-02-12 23:32:00 INFO  [] o.s.b.w.e.tomcat.GracefulShutdown - Graceful shutdown complete
2026-02-12 23:32:00 INFO  [] o.a.coyote.http11.Http11NioProtocol - Stopping ProtocolHandler ["http-nio-0.0.0.0-8081"]
2026-02-12 23:32:00 INFO  [] o.s.o.j.LocalContainerEntityManagerFactoryBean - Closing JPA EntityManagerFactory for persistence unit 'default'
2026-02-12 23:32:00 WARN  [] o.s.b.f.s.DisposableBeanAdapter - Invocation of destroy method failed on bean with name 'inMemoryDatabaseShutdownExecutor': org.h2.jdbc.JdbcSQLNonTransientConnectionException: Database is already closed (to disable automatic closing at VM shutdown, add ";DB_CLOSE_ON_EXIT=FALSE" to the db URL) [90121-232]
2026-02-12 23:32:00 INFO  [] com.zaxxer.hikari.HikariDataSource - HikariPool-4 - Shutdown initiated...
2026-02-12 23:32:00 INFO  [] com.zaxxer.hikari.HikariDataSource - HikariPool-4 - Shutdown completed.
2026-02-12 23:32:00 INFO  [] c.s.snatchmart.SnatchMartApplication - Starting SnatchMartApplication using Java 21.0.9 with PID 83953 (/Users/pulkitgiddu/Documents/Code/Backend/snatchMart/target/classes started by pulkitgiddu in /Users/pulkitgiddu/Documents/Code/Backend/snatchMart)
2026-02-12 23:32:00 DEBUG [] c.s.snatchmart.SnatchMartApplication - Running with Spring Boot v3.5.6, Spring v6.2.11
2026-02-12 23:32:00 INFO  [] c.s.snatchmart.SnatchMartApplication - The following 1 profile is active: "local"
2026-02-12 23:32:00 INFO  [] o.s.d.r.c.RepositoryConfigurationDelegate - Multiple Spring Data modules found, entering strict repository configuration mode
2026-02-12 23:32:00 INFO  [] o.s.d.r.c.RepositoryConfigurationDelegate - Bootstrapping Spring Data JPA repositories in DEFAULT mode.
2026-02-12 23:32:00 INFO  [] o.s.d.r.c.RepositoryConfigurationDelegate - Finished Spring Data repository scanning in 12 ms. Found 12 JPA repository interfaces.
2026-02-12 23:32:00 INFO  [] o.s.b.w.e.tomcat.TomcatWebServer - Tomcat initialized with port 8081 (http)
2026-02-12 23:32:00 INFO  [] o.a.coyote.http11.Http11NioProtocol - Initializing ProtocolHandler ["http-nio-0.0.0.0-8081"]
2026-02-12 23:32:00 INFO  [] o.a.catalina.core.StandardService - Starting service [Tomcat]
2026-02-12 23:32:00 INFO  [] o.a.catalina.core.StandardEngine - Starting Servlet engine: [Apache Tomcat/10.1.46]
2026-02-12 23:32:00 INFO  [] o.a.c.c.C.[Tomcat].[localhost].[/] - Initializing Spring embedded WebApplicationContext
2026-02-12 23:32:00 INFO  [] o.s.b.w.s.c.ServletWebServerApplicationContext - Root WebApplicationContext: initialization completed in 144 ms
2026-02-12 23:32:00 INFO  [] o.h.jpa.internal.util.LogHelper - HHH000204: Processing PersistenceUnitInfo [name: default]
2026-02-12 23:32:00 INFO  [] o.h.c.i.RegionFactoryInitiator - HHH000026: Second-level cache disabled
2026-02-12 23:32:00 INFO  [] o.s.o.j.p.SpringPersistenceUnitInfo - No LoadTimeWeaver setup: ignoring JPA class transformer
2026-02-12 23:32:00 INFO  [] com.zaxxer.hikari.HikariDataSource - HikariPool-5 - Starting...
2026-02-12 23:32:00 INFO  [] com.zaxxer.hikari.pool.HikariPool - HikariPool-5 - Added connection conn40: url=jdbc:h2:mem:snatchmart user=SA
2026-02-12 23:32:00 INFO  [] com.zaxxer.hikari.HikariDataSource - HikariPool-5 - Start completed.
2026-02-12 23:32:00 WARN  [] org.hibernate.orm.deprecation - HHH90000025: H2Dialect does not need to be specified explicitly using 'hibernate.dialect' (remove the property setting and it will be selected by default)
2026-02-12 23:32:00 INFO  [] o.hibernate.orm.connections.pooling - HHH10001005: Database info:
	Database JDBC URL [Connecting through datasource 'HikariDataSource (HikariPool-5)']
	Database driver: undefined/unknown
	Database version: 2.3.232
	Autocommit mode: undefined/unknown
	Isolation level: undefined/unknown
	Minimum pool size: undefined/unknown
	Maximum pool size: undefined/unknown
2026-02-12 23:32:00 INFO  [] o.h.e.t.j.p.i.JtaPlatformInitiator - HHH000489: No JTA platform available (set 'hibernate.transaction.jta.platform' to enable JTA platform integration)
2026-02-12 23:32:00 INFO  [] o.s.o.j.LocalContainerEntityManagerFactoryBean - Initialized JPA EntityManagerFactory for persistence unit 'default'
2026-02-12 23:32:00 DEBUG [] c.s.s.s.JwtAuthenticationFilter - Filter 'jwtAuthenticationFilter' configured for use
2026-02-12 23:32:00 INFO  [] o.s.s.c.a.a.c.InitializeAuthenticationProviderBeanManagerConfigurer$InitializeAuthenticationProviderManagerConfigurer - Global AuthenticationManager configured with AuthenticationProvider bean with name authenticationProvider
2026-02-12 23:32:00 WARN  [] o.s.s.c.a.a.c.InitializeUserDetailsBeanManagerConfigurer$InitializeUserDetailsManagerConfigurer - Global AuthenticationManager configured with an AuthenticationProvider bean. UserDetailsService beans will not be used by Spring Security for automatically configuring username/password login. Consider removing the AuthenticationProvider bean. Alternatively, consider using the UserDetailsService in a manually instantiated DaoAuthenticationProvider. If the current configuration is intentional, to turn off this warning, increase the logging level of 'org.springframework.security.config.annotation.authentication.configuration.InitializeUserDetailsBeanManagerConfigurer' to ERROR
2026-02-12 23:32:00 WARN  [] o.s.b.a.o.j.JpaBaseConfiguration$JpaWebConfiguration - spring.jpa.open-in-view is enabled by default. Therefore, database queries may be performed during view rendering. Explicitly configure spring.jpa.open-in-view to disable this warning
2026-02-12 23:32:00 INFO  [] o.s.b.a.h.H2ConsoleAutoConfiguration - H2 console available at '/h2-console'. Database available at 'jdbc:h2:mem:snatchmart'
2026-02-12 23:32:00 INFO  [] o.s.b.d.a.OptionalLiveReloadServer - LiveReload server is running on port 35729
2026-02-12 23:32:00 INFO  [] o.a.coyote.http11.Http11NioProtocol - Starting ProtocolHandler ["http-nio-0.0.0.0-8081"]
2026-02-12 23:32:00 INFO  [] o.s.b.w.e.tomcat.TomcatWebServer - Tomcat started on port 8081 (http) with context path '/'
2026-02-12 23:32:00 INFO  [] c.s.s.scheduler.DealScheduler - Starting 30-min price sync job
2026-02-12 23:32:00 INFO  [] c.s.snatchmart.SnatchMartApplication - Started SnatchMartApplication in 0.481 seconds (process running for 116.381)
2026-02-12 23:32:00 INFO  [] c.s.s.s.s.AffiliateSyncServiceImpl - Synced 0 deals from amazon
2026-02-12 23:32:00 INFO  [] c.s.s.s.s.AffiliateSyncServiceImpl - Synced 0 deals from flipkart
2026-02-12 23:32:00 INFO  [] o.s.b.d.a.ConditionEvaluationDeltaLoggingListener - Condition evaluation unchanged
2026-02-12 23:32:02 INFO  [] o.s.b.d.a.LocalDevToolsAutoConfiguration$RestartingClassPathChangeChangedEventListener - Restarting due to 1 class path change (0 additions, 0 deletions, 1 modification)
2026-02-12 23:32:02 INFO  [] o.s.b.w.e.tomcat.GracefulShutdown - Commencing graceful shutdown. Waiting for active requests to complete
2026-02-12 23:32:02 INFO  [] o.a.coyote.http11.Http11NioProtocol - Pausing ProtocolHandler ["http-nio-0.0.0.0-8081"]
2026-02-12 23:32:02 INFO  [] o.s.b.w.e.tomcat.GracefulShutdown - Graceful shutdown complete
2026-02-12 23:32:02 INFO  [] o.a.coyote.http11.Http11NioProtocol - Stopping ProtocolHandler ["http-nio-0.0.0.0-8081"]
2026-02-12 23:32:02 INFO  [] o.s.o.j.LocalContainerEntityManagerFactoryBean - Closing JPA EntityManagerFactory for persistence unit 'default'
2026-02-12 23:32:02 WARN  [] o.s.b.f.s.DisposableBeanAdapter - Invocation of destroy method failed on bean with name 'inMemoryDatabaseShutdownExecutor': org.h2.jdbc.JdbcSQLNonTransientConnectionException: Database is already closed (to disable automatic closing at VM shutdown, add ";DB_CLOSE_ON_EXIT=FALSE" to the db URL) [90121-232]
2026-02-12 23:32:02 INFO  [] com.zaxxer.hikari.HikariDataSource - HikariPool-5 - Shutdown initiated...
2026-02-12 23:32:02 INFO  [] com.zaxxer.hikari.HikariDataSource - HikariPool-5 - Shutdown completed.
2026-02-12 23:32:02 INFO  [] c.s.snatchmart.SnatchMartApplication - Starting SnatchMartApplication using Java 21.0.9 with PID 83953 (/Users/pulkitgiddu/Documents/Code/Backend/snatchMart/target/classes started by pulkitgiddu in /Users/pulkitgiddu/Documents/Code/Backend/snatchMart)
2026-02-12 23:32:02 DEBUG [] c.s.snatchmart.SnatchMartApplication - Running with Spring Boot v3.5.6, Spring v6.2.11
2026-02-12 23:32:02 INFO  [] c.s.snatchmart.SnatchMartApplication - The following 1 profile is active: "local"
2026-02-12 23:32:02 INFO  [] o.s.d.r.c.RepositoryConfigurationDelegate - Multiple Spring Data modules found, entering strict repository configuration mode
2026-02-12 23:32:02 INFO  [] o.s.d.r.c.RepositoryConfigurationDelegate - Bootstrapping Spring Data JPA repositories in DEFAULT mode.
2026-02-12 23:32:02 INFO  [] o.s.d.r.c.RepositoryConfigurationDelegate - Finished Spring Data repository scanning in 9 ms. Found 12 JPA repository interfaces.
2026-02-12 23:32:02 INFO  [] o.s.b.w.e.tomcat.TomcatWebServer - Tomcat initialized with port 8081 (http)
2026-02-12 23:32:02 INFO  [] o.a.coyote.http11.Http11NioProtocol - Initializing ProtocolHandler ["http-nio-0.0.0.0-8081"]
2026-02-12 23:32:02 INFO  [] o.a.catalina.core.StandardService - Starting service [Tomcat]
2026-02-12 23:32:02 INFO  [] o.a.catalina.core.StandardEngine - Starting Servlet engine: [Apache Tomcat/10.1.46]
2026-02-12 23:32:02 INFO  [] o.a.c.c.C.[Tomcat].[localhost].[/] - Initializing Spring embedded WebApplicationContext
2026-02-12 23:32:02 INFO  [] o.s.b.w.s.c.ServletWebServerApplicationContext - Root WebApplicationContext: initialization completed in 119 ms
2026-02-12 23:32:02 INFO  [] o.h.jpa.internal.util.LogHelper - HHH000204: Processing PersistenceUnitInfo [name: default]
2026-02-12 23:32:02 INFO  [] o.h.c.i.RegionFactoryInitiator - HHH000026: Second-level cache disabled
2026-02-12 23:32:02 INFO  [] o.s.o.j.p.SpringPersistenceUnitInfo - No LoadTimeWeaver setup: ignoring JPA class transformer
2026-02-12 23:32:02 INFO  [] com.zaxxer.hikari.HikariDataSource - HikariPool-6 - Starting...
2026-02-12 23:32:02 INFO  [] com.zaxxer.hikari.pool.HikariPool - HikariPool-6 - Added connection conn50: url=jdbc:h2:mem:snatchmart user=SA
2026-02-12 23:32:02 INFO  [] com.zaxxer.hikari.HikariDataSource - HikariPool-6 - Start completed.
2026-02-12 23:32:02 WARN  [] org.hibernate.orm.deprecation - HHH90000025: H2Dialect does not need to be specified explicitly using 'hibernate.dialect' (remove the property setting and it will be selected by default)
2026-02-12 23:32:02 INFO  [] o.hibernate.orm.connections.pooling - HHH10001005: Database info:
	Database JDBC URL [Connecting through datasource 'HikariDataSource (HikariPool-6)']
	Database driver: undefined/unknown
	Database version: 2.3.232
	Autocommit mode: undefined/unknown
	Isolation level: undefined/unknown
	Minimum pool size: undefined/unknown
	Maximum pool size: undefined/unknown
2026-02-12 23:32:02 INFO  [] o.h.e.t.j.p.i.JtaPlatformInitiator - HHH000489: No JTA platform available (set 'hibernate.transaction.jta.platform' to enable JTA platform integration)
2026-02-12 23:32:02 INFO  [] o.s.o.j.LocalContainerEntityManagerFactoryBean - Initialized JPA EntityManagerFactory for persistence unit 'default'
2026-02-12 23:32:02 DEBUG [] c.s.s.s.JwtAuthenticationFilter - Filter 'jwtAuthenticationFilter' configured for use
2026-02-12 23:32:02 INFO  [] o.s.s.c.a.a.c.InitializeAuthenticationProviderBeanManagerConfigurer$InitializeAuthenticationProviderManagerConfigurer - Global AuthenticationManager configured with AuthenticationProvider bean with name authenticationProvider
2026-02-12 23:32:02 WARN  [] o.s.s.c.a.a.c.InitializeUserDetailsBeanManagerConfigurer$InitializeUserDetailsManagerConfigurer - Global AuthenticationManager configured with an AuthenticationProvider bean. UserDetailsService beans will not be used by Spring Security for automatically configuring username/password login. Consider removing the AuthenticationProvider bean. Alternatively, consider using the UserDetailsService in a manually instantiated DaoAuthenticationProvider. If the current configuration is intentional, to turn off this warning, increase the logging level of 'org.springframework.security.config.annotation.authentication.configuration.InitializeUserDetailsBeanManagerConfigurer' to ERROR
2026-02-12 23:32:02 WARN  [] o.s.b.a.o.j.JpaBaseConfiguration$JpaWebConfiguration - spring.jpa.open-in-view is enabled by default. Therefore, database queries may be performed during view rendering. Explicitly configure spring.jpa.open-in-view to disable this warning
2026-02-12 23:32:02 INFO  [] o.s.b.a.h.H2ConsoleAutoConfiguration - H2 console available at '/h2-console'. Database available at 'jdbc:h2:mem:snatchmart'
2026-02-12 23:32:02 INFO  [] o.s.b.d.a.OptionalLiveReloadServer - LiveReload server is running on port 35729
2026-02-12 23:32:02 INFO  [] o.a.coyote.http11.Http11NioProtocol - Starting ProtocolHandler ["http-nio-0.0.0.0-8081"]
2026-02-12 23:32:02 INFO  [] o.s.b.w.e.tomcat.TomcatWebServer - Tomcat started on port 8081 (http) with context path '/'
2026-02-12 23:32:02 INFO  [] c.s.s.scheduler.DealScheduler - Starting 30-min price sync job
2026-02-12 23:32:02 INFO  [] c.s.snatchmart.SnatchMartApplication - Started SnatchMartApplication in 0.473 seconds (process running for 118.296)
2026-02-12 23:32:02 INFO  [] c.s.s.s.s.AffiliateSyncServiceImpl - Synced 0 deals from amazon
2026-02-12 23:32:02 INFO  [] c.s.s.s.s.AffiliateSyncServiceImpl - Synced 0 deals from flipkart
2026-02-12 23:32:02 INFO  [] o.s.b.d.a.ConditionEvaluationDeltaLoggingListener - Condition evaluation unchanged
2026-02-12 23:32:03 INFO  [] o.s.b.d.a.LocalDevToolsAutoConfiguration$RestartingClassPathChangeChangedEventListener - Restarting due to 1 class path change (0 additions, 0 deletions, 1 modification)
2026-02-12 23:32:03 INFO  [] o.s.b.w.e.tomcat.GracefulShutdown - Commencing graceful shutdown. Waiting for active requests to complete
2026-02-12 23:32:03 INFO  [] o.a.coyote.http11.Http11NioProtocol - Pausing ProtocolHandler ["http-nio-0.0.0.0-8081"]
2026-02-12 23:32:03 INFO  [] o.s.b.w.e.tomcat.GracefulShutdown - Graceful shutdown complete
2026-02-12 23:32:03 INFO  [] o.a.coyote.http11.Http11NioProtocol - Stopping ProtocolHandler ["http-nio-0.0.0.0-8081"]
2026-02-12 23:32:03 INFO  [] o.s.o.j.LocalContainerEntityManagerFactoryBean - Closing JPA EntityManagerFactory for persistence unit 'default'
2026-02-12 23:32:03 WARN  [] o.s.b.f.s.DisposableBeanAdapter - Invocation of destroy method failed on bean with name 'inMemoryDatabaseShutdownExecutor': org.h2.jdbc.JdbcSQLNonTransientConnectionException: Database is already closed (to disable automatic closing at VM shutdown, add ";DB_CLOSE_ON_EXIT=FALSE" to the db URL) [90121-232]
2026-02-12 23:32:03 INFO  [] com.zaxxer.hikari.HikariDataSource - HikariPool-6 - Shutdown initiated...
2026-02-12 23:32:03 INFO  [] com.zaxxer.hikari.HikariDataSource - HikariPool-6 - Shutdown completed.
2026-02-12 23:32:04 INFO  [] c.s.snatchmart.SnatchMartApplication - Starting SnatchMartApplication using Java 21.0.9 with PID 83953 (/Users/pulkitgiddu/Documents/Code/Backend/snatchMart/target/classes started by pulkitgiddu in /Users/pulkitgiddu/Documents/Code/Backend/snatchMart)
2026-02-12 23:32:04 DEBUG [] c.s.snatchmart.SnatchMartApplication - Running with Spring Boot v3.5.6, Spring v6.2.11
2026-02-12 23:32:04 INFO  [] c.s.snatchmart.SnatchMartApplication - The following 1 profile is active: "local"
2026-02-12 23:32:04 INFO  [] o.s.d.r.c.RepositoryConfigurationDelegate - Multiple Spring Data modules found, entering strict repository configuration mode
2026-02-12 23:32:04 INFO  [] o.s.d.r.c.RepositoryConfigurationDelegate - Bootstrapping Spring Data JPA repositories in DEFAULT mode.
2026-02-12 23:32:04 INFO  [] o.s.d.r.c.RepositoryConfigurationDelegate - Finished Spring Data repository scanning in 9 ms. Found 12 JPA repository interfaces.
2026-02-12 23:32:04 INFO  [] o.s.b.w.e.tomcat.TomcatWebServer - Tomcat initialized with port 8081 (http)
2026-02-12 23:32:04 INFO  [] o.a.coyote.http11.Http11NioProtocol - Initializing ProtocolHandler ["http-nio-0.0.0.0-8081"]
2026-02-12 23:32:04 INFO  [] o.a.catalina.core.StandardService - Starting service [Tomcat]
2026-02-12 23:32:04 INFO  [] o.a.catalina.core.StandardEngine - Starting Servlet engine: [Apache Tomcat/10.1.46]
2026-02-12 23:32:04 INFO  [] o.a.c.c.C.[Tomcat].[localhost].[/] - Initializing Spring embedded WebApplicationContext
2026-02-12 23:32:04 INFO  [] o.s.b.w.s.c.ServletWebServerApplicationContext - Root WebApplicationContext: initialization completed in 118 ms
2026-02-12 23:32:04 INFO  [] o.h.jpa.internal.util.LogHelper - HHH000204: Processing PersistenceUnitInfo [name: default]
2026-02-12 23:32:04 INFO  [] o.h.c.i.RegionFactoryInitiator - HHH000026: Second-level cache disabled
2026-02-12 23:32:04 INFO  [] o.s.o.j.p.SpringPersistenceUnitInfo - No LoadTimeWeaver setup: ignoring JPA class transformer
2026-02-12 23:32:04 INFO  [] com.zaxxer.hikari.HikariDataSource - HikariPool-7 - Starting...
2026-02-12 23:32:04 INFO  [] com.zaxxer.hikari.pool.HikariPool - HikariPool-7 - Added connection conn60: url=jdbc:h2:mem:snatchmart user=SA
2026-02-12 23:32:04 INFO  [] com.zaxxer.hikari.HikariDataSource - HikariPool-7 - Start completed.
2026-02-12 23:32:04 WARN  [] org.hibernate.orm.deprecation - HHH90000025: H2Dialect does not need to be specified explicitly using 'hibernate.dialect' (remove the property setting and it will be selected by default)
2026-02-12 23:32:04 INFO  [] o.hibernate.orm.connections.pooling - HHH10001005: Database info:
	Database JDBC URL [Connecting through datasource 'HikariDataSource (HikariPool-7)']
	Database driver: undefined/unknown
	Database version: 2.3.232
	Autocommit mode: undefined/unknown
	Isolation level: undefined/unknown
	Minimum pool size: undefined/unknown
	Maximum pool size: undefined/unknown
2026-02-12 23:32:04 INFO  [] o.h.e.t.j.p.i.JtaPlatformInitiator - HHH000489: No JTA platform available (set 'hibernate.transaction.jta.platform' to enable JTA platform integration)
2026-02-12 23:32:04 INFO  [] o.s.o.j.LocalContainerEntityManagerFactoryBean - Initialized JPA EntityManagerFactory for persistence unit 'default'
2026-02-12 23:32:04 DEBUG [] c.s.s.s.JwtAuthenticationFilter - Filter 'jwtAuthenticationFilter' configured for use
2026-02-12 23:32:04 INFO  [] o.s.s.c.a.a.c.InitializeAuthenticationProviderBeanManagerConfigurer$InitializeAuthenticationProviderManagerConfigurer - Global AuthenticationManager configured with AuthenticationProvider bean with name authenticationProvider
2026-02-12 23:32:04 WARN  [] o.s.s.c.a.a.c.InitializeUserDetailsBeanManagerConfigurer$InitializeUserDetailsManagerConfigurer - Global AuthenticationManager configured with an AuthenticationProvider bean. UserDetailsService beans will not be used by Spring Security for automatically configuring username/password login. Consider removing the AuthenticationProvider bean. Alternatively, consider using the UserDetailsService in a manually instantiated DaoAuthenticationProvider. If the current configuration is intentional, to turn off this warning, increase the logging level of 'org.springframework.security.config.annotation.authentication.configuration.InitializeUserDetailsBeanManagerConfigurer' to ERROR
2026-02-12 23:32:04 WARN  [] o.s.b.a.o.j.JpaBaseConfiguration$JpaWebConfiguration - spring.jpa.open-in-view is enabled by default. Therefore, database queries may be performed during view rendering. Explicitly configure spring.jpa.open-in-view to disable this warning
2026-02-12 23:32:04 INFO  [] o.s.b.a.h.H2ConsoleAutoConfiguration - H2 console available at '/h2-console'. Database available at 'jdbc:h2:mem:snatchmart'
2026-02-12 23:32:04 INFO  [] o.s.b.d.a.OptionalLiveReloadServer - LiveReload server is running on port 35729
2026-02-12 23:32:04 INFO  [] o.a.coyote.http11.Http11NioProtocol - Starting ProtocolHandler ["http-nio-0.0.0.0-8081"]
2026-02-12 23:32:04 INFO  [] o.s.b.w.e.tomcat.TomcatWebServer - Tomcat started on port 8081 (http) with context path '/'
2026-02-12 23:32:04 INFO  [] c.s.s.scheduler.DealScheduler - Starting 30-min price sync job
2026-02-12 23:32:04 INFO  [] c.s.snatchmart.SnatchMartApplication - Started SnatchMartApplication in 0.427 seconds (process running for 120.16)
2026-02-12 23:32:04 INFO  [] c.s.s.s.s.AffiliateSyncServiceImpl - Synced 0 deals from amazon
2026-02-12 23:32:04 INFO  [] c.s.s.s.s.AffiliateSyncServiceImpl - Synced 0 deals from flipkart
2026-02-12 23:32:04 INFO  [] o.s.b.d.a.ConditionEvaluationDeltaLoggingListener - Condition evaluation unchanged
2026-02-12 23:32:48 INFO  [] o.a.c.c.C.[Tomcat].[localhost].[/] - Initializing Spring DispatcherServlet 'dispatcherServlet'
2026-02-12 23:32:48 INFO  [] o.s.web.servlet.DispatcherServlet - Initializing Servlet 'dispatcherServlet'
2026-02-12 23:32:48 INFO  [] o.s.web.servlet.DispatcherServlet - Completed initialization in 2 ms
2026-02-12 23:36:27 INFO  [] o.s.b.d.a.LocalDevToolsAutoConfiguration$RestartingClassPathChangeChangedEventListener - Restarting due to 1 class path change (0 additions, 0 deletions, 1 modification)
2026-02-12 23:36:27 INFO  [] o.s.b.w.e.tomcat.GracefulShutdown - Commencing graceful shutdown. Waiting for active requests to complete
2026-02-12 23:36:27 INFO  [] o.a.coyote.http11.Http11NioProtocol - Pausing ProtocolHandler ["http-nio-0.0.0.0-8081"]
2026-02-12 23:36:27 INFO  [] o.s.b.w.e.tomcat.GracefulShutdown - Graceful shutdown complete
2026-02-12 23:36:27 INFO  [] o.a.coyote.http11.Http11NioProtocol - Stopping ProtocolHandler ["http-nio-0.0.0.0-8081"]
2026-02-12 23:36:27 INFO  [] o.s.o.j.LocalContainerEntityManagerFactoryBean - Closing JPA EntityManagerFactory for persistence unit 'default'
2026-02-12 23:36:27 WARN  [] o.s.b.f.s.DisposableBeanAdapter - Invocation of destroy method failed on bean with name 'inMemoryDatabaseShutdownExecutor': org.h2.jdbc.JdbcSQLNonTransientConnectionException: Database is already closed (to disable automatic closing at VM shutdown, add ";DB_CLOSE_ON_EXIT=FALSE" to the db URL) [90121-232]
2026-02-12 23:36:27 INFO  [] com.zaxxer.hikari.HikariDataSource - HikariPool-7 - Shutdown initiated...
2026-02-12 23:36:27 INFO  [] com.zaxxer.hikari.HikariDataSource - HikariPool-7 - Shutdown completed.
2026-02-12 23:36:27 INFO  [] c.s.snatchmart.SnatchMartApplication - Starting SnatchMartApplication using Java 21.0.9 with PID 83953 (/Users/pulkitgiddu/Documents/Code/Backend/snatchMart/target/classes started by pulkitgiddu in /Users/pulkitgiddu/Documents/Code/Backend/snatchMart)
2026-02-12 23:36:27 DEBUG [] c.s.snatchmart.SnatchMartApplication - Running with Spring Boot v3.5.6, Spring v6.2.11
2026-02-12 23:36:27 INFO  [] c.s.snatchmart.SnatchMartApplication - The following 1 profile is active: "local"
2026-02-12 23:36:27 INFO  [] o.s.d.r.c.RepositoryConfigurationDelegate - Multiple Spring Data modules found, entering strict repository configuration mode
2026-02-12 23:36:27 INFO  [] o.s.d.r.c.RepositoryConfigurationDelegate - Bootstrapping Spring Data JPA repositories in DEFAULT mode.
2026-02-12 23:36:27 INFO  [] o.s.d.r.c.RepositoryConfigurationDelegate - Finished Spring Data repository scanning in 15 ms. Found 12 JPA repository interfaces.
2026-02-12 23:36:27 INFO  [] o.s.b.w.e.tomcat.TomcatWebServer - Tomcat initialized with port 8081 (http)
2026-02-12 23:36:27 INFO  [] o.a.coyote.http11.Http11NioProtocol - Initializing ProtocolHandler ["http-nio-0.0.0.0-8081"]
2026-02-12 23:36:27 INFO  [] o.a.catalina.core.StandardService - Starting service [Tomcat]
2026-02-12 23:36:27 INFO  [] o.a.catalina.core.StandardEngine - Starting Servlet engine: [Apache Tomcat/10.1.46]
2026-02-12 23:36:27 INFO  [] o.a.c.c.C.[Tomcat].[localhost].[/] - Initializing Spring embedded WebApplicationContext
2026-02-12 23:36:27 INFO  [] o.s.b.w.s.c.ServletWebServerApplicationContext - Root WebApplicationContext: initialization completed in 182 ms
2026-02-12 23:36:27 INFO  [] o.h.jpa.internal.util.LogHelper - HHH000204: Processing PersistenceUnitInfo [name: default]
2026-02-12 23:36:27 INFO  [] o.h.c.i.RegionFactoryInitiator - HHH000026: Second-level cache disabled
2026-02-12 23:36:27 INFO  [] o.s.o.j.p.SpringPersistenceUnitInfo - No LoadTimeWeaver setup: ignoring JPA class transformer
2026-02-12 23:36:27 INFO  [] com.zaxxer.hikari.HikariDataSource - HikariPool-8 - Starting...
2026-02-12 23:36:27 INFO  [] com.zaxxer.hikari.pool.HikariPool - HikariPool-8 - Added connection conn70: url=jdbc:h2:mem:snatchmart user=SA
2026-02-12 23:36:27 INFO  [] com.zaxxer.hikari.HikariDataSource - HikariPool-8 - Start completed.
2026-02-12 23:36:27 WARN  [] org.hibernate.orm.deprecation - HHH90000025: H2Dialect does not need to be specified explicitly using 'hibernate.dialect' (remove the property setting and it will be selected by default)
2026-02-12 23:36:27 INFO  [] o.hibernate.orm.connections.pooling - HHH10001005: Database info:
	Database JDBC URL [Connecting through datasource 'HikariDataSource (HikariPool-8)']
	Database driver: undefined/unknown
	Database version: 2.3.232
	Autocommit mode: undefined/unknown
	Isolation level: undefined/unknown
	Minimum pool size: undefined/unknown
	Maximum pool size: undefined/unknown
2026-02-12 23:36:27 INFO  [] o.h.e.t.j.p.i.JtaPlatformInitiator - HHH000489: No JTA platform available (set 'hibernate.transaction.jta.platform' to enable JTA platform integration)
2026-02-12 23:36:27 INFO  [] o.s.o.j.LocalContainerEntityManagerFactoryBean - Initialized JPA EntityManagerFactory for persistence unit 'default'
2026-02-12 23:36:27 DEBUG [] c.s.s.s.JwtAuthenticationFilter - Filter 'jwtAuthenticationFilter' configured for use
2026-02-12 23:36:27 INFO  [] o.s.s.c.a.a.c.InitializeAuthenticationProviderBeanManagerConfigurer$InitializeAuthenticationProviderManagerConfigurer - Global AuthenticationManager configured with AuthenticationProvider bean with name authenticationProvider
2026-02-12 23:36:27 WARN  [] o.s.s.c.a.a.c.InitializeUserDetailsBeanManagerConfigurer$InitializeUserDetailsManagerConfigurer - Global AuthenticationManager configured with an AuthenticationProvider bean. UserDetailsService beans will not be used by Spring Security for automatically configuring username/password login. Consider removing the AuthenticationProvider bean. Alternatively, consider using the UserDetailsService in a manually instantiated DaoAuthenticationProvider. If the current configuration is intentional, to turn off this warning, increase the logging level of 'org.springframework.security.config.annotation.authentication.configuration.InitializeUserDetailsBeanManagerConfigurer' to ERROR
2026-02-12 23:36:27 WARN  [] o.s.b.a.o.j.JpaBaseConfiguration$JpaWebConfiguration - spring.jpa.open-in-view is enabled by default. Therefore, database queries may be performed during view rendering. Explicitly configure spring.jpa.open-in-view to disable this warning
2026-02-12 23:36:27 INFO  [] o.s.b.a.h.H2ConsoleAutoConfiguration - H2 console available at '/h2-console'. Database available at 'jdbc:h2:mem:snatchmart'
2026-02-12 23:36:27 INFO  [] o.s.b.d.a.OptionalLiveReloadServer - LiveReload server is running on port 35729
2026-02-12 23:36:27 INFO  [] o.a.coyote.http11.Http11NioProtocol - Starting ProtocolHandler ["http-nio-0.0.0.0-8081"]
2026-02-12 23:36:27 INFO  [] o.s.b.w.e.tomcat.TomcatWebServer - Tomcat started on port 8081 (http) with context path '/'
2026-02-12 23:36:27 INFO  [] c.s.s.scheduler.DealScheduler - Starting 30-min price sync job
2026-02-12 23:36:27 INFO  [] c.s.snatchmart.SnatchMartApplication - Started SnatchMartApplication in 0.554 seconds (process running for 383.416)
2026-02-12 23:36:27 INFO  [] c.s.s.s.s.AffiliateSyncServiceImpl - Synced 0 deals from amazon
2026-02-12 23:36:27 INFO  [] c.s.s.s.s.AffiliateSyncServiceImpl - Synced 0 deals from flipkart
2026-02-12 23:36:27 INFO  [] o.s.b.d.a.ConditionEvaluationDeltaLoggingListener - Condition evaluation unchanged
2026-02-12 23:36:33 INFO  [] o.s.b.d.a.LocalDevToolsAutoConfiguration$RestartingClassPathChangeChangedEventListener - Restarting due to 1 class path change (0 additions, 0 deletions, 1 modification)
2026-02-12 23:36:33 INFO  [] o.s.b.w.e.tomcat.GracefulShutdown - Commencing graceful shutdown. Waiting for active requests to complete
2026-02-12 23:36:33 INFO  [] o.a.coyote.http11.Http11NioProtocol - Pausing ProtocolHandler ["http-nio-0.0.0.0-8081"]
2026-02-12 23:36:33 INFO  [] o.s.b.w.e.tomcat.GracefulShutdown - Graceful shutdown complete
2026-02-12 23:36:33 INFO  [] o.a.coyote.http11.Http11NioProtocol - Stopping ProtocolHandler ["http-nio-0.0.0.0-8081"]
2026-02-12 23:36:33 INFO  [] o.s.o.j.LocalContainerEntityManagerFactoryBean - Closing JPA EntityManagerFactory for persistence unit 'default'
2026-02-12 23:36:33 WARN  [] o.s.b.f.s.DisposableBeanAdapter - Invocation of destroy method failed on bean with name 'inMemoryDatabaseShutdownExecutor': org.h2.jdbc.JdbcSQLNonTransientConnectionException: Database is already closed (to disable automatic closing at VM shutdown, add ";DB_CLOSE_ON_EXIT=FALSE" to the db URL) [90121-232]
2026-02-12 23:36:33 INFO  [] com.zaxxer.hikari.HikariDataSource - HikariPool-8 - Shutdown initiated...
2026-02-12 23:36:33 INFO  [] com.zaxxer.hikari.HikariDataSource - HikariPool-8 - Shutdown completed.
2026-02-12 23:36:33 INFO  [] c.s.snatchmart.SnatchMartApplication - Starting SnatchMartApplication using Java 21.0.9 with PID 83953 (/Users/pulkitgiddu/Documents/Code/Backend/snatchMart/target/classes started by pulkitgiddu in /Users/pulkitgiddu/Documents/Code/Backend/snatchMart)
2026-02-12 23:36:33 DEBUG [] c.s.snatchmart.SnatchMartApplication - Running with Spring Boot v3.5.6, Spring v6.2.11
2026-02-12 23:36:33 INFO  [] c.s.snatchmart.SnatchMartApplication - The following 1 profile is active: "local"
2026-02-12 23:36:33 INFO  [] o.s.d.r.c.RepositoryConfigurationDelegate - Multiple Spring Data modules found, entering strict repository configuration mode
2026-02-12 23:36:33 INFO  [] o.s.d.r.c.RepositoryConfigurationDelegate - Bootstrapping Spring Data JPA repositories in DEFAULT mode.
2026-02-12 23:36:33 INFO  [] o.s.d.r.c.RepositoryConfigurationDelegate - Finished Spring Data repository scanning in 9 ms. Found 12 JPA repository interfaces.
2026-02-12 23:36:33 INFO  [] o.s.b.w.e.tomcat.TomcatWebServer - Tomcat initialized with port 8081 (http)
2026-02-12 23:36:33 INFO  [] o.a.coyote.http11.Http11NioProtocol - Initializing ProtocolHandler ["http-nio-0.0.0.0-8081"]
2026-02-12 23:36:33 INFO  [] o.a.catalina.core.StandardService - Starting service [Tomcat]
2026-02-12 23:36:33 INFO  [] o.a.catalina.core.StandardEngine - Starting Servlet engine: [Apache Tomcat/10.1.46]
2026-02-12 23:36:33 INFO  [] o.a.c.c.C.[Tomcat].[localhost].[/] - Initializing Spring embedded WebApplicationContext
2026-02-12 23:36:33 INFO  [] o.s.b.w.s.c.ServletWebServerApplicationContext - Root WebApplicationContext: initialization completed in 126 ms
2026-02-12 23:36:33 INFO  [] o.h.jpa.internal.util.LogHelper - HHH000204: Processing PersistenceUnitInfo [name: default]
2026-02-12 23:36:33 INFO  [] o.h.c.i.RegionFactoryInitiator - HHH000026: Second-level cache disabled
2026-02-12 23:36:33 INFO  [] o.s.o.j.p.SpringPersistenceUnitInfo - No LoadTimeWeaver setup: ignoring JPA class transformer
2026-02-12 23:36:33 INFO  [] com.zaxxer.hikari.HikariDataSource - HikariPool-9 - Starting...
2026-02-12 23:36:33 INFO  [] com.zaxxer.hikari.pool.HikariPool - HikariPool-9 - Added connection conn80: url=jdbc:h2:mem:snatchmart user=SA
2026-02-12 23:36:33 INFO  [] com.zaxxer.hikari.HikariDataSource - HikariPool-9 - Start completed.
2026-02-12 23:36:33 WARN  [] org.hibernate.orm.deprecation - HHH90000025: H2Dialect does not need to be specified explicitly using 'hibernate.dialect' (remove the property setting and it will be selected by default)
2026-02-12 23:36:33 INFO  [] o.hibernate.orm.connections.pooling - HHH10001005: Database info:
	Database JDBC URL [Connecting through datasource 'HikariDataSource (HikariPool-9)']
	Database driver: undefined/unknown
	Database version: 2.3.232
	Autocommit mode: undefined/unknown
	Isolation level: undefined/unknown
	Minimum pool size: undefined/unknown
	Maximum pool size: undefined/unknown
2026-02-12 23:36:33 INFO  [] o.h.e.t.j.p.i.JtaPlatformInitiator - HHH000489: No JTA platform available (set 'hibernate.transaction.jta.platform' to enable JTA platform integration)
2026-02-12 23:36:33 INFO  [] o.s.o.j.LocalContainerEntityManagerFactoryBean - Initialized JPA EntityManagerFactory for persistence unit 'default'
2026-02-12 23:36:33 DEBUG [] c.s.s.s.JwtAuthenticationFilter - Filter 'jwtAuthenticationFilter' configured for use
2026-02-12 23:36:33 INFO  [] o.s.s.c.a.a.c.InitializeAuthenticationProviderBeanManagerConfigurer$InitializeAuthenticationProviderManagerConfigurer - Global AuthenticationManager configured with AuthenticationProvider bean with name authenticationProvider
2026-02-12 23:36:33 WARN  [] o.s.s.c.a.a.c.InitializeUserDetailsBeanManagerConfigurer$InitializeUserDetailsManagerConfigurer - Global AuthenticationManager configured with an AuthenticationProvider bean. UserDetailsService beans will not be used by Spring Security for automatically configuring username/password login. Consider removing the AuthenticationProvider bean. Alternatively, consider using the UserDetailsService in a manually instantiated DaoAuthenticationProvider. If the current configuration is intentional, to turn off this warning, increase the logging level of 'org.springframework.security.config.annotation.authentication.configuration.InitializeUserDetailsBeanManagerConfigurer' to ERROR
2026-02-12 23:36:33 WARN  [] o.s.b.a.o.j.JpaBaseConfiguration$JpaWebConfiguration - spring.jpa.open-in-view is enabled by default. Therefore, database queries may be performed during view rendering. Explicitly configure spring.jpa.open-in-view to disable this warning
2026-02-12 23:36:33 INFO  [] o.s.b.a.h.H2ConsoleAutoConfiguration - H2 console available at '/h2-console'. Database available at 'jdbc:h2:mem:snatchmart'
2026-02-12 23:36:33 INFO  [] o.s.b.d.a.OptionalLiveReloadServer - LiveReload server is running on port 35729
2026-02-12 23:36:33 INFO  [] o.a.coyote.http11.Http11NioProtocol - Starting ProtocolHandler ["http-nio-0.0.0.0-8081"]
2026-02-12 23:36:33 INFO  [] o.s.b.w.e.tomcat.TomcatWebServer - Tomcat started on port 8081 (http) with context path '/'
2026-02-12 23:36:33 INFO  [] c.s.s.scheduler.DealScheduler - Starting 30-min price sync job
2026-02-12 23:36:33 INFO  [] c.s.snatchmart.SnatchMartApplication - Started SnatchMartApplication in 0.452 seconds (process running for 389.354)
2026-02-12 23:36:33 INFO  [] c.s.s.s.s.AffiliateSyncServiceImpl - Synced 0 deals from amazon
2026-02-12 23:36:33 INFO  [] c.s.s.s.s.AffiliateSyncServiceImpl - Synced 0 deals from flipkart
2026-02-12 23:36:33 INFO  [] o.s.b.d.a.ConditionEvaluationDeltaLoggingListener - Condition evaluation unchanged
2026-02-12 23:36:40 INFO  [] o.s.b.d.a.LocalDevToolsAutoConfiguration$RestartingClassPathChangeChangedEventListener - Restarting due to 1 class path change (0 additions, 0 deletions, 1 modification)
2026-02-12 23:36:40 INFO  [] o.s.b.w.e.tomcat.GracefulShutdown - Commencing graceful shutdown. Waiting for active requests to complete
2026-02-12 23:36:40 INFO  [] o.a.coyote.http11.Http11NioProtocol - Pausing ProtocolHandler ["http-nio-0.0.0.0-8081"]
2026-02-12 23:36:40 INFO  [] o.s.b.w.e.tomcat.GracefulShutdown - Graceful shutdown complete
2026-02-12 23:36:40 INFO  [] o.a.coyote.http11.Http11NioProtocol - Stopping ProtocolHandler ["http-nio-0.0.0.0-8081"]
2026-02-12 23:36:40 INFO  [] o.s.o.j.LocalContainerEntityManagerFactoryBean - Closing JPA EntityManagerFactory for persistence unit 'default'
2026-02-12 23:36:40 WARN  [] o.s.b.f.s.DisposableBeanAdapter - Invocation of destroy method failed on bean with name 'inMemoryDatabaseShutdownExecutor': org.h2.jdbc.JdbcSQLNonTransientConnectionException: Database is already closed (to disable automatic closing at VM shutdown, add ";DB_CLOSE_ON_EXIT=FALSE" to the db URL) [90121-232]
2026-02-12 23:36:40 INFO  [] com.zaxxer.hikari.HikariDataSource - HikariPool-9 - Shutdown initiated...
2026-02-12 23:36:40 INFO  [] com.zaxxer.hikari.HikariDataSource - HikariPool-9 - Shutdown completed.
2026-02-12 23:36:40 INFO  [] c.s.snatchmart.SnatchMartApplication - Starting SnatchMartApplication using Java 21.0.9 with PID 83953 (/Users/pulkitgiddu/Documents/Code/Backend/snatchMart/target/classes started by pulkitgiddu in /Users/pulkitgiddu/Documents/Code/Backend/snatchMart)
2026-02-12 23:36:40 DEBUG [] c.s.snatchmart.SnatchMartApplication - Running with Spring Boot v3.5.6, Spring v6.2.11
2026-02-12 23:36:40 INFO  [] c.s.snatchmart.SnatchMartApplication - The following 1 profile is active: "local"
2026-02-12 23:36:40 INFO  [] o.s.d.r.c.RepositoryConfigurationDelegate - Multiple Spring Data modules found, entering strict repository configuration mode
2026-02-12 23:36:40 INFO  [] o.s.d.r.c.RepositoryConfigurationDelegate - Bootstrapping Spring Data JPA repositories in DEFAULT mode.
2026-02-12 23:36:40 INFO  [] o.s.d.r.c.RepositoryConfigurationDelegate - Finished Spring Data repository scanning in 28 ms. Found 12 JPA repository interfaces.
2026-02-12 23:36:40 INFO  [] o.s.b.w.e.tomcat.TomcatWebServer - Tomcat initialized with port 8081 (http)
2026-02-12 23:36:40 INFO  [] o.a.coyote.http11.Http11NioProtocol - Initializing ProtocolHandler ["http-nio-0.0.0.0-8081"]
2026-02-12 23:36:40 INFO  [] o.a.catalina.core.StandardService - Starting service [Tomcat]
2026-02-12 23:36:40 INFO  [] o.a.catalina.core.StandardEngine - Starting Servlet engine: [Apache Tomcat/10.1.46]
2026-02-12 23:36:40 INFO  [] o.a.c.c.C.[Tomcat].[localhost].[/] - Initializing Spring embedded WebApplicationContext
2026-02-12 23:36:40 INFO  [] o.s.b.w.s.c.ServletWebServerApplicationContext - Root WebApplicationContext: initialization completed in 320 ms
2026-02-12 23:36:40 INFO  [] o.h.jpa.internal.util.LogHelper - HHH000204: Processing PersistenceUnitInfo [name: default]
2026-02-12 23:36:40 INFO  [] o.h.c.i.RegionFactoryInitiator - HHH000026: Second-level cache disabled
2026-02-12 23:36:40 INFO  [] o.s.o.j.p.SpringPersistenceUnitInfo - No LoadTimeWeaver setup: ignoring JPA class transformer
2026-02-12 23:36:40 INFO  [] com.zaxxer.hikari.HikariDataSource - HikariPool-10 - Starting...
2026-02-12 23:36:40 INFO  [] com.zaxxer.hikari.pool.HikariPool - HikariPool-10 - Added connection conn90: url=jdbc:h2:mem:snatchmart user=SA
2026-02-12 23:36:40 INFO  [] com.zaxxer.hikari.HikariDataSource - HikariPool-10 - Start completed.
2026-02-12 23:36:40 WARN  [] org.hibernate.orm.deprecation - HHH90000025: H2Dialect does not need to be specified explicitly using 'hibernate.dialect' (remove the property setting and it will be selected by default)
2026-02-12 23:36:40 INFO  [] o.hibernate.orm.connections.pooling - HHH10001005: Database info:
	Database JDBC URL [Connecting through datasource 'HikariDataSource (HikariPool-10)']
	Database driver: undefined/unknown
	Database version: 2.3.232
	Autocommit mode: undefined/unknown
	Isolation level: undefined/unknown
	Minimum pool size: undefined/unknown
	Maximum pool size: undefined/unknown
2026-02-12 23:36:40 INFO  [] o.h.e.t.j.p.i.JtaPlatformInitiator - HHH000489: No JTA platform available (set 'hibernate.transaction.jta.platform' to enable JTA platform integration)
2026-02-12 23:36:40 INFO  [] o.s.o.j.LocalContainerEntityManagerFactoryBean - Initialized JPA EntityManagerFactory for persistence unit 'default'
2026-02-12 23:36:40 DEBUG [] c.s.s.s.JwtAuthenticationFilter - Filter 'jwtAuthenticationFilter' configured for use
2026-02-12 23:36:40 INFO  [] o.s.s.c.a.a.c.InitializeAuthenticationProviderBeanManagerConfigurer$InitializeAuthenticationProviderManagerConfigurer - Global AuthenticationManager configured with AuthenticationProvider bean with name authenticationProvider
2026-02-12 23:36:40 WARN  [] o.s.s.c.a.a.c.InitializeUserDetailsBeanManagerConfigurer$InitializeUserDetailsManagerConfigurer - Global AuthenticationManager configured with an AuthenticationProvider bean. UserDetailsService beans will not be used by Spring Security for automatically configuring username/password login. Consider removing the AuthenticationProvider bean. Alternatively, consider using the UserDetailsService in a manually instantiated DaoAuthenticationProvider. If the current configuration is intentional, to turn off this warning, increase the logging level of 'org.springframework.security.config.annotation.authentication.configuration.InitializeUserDetailsBeanManagerConfigurer' to ERROR
2026-02-12 23:36:40 WARN  [] o.s.b.a.o.j.JpaBaseConfiguration$JpaWebConfiguration - spring.jpa.open-in-view is enabled by default. Therefore, database queries may be performed during view rendering. Explicitly configure spring.jpa.open-in-view to disable this warning
2026-02-12 23:36:40 INFO  [] o.s.b.a.h.H2ConsoleAutoConfiguration - H2 console available at '/h2-console'. Database available at 'jdbc:h2:mem:snatchmart'
2026-02-12 23:36:40 INFO  [] o.s.b.d.a.OptionalLiveReloadServer - LiveReload server is running on port 35729
2026-02-12 23:36:40 INFO  [] o.a.coyote.http11.Http11NioProtocol - Starting ProtocolHandler ["http-nio-0.0.0.0-8081"]
2026-02-12 23:36:40 INFO  [] o.s.b.w.e.tomcat.TomcatWebServer - Tomcat started on port 8081 (http) with context path '/'
2026-02-12 23:36:40 INFO  [] c.s.s.scheduler.DealScheduler - Starting 30-min price sync job
2026-02-12 23:36:40 INFO  [] c.s.snatchmart.SnatchMartApplication - Started SnatchMartApplication in 0.716 seconds (process running for 396.57)
2026-02-12 23:36:40 INFO  [] c.s.s.s.s.AffiliateSyncServiceImpl - Synced 0 deals from amazon
2026-02-12 23:36:40 INFO  [] c.s.s.s.s.AffiliateSyncServiceImpl - Synced 0 deals from flipkart
2026-02-12 23:36:40 INFO  [] o.s.b.d.a.ConditionEvaluationDeltaLoggingListener - Condition evaluation unchanged
2026-02-12 23:36:42 INFO  [] o.s.b.d.a.LocalDevToolsAutoConfiguration$RestartingClassPathChangeChangedEventListener - Restarting due to 1 class path change (0 additions, 0 deletions, 1 modification)
2026-02-12 23:36:42 INFO  [] o.s.b.w.e.tomcat.GracefulShutdown - Commencing graceful shutdown. Waiting for active requests to complete
2026-02-12 23:36:42 INFO  [] o.a.coyote.http11.Http11NioProtocol - Pausing ProtocolHandler ["http-nio-0.0.0.0-8081"]
2026-02-12 23:36:42 INFO  [] o.s.b.w.e.tomcat.GracefulShutdown - Graceful shutdown complete
2026-02-12 23:36:42 INFO  [] o.a.coyote.http11.Http11NioProtocol - Stopping ProtocolHandler ["http-nio-0.0.0.0-8081"]
2026-02-12 23:36:42 INFO  [] o.s.o.j.LocalContainerEntityManagerFactoryBean - Closing JPA EntityManagerFactory for persistence unit 'default'
2026-02-12 23:36:42 WARN  [] o.s.b.f.s.DisposableBeanAdapter - Invocation of destroy method failed on bean with name 'inMemoryDatabaseShutdownExecutor': org.h2.jdbc.JdbcSQLNonTransientConnectionException: Database is already closed (to disable automatic closing at VM shutdown, add ";DB_CLOSE_ON_EXIT=FALSE" to the db URL) [90121-232]
2026-02-12 23:36:42 INFO  [] com.zaxxer.hikari.HikariDataSource - HikariPool-10 - Shutdown initiated...
2026-02-12 23:36:42 INFO  [] com.zaxxer.hikari.HikariDataSource - HikariPool-10 - Shutdown completed.
2026-02-12 23:36:42 INFO  [] c.s.snatchmart.SnatchMartApplication - Starting SnatchMartApplication using Java 21.0.9 with PID 83953 (/Users/pulkitgiddu/Documents/Code/Backend/snatchMart/target/classes started by pulkitgiddu in /Users/pulkitgiddu/Documents/Code/Backend/snatchMart)
2026-02-12 23:36:42 DEBUG [] c.s.snatchmart.SnatchMartApplication - Running with Spring Boot v3.5.6, Spring v6.2.11
2026-02-12 23:36:42 INFO  [] c.s.snatchmart.SnatchMartApplication - The following 1 profile is active: "local"
2026-02-12 23:36:42 INFO  [] o.s.d.r.c.RepositoryConfigurationDelegate - Multiple Spring Data modules found, entering strict repository configuration mode
2026-02-12 23:36:42 INFO  [] o.s.d.r.c.RepositoryConfigurationDelegate - Bootstrapping Spring Data JPA repositories in DEFAULT mode.
2026-02-12 23:36:42 INFO  [] o.s.d.r.c.RepositoryConfigurationDelegate - Finished Spring Data repository scanning in 22 ms. Found 12 JPA repository interfaces.
2026-02-12 23:36:42 INFO  [] o.s.b.w.e.tomcat.TomcatWebServer - Tomcat initialized with port 8081 (http)
2026-02-12 23:36:42 INFO  [] o.a.coyote.http11.Http11NioProtocol - Initializing ProtocolHandler ["http-nio-0.0.0.0-8081"]
2026-02-12 23:36:42 INFO  [] o.a.catalina.core.StandardService - Starting service [Tomcat]
2026-02-12 23:36:42 INFO  [] o.a.catalina.core.StandardEngine - Starting Servlet engine: [Apache Tomcat/10.1.46]
2026-02-12 23:36:42 INFO  [] o.a.c.c.C.[Tomcat].[localhost].[/] - Initializing Spring embedded WebApplicationContext
2026-02-12 23:36:42 INFO  [] o.s.b.w.s.c.ServletWebServerApplicationContext - Root WebApplicationContext: initialization completed in 240 ms
2026-02-12 23:36:42 INFO  [] o.h.jpa.internal.util.LogHelper - HHH000204: Processing PersistenceUnitInfo [name: default]
2026-02-12 23:36:42 INFO  [] o.h.c.i.RegionFactoryInitiator - HHH000026: Second-level cache disabled
2026-02-12 23:36:42 INFO  [] o.s.o.j.p.SpringPersistenceUnitInfo - No LoadTimeWeaver setup: ignoring JPA class transformer
2026-02-12 23:36:42 INFO  [] com.zaxxer.hikari.HikariDataSource - HikariPool-11 - Starting...
2026-02-12 23:36:42 INFO  [] com.zaxxer.hikari.pool.HikariPool - HikariPool-11 - Added connection conn100: url=jdbc:h2:mem:snatchmart user=SA
2026-02-12 23:36:42 INFO  [] com.zaxxer.hikari.HikariDataSource - HikariPool-11 - Start completed.
2026-02-12 23:36:42 WARN  [] org.hibernate.orm.deprecation - HHH90000025: H2Dialect does not need to be specified explicitly using 'hibernate.dialect' (remove the property setting and it will be selected by default)
2026-02-12 23:36:42 INFO  [] o.hibernate.orm.connections.pooling - HHH10001005: Database info:
	Database JDBC URL [Connecting through datasource 'HikariDataSource (HikariPool-11)']
	Database driver: undefined/unknown
	Database version: 2.3.232
	Autocommit mode: undefined/unknown
	Isolation level: undefined/unknown
	Minimum pool size: undefined/unknown
	Maximum pool size: undefined/unknown
2026-02-12 23:36:42 INFO  [] o.h.e.t.j.p.i.JtaPlatformInitiator - HHH000489: No JTA platform available (set 'hibernate.transaction.jta.platform' to enable JTA platform integration)
2026-02-12 23:36:42 INFO  [] o.s.o.j.LocalContainerEntityManagerFactoryBean - Initialized JPA EntityManagerFactory for persistence unit 'default'
2026-02-12 23:36:42 DEBUG [] c.s.s.s.JwtAuthenticationFilter - Filter 'jwtAuthenticationFilter' configured for use
2026-02-12 23:36:42 INFO  [] o.s.s.c.a.a.c.InitializeAuthenticationProviderBeanManagerConfigurer$InitializeAuthenticationProviderManagerConfigurer - Global AuthenticationManager configured with AuthenticationProvider bean with name authenticationProvider
2026-02-12 23:36:42 WARN  [] o.s.s.c.a.a.c.InitializeUserDetailsBeanManagerConfigurer$InitializeUserDetailsManagerConfigurer - Global AuthenticationManager configured with an AuthenticationProvider bean. UserDetailsService beans will not be used by Spring Security for automatically configuring username/password login. Consider removing the AuthenticationProvider bean. Alternatively, consider using the UserDetailsService in a manually instantiated DaoAuthenticationProvider. If the current configuration is intentional, to turn off this warning, increase the logging level of 'org.springframework.security.config.annotation.authentication.configuration.InitializeUserDetailsBeanManagerConfigurer' to ERROR
2026-02-12 23:36:42 WARN  [] o.s.b.a.o.j.JpaBaseConfiguration$JpaWebConfiguration - spring.jpa.open-in-view is enabled by default. Therefore, database queries may be performed during view rendering. Explicitly configure spring.jpa.open-in-view to disable this warning
2026-02-12 23:36:42 INFO  [] o.s.b.a.h.H2ConsoleAutoConfiguration - H2 console available at '/h2-console'. Database available at 'jdbc:h2:mem:snatchmart'
2026-02-12 23:36:42 INFO  [] o.s.b.d.a.OptionalLiveReloadServer - LiveReload server is running on port 35729
2026-02-12 23:36:42 INFO  [] o.a.coyote.http11.Http11NioProtocol - Starting ProtocolHandler ["http-nio-0.0.0.0-8081"]
2026-02-12 23:36:42 INFO  [] o.s.b.w.e.tomcat.TomcatWebServer - Tomcat started on port 8081 (http) with context path '/'
2026-02-12 23:36:42 INFO  [] c.s.s.scheduler.DealScheduler - Starting 30-min price sync job
2026-02-12 23:36:42 INFO  [] c.s.snatchmart.SnatchMartApplication - Started SnatchMartApplication in 0.697 seconds (process running for 398.717)
2026-02-12 23:36:42 INFO  [] c.s.s.s.s.AffiliateSyncServiceImpl - Synced 0 deals from amazon
2026-02-12 23:36:42 INFO  [] c.s.s.s.s.AffiliateSyncServiceImpl - Synced 0 deals from flipkart
2026-02-12 23:36:42 INFO  [] o.s.b.d.a.ConditionEvaluationDeltaLoggingListener - Condition evaluation unchanged
2026-02-12 23:36:44 INFO  [] o.s.b.d.a.LocalDevToolsAutoConfiguration$RestartingClassPathChangeChangedEventListener - Restarting due to 1 class path change (0 additions, 0 deletions, 1 modification)
2026-02-12 23:36:44 INFO  [] o.s.b.w.e.tomcat.GracefulShutdown - Commencing graceful shutdown. Waiting for active requests to complete
2026-02-12 23:36:44 INFO  [] o.a.coyote.http11.Http11NioProtocol - Pausing ProtocolHandler ["http-nio-0.0.0.0-8081"]
2026-02-12 23:36:44 INFO  [] o.s.b.w.e.tomcat.GracefulShutdown - Graceful shutdown complete
2026-02-12 23:36:44 INFO  [] o.a.coyote.http11.Http11NioProtocol - Stopping ProtocolHandler ["http-nio-0.0.0.0-8081"]
2026-02-12 23:36:44 INFO  [] o.s.o.j.LocalContainerEntityManagerFactoryBean - Closing JPA EntityManagerFactory for persistence unit 'default'
2026-02-12 23:36:44 WARN  [] o.s.b.f.s.DisposableBeanAdapter - Invocation of destroy method failed on bean with name 'inMemoryDatabaseShutdownExecutor': org.h2.jdbc.JdbcSQLNonTransientConnectionException: Database is already closed (to disable automatic closing at VM shutdown, add ";DB_CLOSE_ON_EXIT=FALSE" to the db URL) [90121-232]
2026-02-12 23:36:44 INFO  [] com.zaxxer.hikari.HikariDataSource - HikariPool-11 - Shutdown initiated...
2026-02-12 23:36:44 INFO  [] com.zaxxer.hikari.HikariDataSource - HikariPool-11 - Shutdown completed.
2026-02-12 23:36:44 INFO  [] c.s.snatchmart.SnatchMartApplication - Starting SnatchMartApplication using Java 21.0.9 with PID 83953 (/Users/pulkitgiddu/Documents/Code/Backend/snatchMart/target/classes started by pulkitgiddu in /Users/pulkitgiddu/Documents/Code/Backend/snatchMart)
2026-02-12 23:36:44 DEBUG [] c.s.snatchmart.SnatchMartApplication - Running with Spring Boot v3.5.6, Spring v6.2.11
2026-02-12 23:36:44 INFO  [] c.s.snatchmart.SnatchMartApplication - The following 1 profile is active: "local"
2026-02-12 23:36:44 INFO  [] o.s.d.r.c.RepositoryConfigurationDelegate - Multiple Spring Data modules found, entering strict repository configuration mode
2026-02-12 23:36:44 INFO  [] o.s.d.r.c.RepositoryConfigurationDelegate - Bootstrapping Spring Data JPA repositories in DEFAULT mode.
2026-02-12 23:36:44 INFO  [] o.s.d.r.c.RepositoryConfigurationDelegate - Finished Spring Data repository scanning in 9 ms. Found 12 JPA repository interfaces.
2026-02-12 23:36:44 INFO  [] o.s.b.w.e.tomcat.TomcatWebServer - Tomcat initialized with port 8081 (http)
2026-02-12 23:36:44 INFO  [] o.a.coyote.http11.Http11NioProtocol - Initializing ProtocolHandler ["http-nio-0.0.0.0-8081"]
2026-02-12 23:36:44 INFO  [] o.a.catalina.core.StandardService - Starting service [Tomcat]
2026-02-12 23:36:44 INFO  [] o.a.catalina.core.StandardEngine - Starting Servlet engine: [Apache Tomcat/10.1.46]
2026-02-12 23:36:44 INFO  [] o.a.c.c.C.[Tomcat].[localhost].[/] - Initializing Spring embedded WebApplicationContext
2026-02-12 23:36:44 INFO  [] o.s.b.w.s.c.ServletWebServerApplicationContext - Root WebApplicationContext: initialization completed in 123 ms
2026-02-12 23:36:44 INFO  [] o.h.jpa.internal.util.LogHelper - HHH000204: Processing PersistenceUnitInfo [name: default]
2026-02-12 23:36:44 INFO  [] o.h.c.i.RegionFactoryInitiator - HHH000026: Second-level cache disabled
2026-02-12 23:36:44 INFO  [] o.s.o.j.p.SpringPersistenceUnitInfo - No LoadTimeWeaver setup: ignoring JPA class transformer
2026-02-12 23:36:44 INFO  [] com.zaxxer.hikari.HikariDataSource - HikariPool-12 - Starting...
2026-02-12 23:36:44 INFO  [] com.zaxxer.hikari.pool.HikariPool - HikariPool-12 - Added connection conn110: url=jdbc:h2:mem:snatchmart user=SA
2026-02-12 23:36:44 INFO  [] com.zaxxer.hikari.HikariDataSource - HikariPool-12 - Start completed.
2026-02-12 23:36:44 WARN  [] org.hibernate.orm.deprecation - HHH90000025: H2Dialect does not need to be specified explicitly using 'hibernate.dialect' (remove the property setting and it will be selected by default)
2026-02-12 23:36:44 INFO  [] o.hibernate.orm.connections.pooling - HHH10001005: Database info:
	Database JDBC URL [Connecting through datasource 'HikariDataSource (HikariPool-12)']
	Database driver: undefined/unknown
	Database version: 2.3.232
	Autocommit mode: undefined/unknown
	Isolation level: undefined/unknown
	Minimum pool size: undefined/unknown
	Maximum pool size: undefined/unknown
2026-02-12 23:36:44 INFO  [] o.h.e.t.j.p.i.JtaPlatformInitiator - HHH000489: No JTA platform available (set 'hibernate.transaction.jta.platform' to enable JTA platform integration)
2026-02-12 23:36:44 INFO  [] o.s.o.j.LocalContainerEntityManagerFactoryBean - Initialized JPA EntityManagerFactory for persistence unit 'default'
2026-02-12 23:36:44 DEBUG [] c.s.s.s.JwtAuthenticationFilter - Filter 'jwtAuthenticationFilter' configured for use
2026-02-12 23:36:44 INFO  [] o.s.s.c.a.a.c.InitializeAuthenticationProviderBeanManagerConfigurer$InitializeAuthenticationProviderManagerConfigurer - Global AuthenticationManager configured with AuthenticationProvider bean with name authenticationProvider
2026-02-12 23:36:44 WARN  [] o.s.s.c.a.a.c.InitializeUserDetailsBeanManagerConfigurer$InitializeUserDetailsManagerConfigurer - Global AuthenticationManager configured with an AuthenticationProvider bean. UserDetailsService beans will not be used by Spring Security for automatically configuring username/password login. Consider removing the AuthenticationProvider bean. Alternatively, consider using the UserDetailsService in a manually instantiated DaoAuthenticationProvider. If the current configuration is intentional, to turn off this warning, increase the logging level of 'org.springframework.security.config.annotation.authentication.configuration.InitializeUserDetailsBeanManagerConfigurer' to ERROR
2026-02-12 23:36:44 WARN  [] o.s.b.a.o.j.JpaBaseConfiguration$JpaWebConfiguration - spring.jpa.open-in-view is enabled by default. Therefore, database queries may be performed during view rendering. Explicitly configure spring.jpa.open-in-view to disable this warning
2026-02-12 23:36:44 INFO  [] o.s.b.a.h.H2ConsoleAutoConfiguration - H2 console available at '/h2-console'. Database available at 'jdbc:h2:mem:snatchmart'
2026-02-12 23:36:44 INFO  [] o.s.b.d.a.OptionalLiveReloadServer - LiveReload server is running on port 35729
2026-02-12 23:36:44 INFO  [] o.a.coyote.http11.Http11NioProtocol - Starting ProtocolHandler ["http-nio-0.0.0.0-8081"]
2026-02-12 23:36:44 INFO  [] o.s.b.w.e.tomcat.TomcatWebServer - Tomcat started on port 8081 (http) with context path '/'
2026-02-12 23:36:44 INFO  [] c.s.s.scheduler.DealScheduler - Starting 30-min price sync job
2026-02-12 23:36:44 INFO  [] c.s.snatchmart.SnatchMartApplication - Started SnatchMartApplication in 0.459 seconds (process running for 400.627)
2026-02-12 23:36:44 INFO  [] c.s.s.s.s.AffiliateSyncServiceImpl - Synced 0 deals from amazon
2026-02-12 23:36:44 INFO  [] c.s.s.s.s.AffiliateSyncServiceImpl - Synced 0 deals from flipkart
2026-02-12 23:36:44 INFO  [] o.s.b.d.a.ConditionEvaluationDeltaLoggingListener - Condition evaluation unchanged
2026-02-12 23:36:51 INFO  [] o.s.b.d.a.LocalDevToolsAutoConfiguration$RestartingClassPathChangeChangedEventListener - Restarting due to 1 class path change (0 additions, 0 deletions, 1 modification)
2026-02-12 23:36:51 INFO  [] o.s.b.w.e.tomcat.GracefulShutdown - Commencing graceful shutdown. Waiting for active requests to complete
2026-02-12 23:36:51 INFO  [] o.a.coyote.http11.Http11NioProtocol - Pausing ProtocolHandler ["http-nio-0.0.0.0-8081"]
2026-02-12 23:36:51 INFO  [] o.s.b.w.e.tomcat.GracefulShutdown - Graceful shutdown complete
2026-02-12 23:36:51 INFO  [] o.a.coyote.http11.Http11NioProtocol - Stopping ProtocolHandler ["http-nio-0.0.0.0-8081"]
2026-02-12 23:36:51 INFO  [] o.s.o.j.LocalContainerEntityManagerFactoryBean - Closing JPA EntityManagerFactory for persistence unit 'default'
2026-02-12 23:36:51 WARN  [] o.s.b.f.s.DisposableBeanAdapter - Invocation of destroy method failed on bean with name 'inMemoryDatabaseShutdownExecutor': org.h2.jdbc.JdbcSQLNonTransientConnectionException: Database is already closed (to disable automatic closing at VM shutdown, add ";DB_CLOSE_ON_EXIT=FALSE" to the db URL) [90121-232]
2026-02-12 23:36:51 INFO  [] com.zaxxer.hikari.HikariDataSource - HikariPool-12 - Shutdown initiated...
2026-02-12 23:36:51 INFO  [] com.zaxxer.hikari.HikariDataSource - HikariPool-12 - Shutdown completed.
2026-02-12 23:36:51 INFO  [] c.s.snatchmart.SnatchMartApplication - Starting SnatchMartApplication using Java 21.0.9 with PID 83953 (/Users/pulkitgiddu/Documents/Code/Backend/snatchMart/target/classes started by pulkitgiddu in /Users/pulkitgiddu/Documents/Code/Backend/snatchMart)
2026-02-12 23:36:51 DEBUG [] c.s.snatchmart.SnatchMartApplication - Running with Spring Boot v3.5.6, Spring v6.2.11
2026-02-12 23:36:51 INFO  [] c.s.snatchmart.SnatchMartApplication - The following 1 profile is active: "local"
2026-02-12 23:36:51 INFO  [] o.s.d.r.c.RepositoryConfigurationDelegate - Multiple Spring Data modules found, entering strict repository configuration mode
2026-02-12 23:36:51 INFO  [] o.s.d.r.c.RepositoryConfigurationDelegate - Bootstrapping Spring Data JPA repositories in DEFAULT mode.
2026-02-12 23:36:51 INFO  [] o.s.d.r.c.RepositoryConfigurationDelegate - Finished Spring Data repository scanning in 8 ms. Found 12 JPA repository interfaces.
2026-02-12 23:36:51 INFO  [] o.s.b.w.e.tomcat.TomcatWebServer - Tomcat initialized with port 8081 (http)
2026-02-12 23:36:51 INFO  [] o.a.coyote.http11.Http11NioProtocol - Initializing ProtocolHandler ["http-nio-0.0.0.0-8081"]
2026-02-12 23:36:51 INFO  [] o.a.catalina.core.StandardService - Starting service [Tomcat]
2026-02-12 23:36:51 INFO  [] o.a.catalina.core.StandardEngine - Starting Servlet engine: [Apache Tomcat/10.1.46]
2026-02-12 23:36:51 INFO  [] o.a.c.c.C.[Tomcat].[localhost].[/] - Initializing Spring embedded WebApplicationContext
2026-02-12 23:36:51 INFO  [] o.s.b.w.s.c.ServletWebServerApplicationContext - Root WebApplicationContext: initialization completed in 129 ms
2026-02-12 23:36:51 INFO  [] o.h.jpa.internal.util.LogHelper - HHH000204: Processing PersistenceUnitInfo [name: default]
2026-02-12 23:36:51 INFO  [] o.h.c.i.RegionFactoryInitiator - HHH000026: Second-level cache disabled
2026-02-12 23:36:51 INFO  [] o.s.o.j.p.SpringPersistenceUnitInfo - No LoadTimeWeaver setup: ignoring JPA class transformer
2026-02-12 23:36:51 INFO  [] com.zaxxer.hikari.HikariDataSource - HikariPool-13 - Starting...
2026-02-12 23:36:51 INFO  [] com.zaxxer.hikari.pool.HikariPool - HikariPool-13 - Added connection conn120: url=jdbc:h2:mem:snatchmart user=SA
2026-02-12 23:36:51 INFO  [] com.zaxxer.hikari.HikariDataSource - HikariPool-13 - Start completed.
2026-02-12 23:36:51 WARN  [] org.hibernate.orm.deprecation - HHH90000025: H2Dialect does not need to be specified explicitly using 'hibernate.dialect' (remove the property setting and it will be selected by default)
2026-02-12 23:36:51 INFO  [] o.hibernate.orm.connections.pooling - HHH10001005: Database info:
	Database JDBC URL [Connecting through datasource 'HikariDataSource (HikariPool-13)']
	Database driver: undefined/unknown
	Database version: 2.3.232
	Autocommit mode: undefined/unknown
	Isolation level: undefined/unknown
	Minimum pool size: undefined/unknown
	Maximum pool size: undefined/unknown
2026-02-12 23:36:51 INFO  [] o.h.e.t.j.p.i.JtaPlatformInitiator - HHH000489: No JTA platform available (set 'hibernate.transaction.jta.platform' to enable JTA platform integration)
2026-02-12 23:36:51 INFO  [] o.s.o.j.LocalContainerEntityManagerFactoryBean - Initialized JPA EntityManagerFactory for persistence unit 'default'
2026-02-12 23:36:51 DEBUG [] c.s.s.s.JwtAuthenticationFilter - Filter 'jwtAuthenticationFilter' configured for use
2026-02-12 23:36:51 INFO  [] o.s.s.c.a.a.c.InitializeAuthenticationProviderBeanManagerConfigurer$InitializeAuthenticationProviderManagerConfigurer - Global AuthenticationManager configured with AuthenticationProvider bean with name authenticationProvider
2026-02-12 23:36:51 WARN  [] o.s.s.c.a.a.c.InitializeUserDetailsBeanManagerConfigurer$InitializeUserDetailsManagerConfigurer - Global AuthenticationManager configured with an AuthenticationProvider bean. UserDetailsService beans will not be used by Spring Security for automatically configuring username/password login. Consider removing the AuthenticationProvider bean. Alternatively, consider using the UserDetailsService in a manually instantiated DaoAuthenticationProvider. If the current configuration is intentional, to turn off this warning, increase the logging level of 'org.springframework.security.config.annotation.authentication.configuration.InitializeUserDetailsBeanManagerConfigurer' to ERROR
2026-02-12 23:36:51 WARN  [] o.s.b.a.o.j.JpaBaseConfiguration$JpaWebConfiguration - spring.jpa.open-in-view is enabled by default. Therefore, database queries may be performed during view rendering. Explicitly configure spring.jpa.open-in-view to disable this warning
2026-02-12 23:36:51 INFO  [] o.s.b.a.h.H2ConsoleAutoConfiguration - H2 console available at '/h2-console'. Database available at 'jdbc:h2:mem:snatchmart'
2026-02-12 23:36:51 INFO  [] o.s.b.d.a.OptionalLiveReloadServer - LiveReload server is running on port 35729
2026-02-12 23:36:51 INFO  [] o.a.coyote.http11.Http11NioProtocol - Starting ProtocolHandler ["http-nio-0.0.0.0-8081"]
2026-02-12 23:36:51 INFO  [] o.s.b.w.e.tomcat.TomcatWebServer - Tomcat started on port 8081 (http) with context path '/'
2026-02-12 23:36:51 INFO  [] c.s.s.scheduler.DealScheduler - Starting 30-min price sync job
2026-02-12 23:36:51 INFO  [] c.s.snatchmart.SnatchMartApplication - Started SnatchMartApplication in 0.457 seconds (process running for 407.569)
2026-02-12 23:36:51 INFO  [] c.s.s.s.s.AffiliateSyncServiceImpl - Synced 0 deals from amazon
2026-02-12 23:36:51 INFO  [] c.s.s.s.s.AffiliateSyncServiceImpl - Synced 0 deals from flipkart
2026-02-12 23:36:51 INFO  [] o.s.b.d.a.ConditionEvaluationDeltaLoggingListener - Condition evaluation unchanged
2026-02-12 23:36:53 INFO  [] o.s.b.d.a.LocalDevToolsAutoConfiguration$RestartingClassPathChangeChangedEventListener - Restarting due to 1 class path change (0 additions, 0 deletions, 1 modification)
2026-02-12 23:36:53 INFO  [] o.s.b.w.e.tomcat.GracefulShutdown - Commencing graceful shutdown. Waiting for active requests to complete
2026-02-12 23:36:53 INFO  [] o.a.coyote.http11.Http11NioProtocol - Pausing ProtocolHandler ["http-nio-0.0.0.0-8081"]
2026-02-12 23:36:53 INFO  [] o.s.b.w.e.tomcat.GracefulShutdown - Graceful shutdown complete
2026-02-12 23:36:53 INFO  [] o.a.coyote.http11.Http11NioProtocol - Stopping ProtocolHandler ["http-nio-0.0.0.0-8081"]
2026-02-12 23:36:53 INFO  [] o.s.o.j.LocalContainerEntityManagerFactoryBean - Closing JPA EntityManagerFactory for persistence unit 'default'
2026-02-12 23:36:53 WARN  [] o.s.b.f.s.DisposableBeanAdapter - Invocation of destroy method failed on bean with name 'inMemoryDatabaseShutdownExecutor': org.h2.jdbc.JdbcSQLNonTransientConnectionException: Database is already closed (to disable automatic closing at VM shutdown, add ";DB_CLOSE_ON_EXIT=FALSE" to the db URL) [90121-232]
2026-02-12 23:36:53 INFO  [] com.zaxxer.hikari.HikariDataSource - HikariPool-13 - Shutdown initiated...
2026-02-12 23:36:53 INFO  [] com.zaxxer.hikari.HikariDataSource - HikariPool-13 - Shutdown completed.
2026-02-12 23:36:53 INFO  [] c.s.snatchmart.SnatchMartApplication - Starting SnatchMartApplication using Java 21.0.9 with PID 83953 (/Users/pulkitgiddu/Documents/Code/Backend/snatchMart/target/classes started by pulkitgiddu in /Users/pulkitgiddu/Documents/Code/Backend/snatchMart)
2026-02-12 23:36:53 DEBUG [] c.s.snatchmart.SnatchMartApplication - Running with Spring Boot v3.5.6, Spring v6.2.11
2026-02-12 23:36:53 INFO  [] c.s.snatchmart.SnatchMartApplication - The following 1 profile is active: "local"
2026-02-12 23:36:53 INFO  [] o.s.d.r.c.RepositoryConfigurationDelegate - Multiple Spring Data modules found, entering strict repository configuration mode
2026-02-12 23:36:53 INFO  [] o.s.d.r.c.RepositoryConfigurationDelegate - Bootstrapping Spring Data JPA repositories in DEFAULT mode.
2026-02-12 23:36:53 INFO  [] o.s.d.r.c.RepositoryConfigurationDelegate - Finished Spring Data repository scanning in 9 ms. Found 12 JPA repository interfaces.
2026-02-12 23:36:53 INFO  [] o.s.b.w.e.tomcat.TomcatWebServer - Tomcat initialized with port 8081 (http)
2026-02-12 23:36:53 INFO  [] o.a.coyote.http11.Http11NioProtocol - Initializing ProtocolHandler ["http-nio-0.0.0.0-8081"]
2026-02-12 23:36:53 INFO  [] o.a.catalina.core.StandardService - Starting service [Tomcat]
2026-02-12 23:36:53 INFO  [] o.a.catalina.core.StandardEngine - Starting Servlet engine: [Apache Tomcat/10.1.46]
2026-02-12 23:36:53 INFO  [] o.a.c.c.C.[Tomcat].[localhost].[/] - Initializing Spring embedded WebApplicationContext
2026-02-12 23:36:53 INFO  [] o.s.b.w.s.c.ServletWebServerApplicationContext - Root WebApplicationContext: initialization completed in 115 ms
2026-02-12 23:36:53 INFO  [] o.h.jpa.internal.util.LogHelper - HHH000204: Processing PersistenceUnitInfo [name: default]
2026-02-12 23:36:53 INFO  [] o.h.c.i.RegionFactoryInitiator - HHH000026: Second-level cache disabled
2026-02-12 23:36:53 INFO  [] o.s.o.j.p.SpringPersistenceUnitInfo - No LoadTimeWeaver setup: ignoring JPA class transformer
2026-02-12 23:36:53 INFO  [] com.zaxxer.hikari.HikariDataSource - HikariPool-14 - Starting...
2026-02-12 23:36:53 INFO  [] com.zaxxer.hikari.pool.HikariPool - HikariPool-14 - Added connection conn130: url=jdbc:h2:mem:snatchmart user=SA
2026-02-12 23:36:53 INFO  [] com.zaxxer.hikari.HikariDataSource - HikariPool-14 - Start completed.
2026-02-12 23:36:53 WARN  [] org.hibernate.orm.deprecation - HHH90000025: H2Dialect does not need to be specified explicitly using 'hibernate.dialect' (remove the property setting and it will be selected by default)
2026-02-12 23:36:53 INFO  [] o.hibernate.orm.connections.pooling - HHH10001005: Database info:
	Database JDBC URL [Connecting through datasource 'HikariDataSource (HikariPool-14)']
	Database driver: undefined/unknown
	Database version: 2.3.232
	Autocommit mode: undefined/unknown
	Isolation level: undefined/unknown
	Minimum pool size: undefined/unknown
	Maximum pool size: undefined/unknown
2026-02-12 23:36:53 INFO  [] o.h.e.t.j.p.i.JtaPlatformInitiator - HHH000489: No JTA platform available (set 'hibernate.transaction.jta.platform' to enable JTA platform integration)
2026-02-12 23:36:53 INFO  [] o.s.o.j.LocalContainerEntityManagerFactoryBean - Initialized JPA EntityManagerFactory for persistence unit 'default'
2026-02-12 23:36:53 DEBUG [] c.s.s.s.JwtAuthenticationFilter - Filter 'jwtAuthenticationFilter' configured for use
2026-02-12 23:36:53 INFO  [] o.s.s.c.a.a.c.InitializeAuthenticationProviderBeanManagerConfigurer$InitializeAuthenticationProviderManagerConfigurer - Global AuthenticationManager configured with AuthenticationProvider bean with name authenticationProvider
2026-02-12 23:36:53 WARN  [] o.s.s.c.a.a.c.InitializeUserDetailsBeanManagerConfigurer$InitializeUserDetailsManagerConfigurer - Global AuthenticationManager configured with an AuthenticationProvider bean. UserDetailsService beans will not be used by Spring Security for automatically configuring username/password login. Consider removing the AuthenticationProvider bean. Alternatively, consider using the UserDetailsService in a manually instantiated DaoAuthenticationProvider. If the current configuration is intentional, to turn off this warning, increase the logging level of 'org.springframework.security.config.annotation.authentication.configuration.InitializeUserDetailsBeanManagerConfigurer' to ERROR
2026-02-12 23:36:53 WARN  [] o.s.b.a.o.j.JpaBaseConfiguration$JpaWebConfiguration - spring.jpa.open-in-view is enabled by default. Therefore, database queries may be performed during view rendering. Explicitly configure spring.jpa.open-in-view to disable this warning
2026-02-12 23:36:53 INFO  [] o.s.b.a.h.H2ConsoleAutoConfiguration - H2 console available at '/h2-console'. Database available at 'jdbc:h2:mem:snatchmart'
2026-02-12 23:36:53 INFO  [] o.s.b.d.a.OptionalLiveReloadServer - LiveReload server is running on port 35729
2026-02-12 23:36:53 INFO  [] o.a.coyote.http11.Http11NioProtocol - Starting ProtocolHandler ["http-nio-0.0.0.0-8081"]
2026-02-12 23:36:53 INFO  [] o.s.b.w.e.tomcat.TomcatWebServer - Tomcat started on port 8081 (http) with context path '/'
2026-02-12 23:36:53 INFO  [] c.s.s.scheduler.DealScheduler - Starting 30-min price sync job
2026-02-12 23:36:53 INFO  [] c.s.snatchmart.SnatchMartApplication - Started SnatchMartApplication in 0.439 seconds (process running for 409.444)
2026-02-12 23:36:53 INFO  [] c.s.s.s.s.AffiliateSyncServiceImpl - Synced 0 deals from amazon
2026-02-12 23:36:53 INFO  [] c.s.s.s.s.AffiliateSyncServiceImpl - Synced 0 deals from flipkart
2026-02-12 23:36:53 INFO  [] o.s.b.d.a.ConditionEvaluationDeltaLoggingListener - Condition evaluation unchanged
2026-02-12 23:36:55 INFO  [] o.s.b.d.a.LocalDevToolsAutoConfiguration$RestartingClassPathChangeChangedEventListener - Restarting due to 1 class path change (0 additions, 0 deletions, 1 modification)
2026-02-12 23:36:55 INFO  [] o.s.b.w.e.tomcat.GracefulShutdown - Commencing graceful shutdown. Waiting for active requests to complete
2026-02-12 23:36:55 INFO  [] o.a.coyote.http11.Http11NioProtocol - Pausing ProtocolHandler ["http-nio-0.0.0.0-8081"]
2026-02-12 23:36:55 INFO  [] o.s.b.w.e.tomcat.GracefulShutdown - Graceful shutdown complete
2026-02-12 23:36:55 INFO  [] o.a.coyote.http11.Http11NioProtocol - Stopping ProtocolHandler ["http-nio-0.0.0.0-8081"]
2026-02-12 23:36:55 INFO  [] o.s.o.j.LocalContainerEntityManagerFactoryBean - Closing JPA EntityManagerFactory for persistence unit 'default'
2026-02-12 23:36:55 WARN  [] o.s.b.f.s.DisposableBeanAdapter - Invocation of destroy method failed on bean with name 'inMemoryDatabaseShutdownExecutor': org.h2.jdbc.JdbcSQLNonTransientConnectionException: Database is already closed (to disable automatic closing at VM shutdown, add ";DB_CLOSE_ON_EXIT=FALSE" to the db URL) [90121-232]
2026-02-12 23:36:55 INFO  [] com.zaxxer.hikari.HikariDataSource - HikariPool-14 - Shutdown initiated...
2026-02-12 23:36:55 INFO  [] com.zaxxer.hikari.HikariDataSource - HikariPool-14 - Shutdown completed.
2026-02-12 23:36:55 INFO  [] c.s.snatchmart.SnatchMartApplication - Starting SnatchMartApplication using Java 21.0.9 with PID 83953 (/Users/pulkitgiddu/Documents/Code/Backend/snatchMart/target/classes started by pulkitgiddu in /Users/pulkitgiddu/Documents/Code/Backend/snatchMart)
2026-02-12 23:36:55 DEBUG [] c.s.snatchmart.SnatchMartApplication - Running with Spring Boot v3.5.6, Spring v6.2.11
2026-02-12 23:36:55 INFO  [] c.s.snatchmart.SnatchMartApplication - The following 1 profile is active: "local"
2026-02-12 23:36:55 INFO  [] o.s.d.r.c.RepositoryConfigurationDelegate - Multiple Spring Data modules found, entering strict repository configuration mode
2026-02-12 23:36:55 INFO  [] o.s.d.r.c.RepositoryConfigurationDelegate - Bootstrapping Spring Data JPA repositories in DEFAULT mode.
2026-02-12 23:36:55 INFO  [] o.s.d.r.c.RepositoryConfigurationDelegate - Finished Spring Data repository scanning in 11 ms. Found 12 JPA repository interfaces.
2026-02-12 23:36:55 INFO  [] o.s.b.w.e.tomcat.TomcatWebServer - Tomcat initialized with port 8081 (http)
2026-02-12 23:36:55 INFO  [] o.a.coyote.http11.Http11NioProtocol - Initializing ProtocolHandler ["http-nio-0.0.0.0-8081"]
2026-02-12 23:36:55 INFO  [] o.a.catalina.core.StandardService - Starting service [Tomcat]
2026-02-12 23:36:55 INFO  [] o.a.catalina.core.StandardEngine - Starting Servlet engine: [Apache Tomcat/10.1.46]
2026-02-12 23:36:55 INFO  [] o.a.c.c.C.[Tomcat].[localhost].[/] - Initializing Spring embedded WebApplicationContext
2026-02-12 23:36:55 INFO  [] o.s.b.w.s.c.ServletWebServerApplicationContext - Root WebApplicationContext: initialization completed in 121 ms
2026-02-12 23:36:55 INFO  [] o.h.jpa.internal.util.LogHelper - HHH000204: Processing PersistenceUnitInfo [name: default]
2026-02-12 23:36:55 INFO  [] o.h.c.i.RegionFactoryInitiator - HHH000026: Second-level cache disabled
2026-02-12 23:36:55 INFO  [] o.s.o.j.p.SpringPersistenceUnitInfo - No LoadTimeWeaver setup: ignoring JPA class transformer
2026-02-12 23:36:55 INFO  [] com.zaxxer.hikari.HikariDataSource - HikariPool-15 - Starting...
2026-02-12 23:36:55 INFO  [] com.zaxxer.hikari.pool.HikariPool - HikariPool-15 - Added connection conn140: url=jdbc:h2:mem:snatchmart user=SA
2026-02-12 23:36:55 INFO  [] com.zaxxer.hikari.HikariDataSource - HikariPool-15 - Start completed.
2026-02-12 23:36:55 WARN  [] org.hibernate.orm.deprecation - HHH90000025: H2Dialect does not need to be specified explicitly using 'hibernate.dialect' (remove the property setting and it will be selected by default)
2026-02-12 23:36:55 INFO  [] o.hibernate.orm.connections.pooling - HHH10001005: Database info:
	Database JDBC URL [Connecting through datasource 'HikariDataSource (HikariPool-15)']
	Database driver: undefined/unknown
	Database version: 2.3.232
	Autocommit mode: undefined/unknown
	Isolation level: undefined/unknown
	Minimum pool size: undefined/unknown
	Maximum pool size: undefined/unknown
2026-02-12 23:36:55 INFO  [] o.h.e.t.j.p.i.JtaPlatformInitiator - HHH000489: No JTA platform available (set 'hibernate.transaction.jta.platform' to enable JTA platform integration)
2026-02-12 23:36:55 INFO  [] o.s.o.j.LocalContainerEntityManagerFactoryBean - Initialized JPA EntityManagerFactory for persistence unit 'default'
2026-02-12 23:36:55 DEBUG [] c.s.s.s.JwtAuthenticationFilter - Filter 'jwtAuthenticationFilter' configured for use
2026-02-12 23:36:55 INFO  [] o.s.s.c.a.a.c.InitializeAuthenticationProviderBeanManagerConfigurer$InitializeAuthenticationProviderManagerConfigurer - Global AuthenticationManager configured with AuthenticationProvider bean with name authenticationProvider
2026-02-12 23:36:55 WARN  [] o.s.s.c.a.a.c.InitializeUserDetailsBeanManagerConfigurer$InitializeUserDetailsManagerConfigurer - Global AuthenticationManager configured with an AuthenticationProvider bean. UserDetailsService beans will not be used by Spring Security for automatically configuring username/password login. Consider removing the AuthenticationProvider bean. Alternatively, consider using the UserDetailsService in a manually instantiated DaoAuthenticationProvider. If the current configuration is intentional, to turn off this warning, increase the logging level of 'org.springframework.security.config.annotation.authentication.configuration.InitializeUserDetailsBeanManagerConfigurer' to ERROR
2026-02-12 23:36:55 WARN  [] o.s.b.a.o.j.JpaBaseConfiguration$JpaWebConfiguration - spring.jpa.open-in-view is enabled by default. Therefore, database queries may be performed during view rendering. Explicitly configure spring.jpa.open-in-view to disable this warning
2026-02-12 23:36:55 INFO  [] o.s.b.a.h.H2ConsoleAutoConfiguration - H2 console available at '/h2-console'. Database available at 'jdbc:h2:mem:snatchmart'
2026-02-12 23:36:55 INFO  [] o.s.b.d.a.OptionalLiveReloadServer - LiveReload server is running on port 35729
2026-02-12 23:36:55 INFO  [] o.a.coyote.http11.Http11NioProtocol - Starting ProtocolHandler ["http-nio-0.0.0.0-8081"]
2026-02-12 23:36:55 INFO  [] o.s.b.w.e.tomcat.TomcatWebServer - Tomcat started on port 8081 (http) with context path '/'
2026-02-12 23:36:55 INFO  [] c.s.s.scheduler.DealScheduler - Starting 30-min price sync job
2026-02-12 23:36:55 INFO  [] c.s.snatchmart.SnatchMartApplication - Started SnatchMartApplication in 0.439 seconds (process running for 411.339)
2026-02-12 23:36:55 INFO  [] c.s.s.s.s.AffiliateSyncServiceImpl - Synced 0 deals from amazon
2026-02-12 23:36:55 INFO  [] c.s.s.s.s.AffiliateSyncServiceImpl - Synced 0 deals from flipkart
2026-02-12 23:36:55 INFO  [] o.s.b.d.a.ConditionEvaluationDeltaLoggingListener - Condition evaluation unchanged
2026-02-12 23:36:58 INFO  [] o.s.b.d.a.LocalDevToolsAutoConfiguration$RestartingClassPathChangeChangedEventListener - Restarting due to 1 class path change (0 additions, 0 deletions, 1 modification)
2026-02-12 23:36:58 INFO  [] o.s.b.w.e.tomcat.GracefulShutdown - Commencing graceful shutdown. Waiting for active requests to complete
2026-02-12 23:36:58 INFO  [] o.a.coyote.http11.Http11NioProtocol - Pausing ProtocolHandler ["http-nio-0.0.0.0-8081"]
2026-02-12 23:36:58 INFO  [] o.s.b.w.e.tomcat.GracefulShutdown - Graceful shutdown complete
2026-02-12 23:36:58 INFO  [] o.a.coyote.http11.Http11NioProtocol - Stopping ProtocolHandler ["http-nio-0.0.0.0-8081"]
2026-02-12 23:36:58 INFO  [] o.s.o.j.LocalContainerEntityManagerFactoryBean - Closing JPA EntityManagerFactory for persistence unit 'default'
2026-02-12 23:36:58 WARN  [] o.s.b.f.s.DisposableBeanAdapter - Invocation of destroy method failed on bean with name 'inMemoryDatabaseShutdownExecutor': org.h2.jdbc.JdbcSQLNonTransientConnectionException: Database is already closed (to disable automatic closing at VM shutdown, add ";DB_CLOSE_ON_EXIT=FALSE" to the db URL) [90121-232]
2026-02-12 23:36:58 INFO  [] com.zaxxer.hikari.HikariDataSource - HikariPool-15 - Shutdown initiated...
2026-02-12 23:36:58 INFO  [] com.zaxxer.hikari.HikariDataSource - HikariPool-15 - Shutdown completed.
2026-02-12 23:36:58 INFO  [] c.s.snatchmart.SnatchMartApplication - Starting SnatchMartApplication using Java 21.0.9 with PID 83953 (/Users/pulkitgiddu/Documents/Code/Backend/snatchMart/target/classes started by pulkitgiddu in /Users/pulkitgiddu/Documents/Code/Backend/snatchMart)
2026-02-12 23:36:58 DEBUG [] c.s.snatchmart.SnatchMartApplication - Running with Spring Boot v3.5.6, Spring v6.2.11
2026-02-12 23:36:58 INFO  [] c.s.snatchmart.SnatchMartApplication - The following 1 profile is active: "local"
2026-02-12 23:36:58 INFO  [] o.s.d.r.c.RepositoryConfigurationDelegate - Multiple Spring Data modules found, entering strict repository configuration mode
2026-02-12 23:36:58 INFO  [] o.s.d.r.c.RepositoryConfigurationDelegate - Bootstrapping Spring Data JPA repositories in DEFAULT mode.
2026-02-12 23:36:58 INFO  [] o.s.d.r.c.RepositoryConfigurationDelegate - Finished Spring Data repository scanning in 10 ms. Found 12 JPA repository interfaces.
2026-02-12 23:36:58 INFO  [] o.s.b.w.e.tomcat.TomcatWebServer - Tomcat initialized with port 8081 (http)
2026-02-12 23:36:58 INFO  [] o.a.coyote.http11.Http11NioProtocol - Initializing ProtocolHandler ["http-nio-0.0.0.0-8081"]
2026-02-12 23:36:58 INFO  [] o.a.catalina.core.StandardService - Starting service [Tomcat]
2026-02-12 23:36:58 INFO  [] o.a.catalina.core.StandardEngine - Starting Servlet engine: [Apache Tomcat/10.1.46]
2026-02-12 23:36:58 INFO  [] o.a.c.c.C.[Tomcat].[localhost].[/] - Initializing Spring embedded WebApplicationContext
2026-02-12 23:36:58 INFO  [] o.s.b.w.s.c.ServletWebServerApplicationContext - Root WebApplicationContext: initialization completed in 136 ms
2026-02-12 23:36:58 INFO  [] o.h.jpa.internal.util.LogHelper - HHH000204: Processing PersistenceUnitInfo [name: default]
2026-02-12 23:36:58 INFO  [] o.h.c.i.RegionFactoryInitiator - HHH000026: Second-level cache disabled
2026-02-12 23:36:58 INFO  [] o.s.o.j.p.SpringPersistenceUnitInfo - No LoadTimeWeaver setup: ignoring JPA class transformer
2026-02-12 23:36:58 INFO  [] com.zaxxer.hikari.HikariDataSource - HikariPool-16 - Starting...
2026-02-12 23:36:58 INFO  [] com.zaxxer.hikari.pool.HikariPool - HikariPool-16 - Added connection conn150: url=jdbc:h2:mem:snatchmart user=SA
2026-02-12 23:36:58 INFO  [] com.zaxxer.hikari.HikariDataSource - HikariPool-16 - Start completed.
2026-02-12 23:36:58 WARN  [] org.hibernate.orm.deprecation - HHH90000025: H2Dialect does not need to be specified explicitly using 'hibernate.dialect' (remove the property setting and it will be selected by default)
2026-02-12 23:36:58 INFO  [] o.hibernate.orm.connections.pooling - HHH10001005: Database info:
	Database JDBC URL [Connecting through datasource 'HikariDataSource (HikariPool-16)']
	Database driver: undefined/unknown
	Database version: 2.3.232
	Autocommit mode: undefined/unknown
	Isolation level: undefined/unknown
	Minimum pool size: undefined/unknown
	Maximum pool size: undefined/unknown
2026-02-12 23:36:58 INFO  [] o.h.e.t.j.p.i.JtaPlatformInitiator - HHH000489: No JTA platform available (set 'hibernate.transaction.jta.platform' to enable JTA platform integration)
2026-02-12 23:36:58 INFO  [] o.s.o.j.LocalContainerEntityManagerFactoryBean - Initialized JPA EntityManagerFactory for persistence unit 'default'
2026-02-12 23:36:58 DEBUG [] c.s.s.s.JwtAuthenticationFilter - Filter 'jwtAuthenticationFilter' configured for use
2026-02-12 23:36:58 INFO  [] o.s.s.c.a.a.c.InitializeAuthenticationProviderBeanManagerConfigurer$InitializeAuthenticationProviderManagerConfigurer - Global AuthenticationManager configured with AuthenticationProvider bean with name authenticationProvider
2026-02-12 23:36:58 WARN  [] o.s.s.c.a.a.c.InitializeUserDetailsBeanManagerConfigurer$InitializeUserDetailsManagerConfigurer - Global AuthenticationManager configured with an AuthenticationProvider bean. UserDetailsService beans will not be used by Spring Security for automatically configuring username/password login. Consider removing the AuthenticationProvider bean. Alternatively, consider using the UserDetailsService in a manually instantiated DaoAuthenticationProvider. If the current configuration is intentional, to turn off this warning, increase the logging level of 'org.springframework.security.config.annotation.authentication.configuration.InitializeUserDetailsBeanManagerConfigurer' to ERROR
2026-02-12 23:36:58 WARN  [] o.s.b.a.o.j.JpaBaseConfiguration$JpaWebConfiguration - spring.jpa.open-in-view is enabled by default. Therefore, database queries may be performed during view rendering. Explicitly configure spring.jpa.open-in-view to disable this warning
2026-02-12 23:36:58 INFO  [] o.s.b.a.h.H2ConsoleAutoConfiguration - H2 console available at '/h2-console'. Database available at 'jdbc:h2:mem:snatchmart'
2026-02-12 23:36:58 INFO  [] o.s.b.d.a.OptionalLiveReloadServer - LiveReload server is running on port 35729
2026-02-12 23:36:58 INFO  [] o.a.coyote.http11.Http11NioProtocol - Starting ProtocolHandler ["http-nio-0.0.0.0-8081"]
2026-02-12 23:36:58 INFO  [] o.s.b.w.e.tomcat.TomcatWebServer - Tomcat started on port 8081 (http) with context path '/'
2026-02-12 23:36:58 INFO  [] c.s.s.scheduler.DealScheduler - Starting 30-min price sync job
2026-02-12 23:36:58 INFO  [] c.s.snatchmart.SnatchMartApplication - Started SnatchMartApplication in 0.497 seconds (process running for 414.289)
2026-02-12 23:36:58 INFO  [] c.s.s.s.s.AffiliateSyncServiceImpl - Synced 0 deals from amazon
2026-02-12 23:36:58 INFO  [] c.s.s.s.s.AffiliateSyncServiceImpl - Synced 0 deals from flipkart
2026-02-12 23:36:58 INFO  [] o.s.b.d.a.ConditionEvaluationDeltaLoggingListener - Condition evaluation unchanged
2026-02-12 23:36:59 INFO  [] o.s.b.d.a.LocalDevToolsAutoConfiguration$RestartingClassPathChangeChangedEventListener - Restarting due to 1 class path change (0 additions, 0 deletions, 1 modification)
2026-02-12 23:36:59 INFO  [] o.s.b.w.e.tomcat.GracefulShutdown - Commencing graceful shutdown. Waiting for active requests to complete
2026-02-12 23:36:59 INFO  [] o.a.coyote.http11.Http11NioProtocol - Pausing ProtocolHandler ["http-nio-0.0.0.0-8081"]
2026-02-12 23:36:59 INFO  [] o.s.b.w.e.tomcat.GracefulShutdown - Graceful shutdown complete
2026-02-12 23:36:59 INFO  [] o.a.coyote.http11.Http11NioProtocol - Stopping ProtocolHandler ["http-nio-0.0.0.0-8081"]
2026-02-12 23:36:59 INFO  [] o.s.o.j.LocalContainerEntityManagerFactoryBean - Closing JPA EntityManagerFactory for persistence unit 'default'
2026-02-12 23:36:59 WARN  [] o.s.b.f.s.DisposableBeanAdapter - Invocation of destroy method failed on bean with name 'inMemoryDatabaseShutdownExecutor': org.h2.jdbc.JdbcSQLNonTransientConnectionException: Database is already closed (to disable automatic closing at VM shutdown, add ";DB_CLOSE_ON_EXIT=FALSE" to the db URL) [90121-232]
2026-02-12 23:36:59 INFO  [] com.zaxxer.hikari.HikariDataSource - HikariPool-16 - Shutdown initiated...
2026-02-12 23:36:59 INFO  [] com.zaxxer.hikari.HikariDataSource - HikariPool-16 - Shutdown completed.
2026-02-12 23:37:00 INFO  [] c.s.snatchmart.SnatchMartApplication - Starting SnatchMartApplication using Java 21.0.9 with PID 83953 (/Users/pulkitgiddu/Documents/Code/Backend/snatchMart/target/classes started by pulkitgiddu in /Users/pulkitgiddu/Documents/Code/Backend/snatchMart)
2026-02-12 23:37:00 DEBUG [] c.s.snatchmart.SnatchMartApplication - Running with Spring Boot v3.5.6, Spring v6.2.11
2026-02-12 23:37:00 INFO  [] c.s.snatchmart.SnatchMartApplication - The following 1 profile is active: "local"
2026-02-12 23:37:00 INFO  [] o.s.d.r.c.RepositoryConfigurationDelegate - Multiple Spring Data modules found, entering strict repository configuration mode
2026-02-12 23:37:00 INFO  [] o.s.d.r.c.RepositoryConfigurationDelegate - Bootstrapping Spring Data JPA repositories in DEFAULT mode.
2026-02-12 23:37:00 INFO  [] o.s.d.r.c.RepositoryConfigurationDelegate - Finished Spring Data repository scanning in 8 ms. Found 12 JPA repository interfaces.
2026-02-12 23:37:00 INFO  [] o.s.b.w.e.tomcat.TomcatWebServer - Tomcat initialized with port 8081 (http)
2026-02-12 23:37:00 INFO  [] o.a.coyote.http11.Http11NioProtocol - Initializing ProtocolHandler ["http-nio-0.0.0.0-8081"]
2026-02-12 23:37:00 INFO  [] o.a.catalina.core.StandardService - Starting service [Tomcat]
2026-02-12 23:37:00 INFO  [] o.a.catalina.core.StandardEngine - Starting Servlet engine: [Apache Tomcat/10.1.46]
2026-02-12 23:37:00 INFO  [] o.a.c.c.C.[Tomcat].[localhost].[/] - Initializing Spring embedded WebApplicationContext
2026-02-12 23:37:00 INFO  [] o.s.b.w.s.c.ServletWebServerApplicationContext - Root WebApplicationContext: initialization completed in 113 ms
2026-02-12 23:37:00 INFO  [] o.h.jpa.internal.util.LogHelper - HHH000204: Processing PersistenceUnitInfo [name: default]
2026-02-12 23:37:00 INFO  [] o.h.c.i.RegionFactoryInitiator - HHH000026: Second-level cache disabled
2026-02-12 23:37:00 INFO  [] o.s.o.j.p.SpringPersistenceUnitInfo - No LoadTimeWeaver setup: ignoring JPA class transformer
2026-02-12 23:37:00 INFO  [] com.zaxxer.hikari.HikariDataSource - HikariPool-17 - Starting...
2026-02-12 23:37:00 INFO  [] com.zaxxer.hikari.pool.HikariPool - HikariPool-17 - Added connection conn160: url=jdbc:h2:mem:snatchmart user=SA
2026-02-12 23:37:00 INFO  [] com.zaxxer.hikari.HikariDataSource - HikariPool-17 - Start completed.
2026-02-12 23:37:00 WARN  [] org.hibernate.orm.deprecation - HHH90000025: H2Dialect does not need to be specified explicitly using 'hibernate.dialect' (remove the property setting and it will be selected by default)
2026-02-12 23:37:00 INFO  [] o.hibernate.orm.connections.pooling - HHH10001005: Database info:
	Database JDBC URL [Connecting through datasource 'HikariDataSource (HikariPool-17)']
	Database driver: undefined/unknown
	Database version: 2.3.232
	Autocommit mode: undefined/unknown
	Isolation level: undefined/unknown
	Minimum pool size: undefined/unknown
	Maximum pool size: undefined/unknown
2026-02-12 23:37:00 INFO  [] o.h.e.t.j.p.i.JtaPlatformInitiator - HHH000489: No JTA platform available (set 'hibernate.transaction.jta.platform' to enable JTA platform integration)
2026-02-12 23:37:00 INFO  [] o.s.o.j.LocalContainerEntityManagerFactoryBean - Initialized JPA EntityManagerFactory for persistence unit 'default'
2026-02-12 23:37:00 DEBUG [] c.s.s.s.JwtAuthenticationFilter - Filter 'jwtAuthenticationFilter' configured for use
2026-02-12 23:37:00 INFO  [] o.s.s.c.a.a.c.InitializeAuthenticationProviderBeanManagerConfigurer$InitializeAuthenticationProviderManagerConfigurer - Global AuthenticationManager configured with AuthenticationProvider bean with name authenticationProvider
2026-02-12 23:37:00 WARN  [] o.s.s.c.a.a.c.InitializeUserDetailsBeanManagerConfigurer$InitializeUserDetailsManagerConfigurer - Global AuthenticationManager configured with an AuthenticationProvider bean. UserDetailsService beans will not be used by Spring Security for automatically configuring username/password login. Consider removing the AuthenticationProvider bean. Alternatively, consider using the UserDetailsService in a manually instantiated DaoAuthenticationProvider. If the current configuration is intentional, to turn off this warning, increase the logging level of 'org.springframework.security.config.annotation.authentication.configuration.InitializeUserDetailsBeanManagerConfigurer' to ERROR
2026-02-12 23:37:00 WARN  [] o.s.b.a.o.j.JpaBaseConfiguration$JpaWebConfiguration - spring.jpa.open-in-view is enabled by default. Therefore, database queries may be performed during view rendering. Explicitly configure spring.jpa.open-in-view to disable this warning
2026-02-12 23:37:00 INFO  [] o.s.b.a.h.H2ConsoleAutoConfiguration - H2 console available at '/h2-console'. Database available at 'jdbc:h2:mem:snatchmart'
2026-02-12 23:37:00 INFO  [] o.s.b.d.a.OptionalLiveReloadServer - LiveReload server is running on port 35729
2026-02-12 23:37:00 INFO  [] o.a.coyote.http11.Http11NioProtocol - Starting ProtocolHandler ["http-nio-0.0.0.0-8081"]
2026-02-12 23:37:00 INFO  [] o.s.b.w.e.tomcat.TomcatWebServer - Tomcat started on port 8081 (http) with context path '/'
2026-02-12 23:37:00 INFO  [] c.s.s.scheduler.DealScheduler - Starting 30-min price sync job
2026-02-12 23:37:00 INFO  [] c.s.snatchmart.SnatchMartApplication - Started SnatchMartApplication in 0.43 seconds (process running for 416.153)
2026-02-12 23:37:00 INFO  [] c.s.s.s.s.AffiliateSyncServiceImpl - Synced 0 deals from amazon
2026-02-12 23:37:00 INFO  [] c.s.s.s.s.AffiliateSyncServiceImpl - Synced 0 deals from flipkart
2026-02-12 23:37:00 INFO  [] o.s.b.d.a.ConditionEvaluationDeltaLoggingListener - Condition evaluation unchanged
2026-02-12 23:37:01 INFO  [] o.s.b.d.a.LocalDevToolsAutoConfiguration$RestartingClassPathChangeChangedEventListener - Restarting due to 1 class path change (0 additions, 0 deletions, 1 modification)
2026-02-12 23:37:01 INFO  [] o.s.b.w.e.tomcat.GracefulShutdown - Commencing graceful shutdown. Waiting for active requests to complete
2026-02-12 23:37:01 INFO  [] o.a.coyote.http11.Http11NioProtocol - Pausing ProtocolHandler ["http-nio-0.0.0.0-8081"]
2026-02-12 23:37:01 INFO  [] o.s.b.w.e.tomcat.GracefulShutdown - Graceful shutdown complete
2026-02-12 23:37:01 INFO  [] o.a.coyote.http11.Http11NioProtocol - Stopping ProtocolHandler ["http-nio-0.0.0.0-8081"]
2026-02-12 23:37:01 INFO  [] o.s.o.j.LocalContainerEntityManagerFactoryBean - Closing JPA EntityManagerFactory for persistence unit 'default'
2026-02-12 23:37:01 WARN  [] o.s.b.f.s.DisposableBeanAdapter - Invocation of destroy method failed on bean with name 'inMemoryDatabaseShutdownExecutor': org.h2.jdbc.JdbcSQLNonTransientConnectionException: Database is already closed (to disable automatic closing at VM shutdown, add ";DB_CLOSE_ON_EXIT=FALSE" to the db URL) [90121-232]
2026-02-12 23:37:01 INFO  [] com.zaxxer.hikari.HikariDataSource - HikariPool-17 - Shutdown initiated...
2026-02-12 23:37:01 INFO  [] com.zaxxer.hikari.HikariDataSource - HikariPool-17 - Shutdown completed.
2026-02-12 23:37:01 INFO  [] c.s.snatchmart.SnatchMartApplication - Starting SnatchMartApplication using Java 21.0.9 with PID 83953 (/Users/pulkitgiddu/Documents/Code/Backend/snatchMart/target/classes started by pulkitgiddu in /Users/pulkitgiddu/Documents/Code/Backend/snatchMart)
2026-02-12 23:37:01 DEBUG [] c.s.snatchmart.SnatchMartApplication - Running with Spring Boot v3.5.6, Spring v6.2.11
2026-02-12 23:37:01 INFO  [] c.s.snatchmart.SnatchMartApplication - The following 1 profile is active: "local"
2026-02-12 23:37:01 INFO  [] o.s.d.r.c.RepositoryConfigurationDelegate - Multiple Spring Data modules found, entering strict repository configuration mode
2026-02-12 23:37:01 INFO  [] o.s.d.r.c.RepositoryConfigurationDelegate - Bootstrapping Spring Data JPA repositories in DEFAULT mode.
2026-02-12 23:37:01 INFO  [] o.s.d.r.c.RepositoryConfigurationDelegate - Finished Spring Data repository scanning in 8 ms. Found 12 JPA repository interfaces.
2026-02-12 23:37:02 INFO  [] o.s.b.w.e.tomcat.TomcatWebServer - Tomcat initialized with port 8081 (http)
2026-02-12 23:37:02 INFO  [] o.a.coyote.http11.Http11NioProtocol - Initializing ProtocolHandler ["http-nio-0.0.0.0-8081"]
2026-02-12 23:37:02 INFO  [] o.a.catalina.core.StandardService - Starting service [Tomcat]
2026-02-12 23:37:02 INFO  [] o.a.catalina.core.StandardEngine - Starting Servlet engine: [Apache Tomcat/10.1.46]
2026-02-12 23:37:02 INFO  [] o.a.c.c.C.[Tomcat].[localhost].[/] - Initializing Spring embedded WebApplicationContext
2026-02-12 23:37:02 INFO  [] o.s.b.w.s.c.ServletWebServerApplicationContext - Root WebApplicationContext: initialization completed in 121 ms
2026-02-12 23:37:02 INFO  [] o.h.jpa.internal.util.LogHelper - HHH000204: Processing PersistenceUnitInfo [name: default]
2026-02-12 23:37:02 INFO  [] o.h.c.i.RegionFactoryInitiator - HHH000026: Second-level cache disabled
2026-02-12 23:37:02 INFO  [] o.s.o.j.p.SpringPersistenceUnitInfo - No LoadTimeWeaver setup: ignoring JPA class transformer
2026-02-12 23:37:02 INFO  [] com.zaxxer.hikari.HikariDataSource - HikariPool-18 - Starting...
2026-02-12 23:37:02 INFO  [] com.zaxxer.hikari.pool.HikariPool - HikariPool-18 - Added connection conn170: url=jdbc:h2:mem:snatchmart user=SA
2026-02-12 23:37:02 INFO  [] com.zaxxer.hikari.HikariDataSource - HikariPool-18 - Start completed.
2026-02-12 23:37:02 WARN  [] org.hibernate.orm.deprecation - HHH90000025: H2Dialect does not need to be specified explicitly using 'hibernate.dialect' (remove the property setting and it will be selected by default)
2026-02-12 23:37:02 INFO  [] o.hibernate.orm.connections.pooling - HHH10001005: Database info:
	Database JDBC URL [Connecting through datasource 'HikariDataSource (HikariPool-18)']
	Database driver: undefined/unknown
	Database version: 2.3.232
	Autocommit mode: undefined/unknown
	Isolation level: undefined/unknown
	Minimum pool size: undefined/unknown
	Maximum pool size: undefined/unknown
2026-02-12 23:37:02 INFO  [] o.h.e.t.j.p.i.JtaPlatformInitiator - HHH000489: No JTA platform available (set 'hibernate.transaction.jta.platform' to enable JTA platform integration)
2026-02-12 23:37:02 INFO  [] o.s.o.j.LocalContainerEntityManagerFactoryBean - Initialized JPA EntityManagerFactory for persistence unit 'default'
2026-02-12 23:37:02 DEBUG [] c.s.s.s.JwtAuthenticationFilter - Filter 'jwtAuthenticationFilter' configured for use
2026-02-12 23:37:02 INFO  [] o.s.s.c.a.a.c.InitializeAuthenticationProviderBeanManagerConfigurer$InitializeAuthenticationProviderManagerConfigurer - Global AuthenticationManager configured with AuthenticationProvider bean with name authenticationProvider
2026-02-12 23:37:02 WARN  [] o.s.s.c.a.a.c.InitializeUserDetailsBeanManagerConfigurer$InitializeUserDetailsManagerConfigurer - Global AuthenticationManager configured with an AuthenticationProvider bean. UserDetailsService beans will not be used by Spring Security for automatically configuring username/password login. Consider removing the AuthenticationProvider bean. Alternatively, consider using the UserDetailsService in a manually instantiated DaoAuthenticationProvider. If the current configuration is intentional, to turn off this warning, increase the logging level of 'org.springframework.security.config.annotation.authentication.configuration.InitializeUserDetailsBeanManagerConfigurer' to ERROR
2026-02-12 23:37:02 WARN  [] o.s.b.a.o.j.JpaBaseConfiguration$JpaWebConfiguration - spring.jpa.open-in-view is enabled by default. Therefore, database queries may be performed during view rendering. Explicitly configure spring.jpa.open-in-view to disable this warning
2026-02-12 23:37:02 INFO  [] o.s.b.a.h.H2ConsoleAutoConfiguration - H2 console available at '/h2-console'. Database available at 'jdbc:h2:mem:snatchmart'
2026-02-12 23:37:02 INFO  [] o.s.b.d.a.OptionalLiveReloadServer - LiveReload server is running on port 35729
2026-02-12 23:37:02 INFO  [] o.a.coyote.http11.Http11NioProtocol - Starting ProtocolHandler ["http-nio-0.0.0.0-8081"]
2026-02-12 23:37:02 INFO  [] o.s.b.w.e.tomcat.TomcatWebServer - Tomcat started on port 8081 (http) with context path '/'
2026-02-12 23:37:02 INFO  [] c.s.s.scheduler.DealScheduler - Starting 30-min price sync job
2026-02-12 23:37:02 INFO  [] c.s.snatchmart.SnatchMartApplication - Started SnatchMartApplication in 0.446 seconds (process running for 418.051)
2026-02-12 23:37:02 INFO  [] c.s.s.s.s.AffiliateSyncServiceImpl - Synced 0 deals from amazon
2026-02-12 23:37:02 INFO  [] c.s.s.s.s.AffiliateSyncServiceImpl - Synced 0 deals from flipkart
2026-02-12 23:37:02 INFO  [] o.s.b.d.a.ConditionEvaluationDeltaLoggingListener - Condition evaluation unchanged
2026-02-12 23:40:06 INFO  [] o.a.c.c.C.[Tomcat].[localhost].[/] - Initializing Spring DispatcherServlet 'dispatcherServlet'
2026-02-12 23:40:06 INFO  [] o.s.web.servlet.DispatcherServlet - Initializing Servlet 'dispatcherServlet'
2026-02-12 23:40:06 INFO  [] o.s.web.servlet.DispatcherServlet - Completed initialization in 6 ms
2026-02-12 23:40:10 WARN  [] o.s.w.s.m.m.a.ExceptionHandlerExceptionResolver - Resolved [com.snatchmart.snatchmart.exception.UserNotFoundException: User not found with ID: 6bd79b89-2fa8-49e0-bcdb-a440936421a9]
2026-02-12 23:40:31 INFO  [] c.s.s.controller.AuthController - BACKEND received POST /api/v1/auth/login: email=pulkitgiddu09@gmail.com, password present=true
2026-02-12 23:40:31 INFO  [] c.s.s.s.serviceImpl.AuthServiceImpl - AuthService.login: email=pulkitgiddu09@gmail.com
2026-02-12 23:40:31 WARN  [] o.s.w.s.m.m.a.ExceptionHandlerExceptionResolver - Resolved [org.springframework.security.authentication.BadCredentialsException: Bad credentials]
2026-02-12 23:41:49 INFO  [] c.s.s.c.UserSignUpController - BACKEND received POST /api/v1/users (register): email_id=abc@gmail.com, username=pulkit09, first_name=Pulkit, last_name=giddu, password_hash present=true, referred_by_code=null
2026-02-12 23:41:49 INFO  [] c.s.s.s.serviceImpl.UserServiceImpl - UserService.createUser received: email_id=abc@gmail.com, username=pulkit09
2026-02-12 23:41:49 INFO  [] c.s.s.s.serviceImpl.UserServiceImpl - UserService.createUser saving to DB: emailId=abc@gmail.com, username=pulkit09
2026-02-12 23:41:49 INFO  [] c.s.s.s.serviceImpl.UserServiceImpl - UserService.createUser saved to DB: id=eea8eaad-702a-4bab-8bfc-76e9f3d16795, emailId=abc@gmail.com
2026-02-12 23:41:49 INFO  [] c.s.s.c.UserSignUpController - BACKEND createUser success: id=eea8eaad-702a-4bab-8bfc-76e9f3d16795, email_id=abc@gmail.com
2026-02-12 23:41:53 INFO  [] c.s.s.controller.AuthController - BACKEND received POST /api/v1/auth/login: email=abc@gmail.com, password present=true
2026-02-12 23:41:53 INFO  [] c.s.s.s.serviceImpl.AuthServiceImpl - AuthService.login: email=abc@gmail.com
2026-02-12 23:41:53 INFO  [] c.s.s.s.serviceImpl.AuthServiceImpl - AuthService.login user found and authenticated: id=eea8eaad-702a-4bab-8bfc-76e9f3d16795, email=abc@gmail.com
2026-02-12 23:41:53 INFO  [] c.s.s.controller.AuthController - BACKEND auth/login success: userId=eea8eaad-702a-4bab-8bfc-76e9f3d16795
2026-02-12 23:49:38 INFO  [] o.s.b.w.e.tomcat.GracefulShutdown - Commencing graceful shutdown. Waiting for active requests to complete
2026-02-12 23:49:38 INFO  [] o.s.b.w.e.tomcat.GracefulShutdown - Graceful shutdown complete
2026-02-12 23:49:38 INFO  [] o.s.o.j.LocalContainerEntityManagerFactoryBean - Closing JPA EntityManagerFactory for persistence unit 'default'
2026-02-12 23:49:38 WARN  [] o.s.b.f.s.DisposableBeanAdapter - Invocation of destroy method failed on bean with name 'inMemoryDatabaseShutdownExecutor': org.h2.jdbc.JdbcSQLNonTransientConnectionException: Database is already closed (to disable automatic closing at VM shutdown, add ";DB_CLOSE_ON_EXIT=FALSE" to the db URL) [90121-232]
2026-02-12 23:49:38 INFO  [] com.zaxxer.hikari.HikariDataSource - HikariPool-18 - Shutdown initiated...
2026-02-12 23:49:38 INFO  [] com.zaxxer.hikari.HikariDataSource - HikariPool-18 - Shutdown completed.
2026-02-12 23:49:47 INFO  [] o.h.validator.internal.util.Version - HV000001: Hibernate Validator 8.0.3.Final
2026-02-12 23:49:47 INFO  [] c.s.snatchmart.SnatchMartApplication - Starting SnatchMartApplication using Java 21.0.9 with PID 87477 (/Users/pulkitgiddu/Documents/Code/Backend/snatchMart/target/classes started by pulkitgiddu in /Users/pulkitgiddu/Documents/Code/Backend/snatchMart)
2026-02-12 23:49:47 DEBUG [] c.s.snatchmart.SnatchMartApplication - Running with Spring Boot v3.5.6, Spring v6.2.11
2026-02-12 23:49:47 INFO  [] c.s.snatchmart.SnatchMartApplication - The following 1 profile is active: "local"
2026-02-12 23:49:47 INFO  [] o.s.b.d.e.DevToolsPropertyDefaultsPostProcessor - Devtools property defaults active! Set 'spring.devtools.add-properties' to 'false' to disable
2026-02-12 23:49:47 INFO  [] o.s.b.d.e.DevToolsPropertyDefaultsPostProcessor - For additional web related logging consider setting the 'logging.level.web' property to 'DEBUG'
2026-02-12 23:49:47 INFO  [] o.s.d.r.c.RepositoryConfigurationDelegate - Multiple Spring Data modules found, entering strict repository configuration mode
2026-02-12 23:49:47 INFO  [] o.s.d.r.c.RepositoryConfigurationDelegate - Bootstrapping Spring Data JPA repositories in DEFAULT mode.
2026-02-12 23:49:47 INFO  [] o.s.d.r.c.RepositoryConfigurationDelegate - Finished Spring Data repository scanning in 56 ms. Found 12 JPA repository interfaces.
2026-02-12 23:49:47 INFO  [] o.s.b.w.e.tomcat.TomcatWebServer - Tomcat initialized with port 8081 (http)
2026-02-12 23:49:47 INFO  [] o.a.coyote.http11.Http11NioProtocol - Initializing ProtocolHandler ["http-nio-0.0.0.0-8081"]
2026-02-12 23:49:47 INFO  [] o.a.catalina.core.StandardService - Starting service [Tomcat]
2026-02-12 23:49:47 INFO  [] o.a.catalina.core.StandardEngine - Starting Servlet engine: [Apache Tomcat/10.1.46]
2026-02-12 23:49:47 INFO  [] o.a.c.c.C.[Tomcat].[localhost].[/] - Initializing Spring embedded WebApplicationContext
2026-02-12 23:49:47 INFO  [] o.s.b.w.s.c.ServletWebServerApplicationContext - Root WebApplicationContext: initialization completed in 591 ms
2026-02-12 23:49:48 INFO  [] o.h.jpa.internal.util.LogHelper - HHH000204: Processing PersistenceUnitInfo [name: default]
2026-02-12 23:49:48 INFO  [] org.hibernate.Version - HHH000412: Hibernate ORM core version 6.6.29.Final
2026-02-12 23:49:48 INFO  [] o.h.c.i.RegionFactoryInitiator - HHH000026: Second-level cache disabled
2026-02-12 23:49:48 INFO  [] o.s.o.j.p.SpringPersistenceUnitInfo - No LoadTimeWeaver setup: ignoring JPA class transformer
2026-02-12 23:49:48 INFO  [] com.zaxxer.hikari.HikariDataSource - HikariPool-1 - Starting...
2026-02-12 23:49:48 INFO  [] com.zaxxer.hikari.pool.HikariPool - HikariPool-1 - Added connection conn0: url=jdbc:h2:mem:snatchmart user=SA
2026-02-12 23:49:48 INFO  [] com.zaxxer.hikari.HikariDataSource - HikariPool-1 - Start completed.
2026-02-12 23:49:48 WARN  [] org.hibernate.orm.deprecation - HHH90000025: H2Dialect does not need to be specified explicitly using 'hibernate.dialect' (remove the property setting and it will be selected by default)
2026-02-12 23:49:48 INFO  [] o.hibernate.orm.connections.pooling - HHH10001005: Database info:
	Database JDBC URL [Connecting through datasource 'HikariDataSource (HikariPool-1)']
	Database driver: undefined/unknown
	Database version: 2.3.232
	Autocommit mode: undefined/unknown
	Isolation level: undefined/unknown
	Minimum pool size: undefined/unknown
	Maximum pool size: undefined/unknown
2026-02-12 23:49:48 INFO  [] o.h.e.t.j.p.i.JtaPlatformInitiator - HHH000489: No JTA platform available (set 'hibernate.transaction.jta.platform' to enable JTA platform integration)
2026-02-12 23:49:48 INFO  [] o.s.o.j.LocalContainerEntityManagerFactoryBean - Initialized JPA EntityManagerFactory for persistence unit 'default'
2026-02-12 23:49:48 INFO  [] o.s.d.j.r.query.QueryEnhancerFactory - Hibernate is in classpath; If applicable, HQL parser will be used.
2026-02-12 23:49:48 DEBUG [] c.s.s.s.JwtAuthenticationFilter - Filter 'jwtAuthenticationFilter' configured for use
2026-02-12 23:49:48 INFO  [] o.s.s.c.a.a.c.InitializeAuthenticationProviderBeanManagerConfigurer$InitializeAuthenticationProviderManagerConfigurer - Global AuthenticationManager configured with AuthenticationProvider bean with name authenticationProvider
2026-02-12 23:49:48 WARN  [] o.s.s.c.a.a.c.InitializeUserDetailsBeanManagerConfigurer$InitializeUserDetailsManagerConfigurer - Global AuthenticationManager configured with an AuthenticationProvider bean. UserDetailsService beans will not be used by Spring Security for automatically configuring username/password login. Consider removing the AuthenticationProvider bean. Alternatively, consider using the UserDetailsService in a manually instantiated DaoAuthenticationProvider. If the current configuration is intentional, to turn off this warning, increase the logging level of 'org.springframework.security.config.annotation.authentication.configuration.InitializeUserDetailsBeanManagerConfigurer' to ERROR
2026-02-12 23:49:49 WARN  [] o.s.b.a.o.j.JpaBaseConfiguration$JpaWebConfiguration - spring.jpa.open-in-view is enabled by default. Therefore, database queries may be performed during view rendering. Explicitly configure spring.jpa.open-in-view to disable this warning
2026-02-12 23:49:49 INFO  [] o.s.b.a.h.H2ConsoleAutoConfiguration - H2 console available at '/h2-console'. Database available at 'jdbc:h2:mem:snatchmart'
2026-02-12 23:49:49 INFO  [] o.s.b.d.a.OptionalLiveReloadServer - LiveReload server is running on port 35729
2026-02-12 23:49:49 INFO  [] o.a.coyote.http11.Http11NioProtocol - Starting ProtocolHandler ["http-nio-0.0.0.0-8081"]
2026-02-12 23:49:49 INFO  [] o.s.b.w.e.tomcat.TomcatWebServer - Tomcat started on port 8081 (http) with context path '/'
2026-02-12 23:49:49 INFO  [] c.s.snatchmart.SnatchMartApplication - Started SnatchMartApplication in 2.169 seconds (process running for 2.316)
2026-02-12 23:49:49 INFO  [] c.s.s.scheduler.DealScheduler - Starting 30-min price sync job
2026-02-12 23:49:49 INFO  [] c.s.s.s.s.AffiliateSyncServiceImpl - Synced 0 deals from amazon
2026-02-12 23:49:49 INFO  [] c.s.s.s.s.AffiliateSyncServiceImpl - Synced 0 deals from flipkart
2026-02-12 23:49:58 INFO  [] o.a.c.c.C.[Tomcat].[localhost].[/] - Initializing Spring DispatcherServlet 'dispatcherServlet'
2026-02-12 23:49:58 INFO  [] o.s.web.servlet.DispatcherServlet - Initializing Servlet 'dispatcherServlet'
2026-02-12 23:49:58 INFO  [] o.s.web.servlet.DispatcherServlet - Completed initialization in 1 ms
2026-02-12 23:50:38 INFO  [] c.s.s.c.UserSignUpController - BACKEND received POST /api/v1/users (register): email_id=krishna@gmail.com, username=krishna, first_name=krishna, last_name=sudan, password_hash present=true, referred_by_code=null
2026-02-12 23:50:38 INFO  [] c.s.s.s.serviceImpl.UserServiceImpl - UserService.createUser received: email_id=krishna@gmail.com, username=krishna
2026-02-12 23:50:38 INFO  [] c.s.s.s.serviceImpl.UserServiceImpl - UserService.createUser saving to DB: emailId=krishna@gmail.com, username=krishna
2026-02-12 23:50:38 INFO  [] c.s.s.s.serviceImpl.UserServiceImpl - UserService.createUser saved to DB: id=c510a1d6-694a-4cce-8cd1-4fcc37069a0f, emailId=krishna@gmail.com
2026-02-12 23:50:38 INFO  [] c.s.s.c.UserSignUpController - BACKEND createUser success: id=c510a1d6-694a-4cce-8cd1-4fcc37069a0f, email_id=krishna@gmail.com
2026-02-12 23:50:43 INFO  [] c.s.s.c.UserSignUpController - BACKEND received POST /api/v1/login: email_id=krishna@gmail.com, password present=true
2026-02-12 23:50:43 INFO  [] c.s.s.c.UserSignUpController - BACKEND login success: id=c510a1d6-694a-4cce-8cd1-4fcc37069a0f
2026-02-12 23:52:32 INFO  [] o.s.b.d.a.LocalDevToolsAutoConfiguration$RestartingClassPathChangeChangedEventListener - Restarting due to 1 class path change (0 additions, 0 deletions, 1 modification)
2026-02-12 23:52:32 INFO  [] o.s.b.w.e.tomcat.GracefulShutdown - Commencing graceful shutdown. Waiting for active requests to complete
2026-02-12 23:52:32 INFO  [] o.a.coyote.http11.Http11NioProtocol - Pausing ProtocolHandler ["http-nio-0.0.0.0-8081"]
2026-02-12 23:52:32 INFO  [] o.s.b.w.e.tomcat.GracefulShutdown - Graceful shutdown complete
2026-02-12 23:52:32 INFO  [] o.a.coyote.http11.Http11NioProtocol - Stopping ProtocolHandler ["http-nio-0.0.0.0-8081"]
2026-02-12 23:52:32 INFO  [] o.s.o.j.LocalContainerEntityManagerFactoryBean - Closing JPA EntityManagerFactory for persistence unit 'default'
2026-02-12 23:52:32 WARN  [] o.s.b.f.s.DisposableBeanAdapter - Invocation of destroy method failed on bean with name 'inMemoryDatabaseShutdownExecutor': org.h2.jdbc.JdbcSQLNonTransientConnectionException: Database is already closed (to disable automatic closing at VM shutdown, add ";DB_CLOSE_ON_EXIT=FALSE" to the db URL) [90121-232]
2026-02-12 23:52:32 INFO  [] com.zaxxer.hikari.HikariDataSource - HikariPool-1 - Shutdown initiated...
2026-02-12 23:52:32 INFO  [] com.zaxxer.hikari.HikariDataSource - HikariPool-1 - Shutdown completed.
2026-02-12 23:52:32 INFO  [] c.s.snatchmart.SnatchMartApplication - Starting SnatchMartApplication using Java 21.0.9 with PID 87477 (/Users/pulkitgiddu/Documents/Code/Backend/snatchMart/target/classes started by pulkitgiddu in /Users/pulkitgiddu/Documents/Code/Backend/snatchMart)
2026-02-12 23:52:32 DEBUG [] c.s.snatchmart.SnatchMartApplication - Running with Spring Boot v3.5.6, Spring v6.2.11
2026-02-12 23:52:32 INFO  [] c.s.snatchmart.SnatchMartApplication - The following 1 profile is active: "local"
2026-02-12 23:52:32 INFO  [] o.s.d.r.c.RepositoryConfigurationDelegate - Multiple Spring Data modules found, entering strict repository configuration mode
2026-02-12 23:52:32 INFO  [] o.s.d.r.c.RepositoryConfigurationDelegate - Bootstrapping Spring Data JPA repositories in DEFAULT mode.
2026-02-12 23:52:32 INFO  [] o.s.d.r.c.RepositoryConfigurationDelegate - Finished Spring Data repository scanning in 13 ms. Found 12 JPA repository interfaces.
2026-02-12 23:52:33 INFO  [] o.s.b.w.e.tomcat.TomcatWebServer - Tomcat initialized with port 8081 (http)
2026-02-12 23:52:33 INFO  [] o.a.coyote.http11.Http11NioProtocol - Initializing ProtocolHandler ["http-nio-0.0.0.0-8081"]
2026-02-12 23:52:33 INFO  [] o.a.catalina.core.StandardService - Starting service [Tomcat]
2026-02-12 23:52:33 INFO  [] o.a.catalina.core.StandardEngine - Starting Servlet engine: [Apache Tomcat/10.1.46]
2026-02-12 23:52:33 INFO  [] o.a.c.c.C.[Tomcat].[localhost].[/] - Initializing Spring embedded WebApplicationContext
2026-02-12 23:52:33 INFO  [] o.s.b.w.s.c.ServletWebServerApplicationContext - Root WebApplicationContext: initialization completed in 198 ms
2026-02-12 23:52:33 INFO  [] o.h.jpa.internal.util.LogHelper - HHH000204: Processing PersistenceUnitInfo [name: default]
2026-02-12 23:52:33 INFO  [] o.h.c.i.RegionFactoryInitiator - HHH000026: Second-level cache disabled
2026-02-12 23:52:33 INFO  [] o.s.o.j.p.SpringPersistenceUnitInfo - No LoadTimeWeaver setup: ignoring JPA class transformer
2026-02-12 23:52:33 INFO  [] com.zaxxer.hikari.HikariDataSource - HikariPool-2 - Starting...
2026-02-12 23:52:33 INFO  [] com.zaxxer.hikari.pool.HikariPool - HikariPool-2 - Added connection conn10: url=jdbc:h2:mem:snatchmart user=SA
2026-02-12 23:52:33 INFO  [] com.zaxxer.hikari.HikariDataSource - HikariPool-2 - Start completed.
2026-02-12 23:52:33 WARN  [] org.hibernate.orm.deprecation - HHH90000025: H2Dialect does not need to be specified explicitly using 'hibernate.dialect' (remove the property setting and it will be selected by default)
2026-02-12 23:52:33 INFO  [] o.hibernate.orm.connections.pooling - HHH10001005: Database info:
	Database JDBC URL [Connecting through datasource 'HikariDataSource (HikariPool-2)']
	Database driver: undefined/unknown
	Database version: 2.3.232
	Autocommit mode: undefined/unknown
	Isolation level: undefined/unknown
	Minimum pool size: undefined/unknown
	Maximum pool size: undefined/unknown
2026-02-12 23:52:33 INFO  [] o.h.e.t.j.p.i.JtaPlatformInitiator - HHH000489: No JTA platform available (set 'hibernate.transaction.jta.platform' to enable JTA platform integration)
2026-02-12 23:52:33 INFO  [] o.s.o.j.LocalContainerEntityManagerFactoryBean - Initialized JPA EntityManagerFactory for persistence unit 'default'
2026-02-12 23:52:33 DEBUG [] c.s.s.s.JwtAuthenticationFilter - Filter 'jwtAuthenticationFilter' configured for use
2026-02-12 23:52:33 INFO  [] o.s.s.c.a.a.c.InitializeAuthenticationProviderBeanManagerConfigurer$InitializeAuthenticationProviderManagerConfigurer - Global AuthenticationManager configured with AuthenticationProvider bean with name authenticationProvider
2026-02-12 23:52:33 WARN  [] o.s.s.c.a.a.c.InitializeUserDetailsBeanManagerConfigurer$InitializeUserDetailsManagerConfigurer - Global AuthenticationManager configured with an AuthenticationProvider bean. UserDetailsService beans will not be used by Spring Security for automatically configuring username/password login. Consider removing the AuthenticationProvider bean. Alternatively, consider using the UserDetailsService in a manually instantiated DaoAuthenticationProvider. If the current configuration is intentional, to turn off this warning, increase the logging level of 'org.springframework.security.config.annotation.authentication.configuration.InitializeUserDetailsBeanManagerConfigurer' to ERROR
2026-02-12 23:52:33 WARN  [] o.s.b.a.o.j.JpaBaseConfiguration$JpaWebConfiguration - spring.jpa.open-in-view is enabled by default. Therefore, database queries may be performed during view rendering. Explicitly configure spring.jpa.open-in-view to disable this warning
2026-02-12 23:52:33 INFO  [] o.s.b.a.h.H2ConsoleAutoConfiguration - H2 console available at '/h2-console'. Database available at 'jdbc:h2:mem:snatchmart'
2026-02-12 23:52:33 INFO  [] o.s.b.d.a.OptionalLiveReloadServer - LiveReload server is running on port 35729
2026-02-12 23:52:33 INFO  [] o.a.coyote.http11.Http11NioProtocol - Starting ProtocolHandler ["http-nio-0.0.0.0-8081"]
2026-02-12 23:52:33 INFO  [] o.s.b.w.e.tomcat.TomcatWebServer - Tomcat started on port 8081 (http) with context path '/'
2026-02-12 23:52:33 INFO  [] c.s.s.scheduler.DealScheduler - Starting 30-min price sync job
2026-02-12 23:52:33 INFO  [] c.s.snatchmart.SnatchMartApplication - Started SnatchMartApplication in 0.644 seconds (process running for 166.469)
2026-02-12 23:52:33 INFO  [] c.s.s.s.s.AffiliateSyncServiceImpl - Synced 0 deals from amazon
2026-02-12 23:52:33 INFO  [] c.s.s.s.s.AffiliateSyncServiceImpl - Synced 0 deals from flipkart
2026-02-12 23:52:33 INFO  [] o.s.b.d.a.ConditionEvaluationDeltaLoggingListener - Condition evaluation unchanged
2026-02-12 23:52:40 INFO  [] o.s.b.d.a.LocalDevToolsAutoConfiguration$RestartingClassPathChangeChangedEventListener - Restarting due to 1 class path change (0 additions, 0 deletions, 1 modification)
2026-02-12 23:52:40 INFO  [] o.s.b.w.e.tomcat.GracefulShutdown - Commencing graceful shutdown. Waiting for active requests to complete
2026-02-12 23:52:40 INFO  [] o.a.coyote.http11.Http11NioProtocol - Pausing ProtocolHandler ["http-nio-0.0.0.0-8081"]
2026-02-12 23:52:40 INFO  [] o.s.b.w.e.tomcat.GracefulShutdown - Graceful shutdown complete
2026-02-12 23:52:40 INFO  [] o.a.coyote.http11.Http11NioProtocol - Stopping ProtocolHandler ["http-nio-0.0.0.0-8081"]
2026-02-12 23:52:40 INFO  [] o.s.o.j.LocalContainerEntityManagerFactoryBean - Closing JPA EntityManagerFactory for persistence unit 'default'
2026-02-12 23:52:40 WARN  [] o.s.b.f.s.DisposableBeanAdapter - Invocation of destroy method failed on bean with name 'inMemoryDatabaseShutdownExecutor': org.h2.jdbc.JdbcSQLNonTransientConnectionException: Database is already closed (to disable automatic closing at VM shutdown, add ";DB_CLOSE_ON_EXIT=FALSE" to the db URL) [90121-232]
2026-02-12 23:52:40 INFO  [] com.zaxxer.hikari.HikariDataSource - HikariPool-2 - Shutdown initiated...
2026-02-12 23:52:40 INFO  [] com.zaxxer.hikari.HikariDataSource - HikariPool-2 - Shutdown completed.
2026-02-12 23:52:41 INFO  [] c.s.snatchmart.SnatchMartApplication - Starting SnatchMartApplication using Java 21.0.9 with PID 87477 (/Users/pulkitgiddu/Documents/Code/Backend/snatchMart/target/classes started by pulkitgiddu in /Users/pulkitgiddu/Documents/Code/Backend/snatchMart)
2026-02-12 23:52:41 DEBUG [] c.s.snatchmart.SnatchMartApplication - Running with Spring Boot v3.5.6, Spring v6.2.11
2026-02-12 23:52:41 INFO  [] c.s.snatchmart.SnatchMartApplication - The following 1 profile is active: "local"
2026-02-12 23:52:41 INFO  [] o.s.d.r.c.RepositoryConfigurationDelegate - Multiple Spring Data modules found, entering strict repository configuration mode
2026-02-12 23:52:41 INFO  [] o.s.d.r.c.RepositoryConfigurationDelegate - Bootstrapping Spring Data JPA repositories in DEFAULT mode.
2026-02-12 23:52:41 INFO  [] o.s.d.r.c.RepositoryConfigurationDelegate - Finished Spring Data repository scanning in 9 ms. Found 12 JPA repository interfaces.
2026-02-12 23:52:41 INFO  [] o.s.b.w.e.tomcat.TomcatWebServer - Tomcat initialized with port 8081 (http)
2026-02-12 23:52:41 INFO  [] o.a.coyote.http11.Http11NioProtocol - Initializing ProtocolHandler ["http-nio-0.0.0.0-8081"]
2026-02-12 23:52:41 INFO  [] o.a.catalina.core.StandardService - Starting service [Tomcat]
2026-02-12 23:52:41 INFO  [] o.a.catalina.core.StandardEngine - Starting Servlet engine: [Apache Tomcat/10.1.46]
2026-02-12 23:52:41 INFO  [] o.a.c.c.C.[Tomcat].[localhost].[/] - Initializing Spring embedded WebApplicationContext
2026-02-12 23:52:41 INFO  [] o.s.b.w.s.c.ServletWebServerApplicationContext - Root WebApplicationContext: initialization completed in 162 ms
2026-02-12 23:52:41 INFO  [] o.h.jpa.internal.util.LogHelper - HHH000204: Processing PersistenceUnitInfo [name: default]
2026-02-12 23:52:41 INFO  [] o.h.c.i.RegionFactoryInitiator - HHH000026: Second-level cache disabled
2026-02-12 23:52:41 INFO  [] o.s.o.j.p.SpringPersistenceUnitInfo - No LoadTimeWeaver setup: ignoring JPA class transformer
2026-02-12 23:52:41 INFO  [] com.zaxxer.hikari.HikariDataSource - HikariPool-3 - Starting...
2026-02-12 23:52:41 INFO  [] com.zaxxer.hikari.pool.HikariPool - HikariPool-3 - Added connection conn20: url=jdbc:h2:mem:snatchmart user=SA
2026-02-12 23:52:41 INFO  [] com.zaxxer.hikari.HikariDataSource - HikariPool-3 - Start completed.
2026-02-12 23:52:41 WARN  [] org.hibernate.orm.deprecation - HHH90000025: H2Dialect does not need to be specified explicitly using 'hibernate.dialect' (remove the property setting and it will be selected by default)
2026-02-12 23:52:41 INFO  [] o.hibernate.orm.connections.pooling - HHH10001005: Database info:
	Database JDBC URL [Connecting through datasource 'HikariDataSource (HikariPool-3)']
	Database driver: undefined/unknown
	Database version: 2.3.232
	Autocommit mode: undefined/unknown
	Isolation level: undefined/unknown
	Minimum pool size: undefined/unknown
	Maximum pool size: undefined/unknown
2026-02-12 23:52:41 INFO  [] o.h.e.t.j.p.i.JtaPlatformInitiator - HHH000489: No JTA platform available (set 'hibernate.transaction.jta.platform' to enable JTA platform integration)
2026-02-12 23:52:41 INFO  [] o.s.o.j.LocalContainerEntityManagerFactoryBean - Initialized JPA EntityManagerFactory for persistence unit 'default'
2026-02-12 23:52:41 DEBUG [] c.s.s.s.JwtAuthenticationFilter - Filter 'jwtAuthenticationFilter' configured for use
2026-02-12 23:52:41 INFO  [] o.s.s.c.a.a.c.InitializeAuthenticationProviderBeanManagerConfigurer$InitializeAuthenticationProviderManagerConfigurer - Global AuthenticationManager configured with AuthenticationProvider bean with name authenticationProvider
2026-02-12 23:52:41 WARN  [] o.s.s.c.a.a.c.InitializeUserDetailsBeanManagerConfigurer$InitializeUserDetailsManagerConfigurer - Global AuthenticationManager configured with an AuthenticationProvider bean. UserDetailsService beans will not be used by Spring Security for automatically configuring username/password login. Consider removing the AuthenticationProvider bean. Alternatively, consider using the UserDetailsService in a manually instantiated DaoAuthenticationProvider. If the current configuration is intentional, to turn off this warning, increase the logging level of 'org.springframework.security.config.annotation.authentication.configuration.InitializeUserDetailsBeanManagerConfigurer' to ERROR
2026-02-12 23:52:41 WARN  [] o.s.b.a.o.j.JpaBaseConfiguration$JpaWebConfiguration - spring.jpa.open-in-view is enabled by default. Therefore, database queries may be performed during view rendering. Explicitly configure spring.jpa.open-in-view to disable this warning
2026-02-12 23:52:41 INFO  [] o.s.b.a.h.H2ConsoleAutoConfiguration - H2 console available at '/h2-console'. Database available at 'jdbc:h2:mem:snatchmart'
2026-02-12 23:52:41 INFO  [] o.s.b.d.a.OptionalLiveReloadServer - LiveReload server is running on port 35729
2026-02-12 23:52:41 INFO  [] o.a.coyote.http11.Http11NioProtocol - Starting ProtocolHandler ["http-nio-0.0.0.0-8081"]
2026-02-12 23:52:41 INFO  [] o.s.b.w.e.tomcat.TomcatWebServer - Tomcat started on port 8081 (http) with context path '/'
2026-02-12 23:52:41 INFO  [] c.s.s.scheduler.DealScheduler - Starting 30-min price sync job
2026-02-12 23:52:41 INFO  [] c.s.snatchmart.SnatchMartApplication - Started SnatchMartApplication in 0.605 seconds (process running for 174.584)
2026-02-12 23:52:41 INFO  [] c.s.s.s.s.AffiliateSyncServiceImpl - Synced 0 deals from amazon
2026-02-12 23:52:41 INFO  [] c.s.s.s.s.AffiliateSyncServiceImpl - Synced 0 deals from flipkart
2026-02-12 23:52:41 INFO  [] o.s.b.d.a.ConditionEvaluationDeltaLoggingListener - Condition evaluation unchanged
2026-02-12 23:53:29 INFO  [] o.a.c.c.C.[Tomcat].[localhost].[/] - Initializing Spring DispatcherServlet 'dispatcherServlet'
2026-02-12 23:53:29 INFO  [] o.s.web.servlet.DispatcherServlet - Initializing Servlet 'dispatcherServlet'
2026-02-12 23:53:29 INFO  [] o.s.web.servlet.DispatcherServlet - Completed initialization in 2 ms
2026-02-12 23:53:29 WARN  [] o.s.w.s.m.m.a.ExceptionHandlerExceptionResolver - Resolved [org.springframework.web.servlet.resource.NoResourceFoundException: No static resource favicon.ico.]
2026-02-12 23:53:53 INFO  [] o.s.b.w.e.tomcat.GracefulShutdown - Commencing graceful shutdown. Waiting for active requests to complete
2026-02-12 23:53:53 INFO  [] o.s.b.w.e.tomcat.GracefulShutdown - Graceful shutdown complete
2026-02-12 23:53:53 INFO  [] o.s.o.j.LocalContainerEntityManagerFactoryBean - Closing JPA EntityManagerFactory for persistence unit 'default'
2026-02-12 23:53:53 WARN  [] o.s.b.f.s.DisposableBeanAdapter - Invocation of destroy method failed on bean with name 'inMemoryDatabaseShutdownExecutor': org.h2.jdbc.JdbcSQLNonTransientConnectionException: Database is already closed (to disable automatic closing at VM shutdown, add ";DB_CLOSE_ON_EXIT=FALSE" to the db URL) [90121-232]
2026-02-12 23:53:53 INFO  [] com.zaxxer.hikari.HikariDataSource - HikariPool-3 - Shutdown initiated...
2026-02-12 23:53:53 INFO  [] com.zaxxer.hikari.HikariDataSource - HikariPool-3 - Shutdown completed.
2026-02-12 23:53:58 INFO  [] o.h.validator.internal.util.Version - HV000001: Hibernate Validator 8.0.3.Final
2026-02-12 23:53:58 INFO  [] c.s.snatchmart.SnatchMartApplication - Starting SnatchMartApplication using Java 21.0.9 with PID 88202 (/Users/pulkitgiddu/Documents/Code/Backend/snatchMart/target/classes started by pulkitgiddu in /Users/pulkitgiddu/Documents/Code/Backend/snatchMart)
2026-02-12 23:53:58 DEBUG [] c.s.snatchmart.SnatchMartApplication - Running with Spring Boot v3.5.6, Spring v6.2.11
2026-02-12 23:53:58 INFO  [] c.s.snatchmart.SnatchMartApplication - The following 1 profile is active: "local"
2026-02-12 23:53:58 INFO  [] o.s.b.d.e.DevToolsPropertyDefaultsPostProcessor - Devtools property defaults active! Set 'spring.devtools.add-properties' to 'false' to disable
2026-02-12 23:53:58 INFO  [] o.s.b.d.e.DevToolsPropertyDefaultsPostProcessor - For additional web related logging consider setting the 'logging.level.web' property to 'DEBUG'
2026-02-12 23:53:58 INFO  [] o.s.d.r.c.RepositoryConfigurationDelegate - Multiple Spring Data modules found, entering strict repository configuration mode
2026-02-12 23:53:58 INFO  [] o.s.d.r.c.RepositoryConfigurationDelegate - Bootstrapping Spring Data JPA repositories in DEFAULT mode.
2026-02-12 23:53:58 INFO  [] o.s.d.r.c.RepositoryConfigurationDelegate - Finished Spring Data repository scanning in 54 ms. Found 12 JPA repository interfaces.
2026-02-12 23:53:59 INFO  [] o.s.b.w.e.tomcat.TomcatWebServer - Tomcat initialized with port 8081 (http)
2026-02-12 23:53:59 INFO  [] o.a.coyote.http11.Http11NioProtocol - Initializing ProtocolHandler ["http-nio-0.0.0.0-8081"]
2026-02-12 23:53:59 INFO  [] o.a.catalina.core.StandardService - Starting service [Tomcat]
2026-02-12 23:53:59 INFO  [] o.a.catalina.core.StandardEngine - Starting Servlet engine: [Apache Tomcat/10.1.46]
2026-02-12 23:53:59 INFO  [] o.a.c.c.C.[Tomcat].[localhost].[/] - Initializing Spring embedded WebApplicationContext
2026-02-12 23:53:59 INFO  [] o.s.b.w.s.c.ServletWebServerApplicationContext - Root WebApplicationContext: initialization completed in 556 ms
2026-02-12 23:53:59 INFO  [] o.h.jpa.internal.util.LogHelper - HHH000204: Processing PersistenceUnitInfo [name: default]
2026-02-12 23:53:59 INFO  [] org.hibernate.Version - HHH000412: Hibernate ORM core version 6.6.29.Final
2026-02-12 23:53:59 INFO  [] o.h.c.i.RegionFactoryInitiator - HHH000026: Second-level cache disabled
2026-02-12 23:53:59 INFO  [] o.s.o.j.p.SpringPersistenceUnitInfo - No LoadTimeWeaver setup: ignoring JPA class transformer
2026-02-12 23:53:59 INFO  [] com.zaxxer.hikari.HikariDataSource - HikariPool-1 - Starting...
2026-02-12 23:53:59 INFO  [] com.zaxxer.hikari.pool.HikariPool - HikariPool-1 - Added connection conn0: url=jdbc:h2:mem:snatchmart user=SA
2026-02-12 23:53:59 INFO  [] com.zaxxer.hikari.HikariDataSource - HikariPool-1 - Start completed.
2026-02-12 23:53:59 WARN  [] org.hibernate.orm.deprecation - HHH90000025: H2Dialect does not need to be specified explicitly using 'hibernate.dialect' (remove the property setting and it will be selected by default)
2026-02-12 23:53:59 INFO  [] o.hibernate.orm.connections.pooling - HHH10001005: Database info:
	Database JDBC URL [Connecting through datasource 'HikariDataSource (HikariPool-1)']
	Database driver: undefined/unknown
	Database version: 2.3.232
	Autocommit mode: undefined/unknown
	Isolation level: undefined/unknown
	Minimum pool size: undefined/unknown
	Maximum pool size: undefined/unknown
2026-02-12 23:53:59 INFO  [] o.h.e.t.j.p.i.JtaPlatformInitiator - HHH000489: No JTA platform available (set 'hibernate.transaction.jta.platform' to enable JTA platform integration)
2026-02-12 23:53:59 INFO  [] o.s.o.j.LocalContainerEntityManagerFactoryBean - Initialized JPA EntityManagerFactory for persistence unit 'default'
2026-02-12 23:53:59 INFO  [] o.s.d.j.r.query.QueryEnhancerFactory - Hibernate is in classpath; If applicable, HQL parser will be used.
2026-02-12 23:54:00 DEBUG [] c.s.s.s.JwtAuthenticationFilter - Filter 'jwtAuthenticationFilter' configured for use
2026-02-12 23:54:00 INFO  [] o.s.s.c.a.a.c.InitializeAuthenticationProviderBeanManagerConfigurer$InitializeAuthenticationProviderManagerConfigurer - Global AuthenticationManager configured with AuthenticationProvider bean with name authenticationProvider
2026-02-12 23:54:00 WARN  [] o.s.s.c.a.a.c.InitializeUserDetailsBeanManagerConfigurer$InitializeUserDetailsManagerConfigurer - Global AuthenticationManager configured with an AuthenticationProvider bean. UserDetailsService beans will not be used by Spring Security for automatically configuring username/password login. Consider removing the AuthenticationProvider bean. Alternatively, consider using the UserDetailsService in a manually instantiated DaoAuthenticationProvider. If the current configuration is intentional, to turn off this warning, increase the logging level of 'org.springframework.security.config.annotation.authentication.configuration.InitializeUserDetailsBeanManagerConfigurer' to ERROR
2026-02-12 23:54:00 WARN  [] o.s.b.a.o.j.JpaBaseConfiguration$JpaWebConfiguration - spring.jpa.open-in-view is enabled by default. Therefore, database queries may be performed during view rendering. Explicitly configure spring.jpa.open-in-view to disable this warning
2026-02-12 23:54:00 INFO  [] o.s.b.a.h.H2ConsoleAutoConfiguration - H2 console available at '/h2-console'. Database available at 'jdbc:h2:mem:snatchmart'
2026-02-12 23:54:00 INFO  [] o.s.b.d.a.OptionalLiveReloadServer - LiveReload server is running on port 35729
2026-02-12 23:54:00 INFO  [] o.a.coyote.http11.Http11NioProtocol - Starting ProtocolHandler ["http-nio-0.0.0.0-8081"]
2026-02-12 23:54:00 INFO  [] o.s.b.w.e.tomcat.TomcatWebServer - Tomcat started on port 8081 (http) with context path '/'
2026-02-12 23:54:00 INFO  [] c.s.snatchmart.SnatchMartApplication - Started SnatchMartApplication in 2.084 seconds (process running for 2.212)
2026-02-12 23:54:00 INFO  [] c.s.s.scheduler.DealScheduler - Starting 30-min price sync job
2026-02-12 23:54:00 INFO  [] c.s.s.s.s.AffiliateSyncServiceImpl - Synced 0 deals from amazon
2026-02-12 23:54:00 INFO  [] c.s.s.s.s.AffiliateSyncServiceImpl - Synced 0 deals from flipkart
2026-02-12 23:54:33 INFO  [] o.a.c.c.C.[Tomcat].[localhost].[/] - Initializing Spring DispatcherServlet 'dispatcherServlet'
2026-02-12 23:54:33 INFO  [] o.s.web.servlet.DispatcherServlet - Initializing Servlet 'dispatcherServlet'
2026-02-12 23:54:33 INFO  [] o.s.web.servlet.DispatcherServlet - Completed initialization in 1 ms
2026-02-12 23:54:33 WARN  [] o.s.w.s.m.m.a.ExceptionHandlerExceptionResolver - Resolved [org.springframework.web.servlet.resource.NoResourceFoundException: No static resource favicon.ico.]
2026-02-12 23:54:54 WARN  [] o.s.w.s.m.m.a.ExceptionHandlerExceptionResolver - Resolved [org.springframework.web.servlet.resource.NoResourceFoundException: No static resource favicon.ico.]
2026-02-12 23:55:41 WARN  [] o.s.w.s.m.m.a.ExceptionHandlerExceptionResolver - Resolved [org.springframework.web.servlet.resource.NoResourceFoundException: No static resource favicon.ico.]
2026-02-12 23:55:45 WARN  [] o.s.w.s.m.m.a.ExceptionHandlerExceptionResolver - Resolved [com.snatchmart.snatchmart.exception.UserNotFoundException: User not found with ID: c510a1d6-694a-4cce-8cd1-4fcc37069a0f]
2026-02-12 23:56:13 INFO  [] c.s.s.c.UserSignUpController - BACKEND received POST /api/v1/users (register): email_id=krishna@gmail.com, username=krish, first_name=krish, last_name=krish, password_hash present=true, referred_by_code=null
2026-02-12 23:56:13 INFO  [] c.s.s.s.serviceImpl.UserServiceImpl - UserService.createUser received: email_id=krishna@gmail.com, username=krish
2026-02-12 23:56:13 INFO  [] c.s.s.s.serviceImpl.UserServiceImpl - UserService.createUser saving to DB: emailId=krishna@gmail.com, username=krish
2026-02-12 23:56:13 INFO  [] c.s.s.s.serviceImpl.UserServiceImpl - UserService.createUser saved to DB: id=535477f9-cf1b-48ce-977d-a0164ea2c358, emailId=krishna@gmail.com
2026-02-12 23:56:13 INFO  [] c.s.s.c.UserSignUpController - BACKEND createUser success: id=535477f9-cf1b-48ce-977d-a0164ea2c358, email_id=krishna@gmail.com
2026-02-12 23:56:13 INFO  [] c.s.s.c.UserSignUpController - BACKEND received POST /api/v1/login: email_id=krishna@gmail.com, password present=true
2026-02-12 23:56:14 INFO  [] c.s.s.c.UserSignUpController - BACKEND login success: id=535477f9-cf1b-48ce-977d-a0164ea2c358
2026-02-12 23:58:59 INFO  [] o.s.b.d.a.LocalDevToolsAutoConfiguration$RestartingClassPathChangeChangedEventListener - Restarting due to 1 class path change (0 additions, 0 deletions, 1 modification)
2026-02-12 23:58:59 INFO  [] o.s.b.w.e.tomcat.GracefulShutdown - Commencing graceful shutdown. Waiting for active requests to complete
2026-02-12 23:58:59 INFO  [] o.a.coyote.http11.Http11NioProtocol - Pausing ProtocolHandler ["http-nio-0.0.0.0-8081"]
2026-02-12 23:58:59 INFO  [] o.s.b.w.e.tomcat.GracefulShutdown - Graceful shutdown complete
2026-02-12 23:58:59 INFO  [] o.a.coyote.http11.Http11NioProtocol - Stopping ProtocolHandler ["http-nio-0.0.0.0-8081"]
2026-02-12 23:58:59 INFO  [] o.s.o.j.LocalContainerEntityManagerFactoryBean - Closing JPA EntityManagerFactory for persistence unit 'default'
2026-02-12 23:58:59 WARN  [] o.s.b.f.s.DisposableBeanAdapter - Invocation of destroy method failed on bean with name 'inMemoryDatabaseShutdownExecutor': org.h2.jdbc.JdbcSQLNonTransientConnectionException: Database is already closed (to disable automatic closing at VM shutdown, add ";DB_CLOSE_ON_EXIT=FALSE" to the db URL) [90121-232]
2026-02-12 23:58:59 INFO  [] com.zaxxer.hikari.HikariDataSource - HikariPool-1 - Shutdown initiated...
2026-02-12 23:58:59 INFO  [] com.zaxxer.hikari.HikariDataSource - HikariPool-1 - Shutdown completed.
2026-02-12 23:58:59 INFO  [] c.s.snatchmart.SnatchMartApplication - Starting SnatchMartApplication using Java 21.0.9 with PID 88202 (/Users/pulkitgiddu/Documents/Code/Backend/snatchMart/target/classes started by pulkitgiddu in /Users/pulkitgiddu/Documents/Code/Backend/snatchMart)
2026-02-12 23:58:59 DEBUG [] c.s.snatchmart.SnatchMartApplication - Running with Spring Boot v3.5.6, Spring v6.2.11
2026-02-12 23:58:59 INFO  [] c.s.snatchmart.SnatchMartApplication - The following 1 profile is active: "local"
2026-02-12 23:59:00 INFO  [] o.s.d.r.c.RepositoryConfigurationDelegate - Multiple Spring Data modules found, entering strict repository configuration mode
2026-02-12 23:59:00 INFO  [] o.s.d.r.c.RepositoryConfigurationDelegate - Bootstrapping Spring Data JPA repositories in DEFAULT mode.
2026-02-12 23:59:00 INFO  [] o.s.d.r.c.RepositoryConfigurationDelegate - Finished Spring Data repository scanning in 39 ms. Found 12 JPA repository interfaces.
2026-02-12 23:59:00 INFO  [] o.s.b.w.e.tomcat.TomcatWebServer - Tomcat initialized with port 8081 (http)
2026-02-12 23:59:00 INFO  [] o.a.coyote.http11.Http11NioProtocol - Initializing ProtocolHandler ["http-nio-0.0.0.0-8081"]
2026-02-12 23:59:00 INFO  [] o.a.catalina.core.StandardService - Starting service [Tomcat]
2026-02-12 23:59:00 INFO  [] o.a.catalina.core.StandardEngine - Starting Servlet engine: [Apache Tomcat/10.1.46]
2026-02-12 23:59:00 INFO  [] o.a.c.c.C.[Tomcat].[localhost].[/] - Initializing Spring embedded WebApplicationContext
2026-02-12 23:59:00 INFO  [] o.s.b.w.s.c.ServletWebServerApplicationContext - Root WebApplicationContext: initialization completed in 353 ms
2026-02-12 23:59:00 INFO  [] o.h.jpa.internal.util.LogHelper - HHH000204: Processing PersistenceUnitInfo [name: default]
2026-02-12 23:59:00 INFO  [] o.h.c.i.RegionFactoryInitiator - HHH000026: Second-level cache disabled
2026-02-12 23:59:00 INFO  [] o.s.o.j.p.SpringPersistenceUnitInfo - No LoadTimeWeaver setup: ignoring JPA class transformer
2026-02-12 23:59:00 INFO  [] com.zaxxer.hikari.HikariDataSource - HikariPool-2 - Starting...
2026-02-12 23:59:03 INFO  [] com.zaxxer.hikari.pool.HikariPool - HikariPool-2 - Added connection org.postgresql.jdbc.PgConnection@339d76ff
2026-02-12 23:59:03 INFO  [] com.zaxxer.hikari.HikariDataSource - HikariPool-2 - Start completed.
2026-02-12 23:59:03 WARN  [] org.hibernate.orm.deprecation - HHH90000025: PostgreSQLDialect does not need to be specified explicitly using 'hibernate.dialect' (remove the property setting and it will be selected by default)
2026-02-12 23:59:04 INFO  [] o.hibernate.orm.connections.pooling - HHH10001005: Database info:
	Database JDBC URL [Connecting through datasource 'HikariDataSource (HikariPool-2)']
	Database driver: undefined/unknown
	Database version: 17.7
	Autocommit mode: undefined/unknown
	Isolation level: undefined/unknown
	Minimum pool size: undefined/unknown
	Maximum pool size: undefined/unknown
2026-02-12 23:59:04 INFO  [] o.h.e.t.j.p.i.JtaPlatformInitiator - HHH000489: No JTA platform available (set 'hibernate.transaction.jta.platform' to enable JTA platform integration)
2026-02-12 23:59:26 INFO  [] o.s.o.j.LocalContainerEntityManagerFactoryBean - Initialized JPA EntityManagerFactory for persistence unit 'default'
2026-02-12 23:59:26 DEBUG [] c.s.s.s.JwtAuthenticationFilter - Filter 'jwtAuthenticationFilter' configured for use
2026-02-12 23:59:26 INFO  [] o.s.s.c.a.a.c.InitializeAuthenticationProviderBeanManagerConfigurer$InitializeAuthenticationProviderManagerConfigurer - Global AuthenticationManager configured with AuthenticationProvider bean with name authenticationProvider
2026-02-12 23:59:26 WARN  [] o.s.s.c.a.a.c.InitializeUserDetailsBeanManagerConfigurer$InitializeUserDetailsManagerConfigurer - Global AuthenticationManager configured with an AuthenticationProvider bean. UserDetailsService beans will not be used by Spring Security for automatically configuring username/password login. Consider removing the AuthenticationProvider bean. Alternatively, consider using the UserDetailsService in a manually instantiated DaoAuthenticationProvider. If the current configuration is intentional, to turn off this warning, increase the logging level of 'org.springframework.security.config.annotation.authentication.configuration.InitializeUserDetailsBeanManagerConfigurer' to ERROR
2026-02-12 23:59:26 WARN  [] o.s.b.a.o.j.JpaBaseConfiguration$JpaWebConfiguration - spring.jpa.open-in-view is enabled by default. Therefore, database queries may be performed during view rendering. Explicitly configure spring.jpa.open-in-view to disable this warning
2026-02-12 23:59:26 INFO  [] o.s.b.a.h.H2ConsoleAutoConfiguration - H2 console available at '/h2-console'. Database available at 'jdbc:postgresql://ep-blue-field-afvby5th-pooler.c-2.us-west-2.aws.neon.tech/neondb?sslmode=require'
2026-02-12 23:59:26 INFO  [] o.s.b.d.a.OptionalLiveReloadServer - LiveReload server is running on port 35729
2026-02-12 23:59:26 INFO  [] o.a.coyote.http11.Http11NioProtocol - Starting ProtocolHandler ["http-nio-0.0.0.0-8081"]
2026-02-12 23:59:26 INFO  [] o.s.b.w.e.tomcat.TomcatWebServer - Tomcat started on port 8081 (http) with context path '/'
2026-02-12 23:59:26 INFO  [] c.s.s.scheduler.DealScheduler - Starting 30-min price sync job
2026-02-12 23:59:26 INFO  [] c.s.snatchmart.SnatchMartApplication - Started SnatchMartApplication in 26.96 seconds (process running for 328.509)
2026-02-12 23:59:26 INFO  [] c.s.s.s.s.AffiliateSyncServiceImpl - Synced 0 deals from amazon
2026-02-12 23:59:26 INFO  [] c.s.s.s.s.AffiliateSyncServiceImpl - Synced 0 deals from flipkart
2026-02-12 23:59:26 INFO  [] o.s.b.d.a.ConditionEvaluationDeltaLoggingListener - Condition evaluation unchanged
2026-02-12 23:59:58 INFO  [] o.s.b.w.e.tomcat.GracefulShutdown - Commencing graceful shutdown. Waiting for active requests to complete
2026-02-12 23:59:58 INFO  [] o.s.b.w.e.tomcat.GracefulShutdown - Graceful shutdown complete
2026-02-12 23:59:58 INFO  [] o.s.o.j.LocalContainerEntityManagerFactoryBean - Closing JPA EntityManagerFactory for persistence unit 'default'
2026-02-12 23:59:58 INFO  [] com.zaxxer.hikari.HikariDataSource - HikariPool-2 - Shutdown initiated...
